run_id,timestamp,model_name,skill_name,ablation_id,sample_index,code_commit_hash,python_version,mcri_version,model_temperature,repetitions_planned,repetitions_completed,fail_count,pass_rate,avg_exec_time,score_l1_total,score_l1_1_syntax,score_l1_2_runtime,score_l2_total,score_l2_1_contract,score_l2_2_purity,avg_l3_total,avg_l3_1_internal,avg_l3_2_external,avg_l4_total,avg_l4_1_numeric,avg_l4_2_visual,avg_l4_3_artifacts,avg_complexity_math_ops,avg_complexity_inference_steps,avg_complexity_ast_nodes,avg_complexity_loop_depth,score_program_total,score_math_total,score_l5_architecture,avg_l4_4_mqi,avg_mcri_total,source_code_path,notes,batch_id,golden_prompt_path,prompt_hash,prompt_tokens,completion_tokens,total_tokens,latency_ms,healer_applied,healer_fix_count,healer_fixes_basic,healer_fixes_regex,healer_fixes_ast
0bfef0f2-40a0-4726-b4be-f00f24fc2564,2026-02-23T02:30:47.685289+00:00,gemini-3-flash,jh_數學2上_FourOperationsOfRadicals,1,0,,3.14.0,6.4,0.7,3,3,0,1.0,0.0,13.0,5.5,7.5,15.0,7.5,7.5,14.67,10.0,4.67,26.78,5.0,4.0,5.0,16.33,4.67,1148.0,2.0,38.5,41.44,10.5,4.78,79.94,E:\Python\MathProject_AST_Research\agent_tools\reports\jh_數學2上_FourOperationsOfRadicals\gen_code\temp_gen_f8b55087.py,"L1: AST 解析成功; 無危險函數(或已豁免); Import 白名單通過; 缺少 Docstring/TypeHint (-2.0); 全部成功 (平均 0.00s) | Perf: 90.37s | Tokens: In=586, Out=1453 | Fix: [Bare] | Fixes: Basic=0, Advanced=(Regex=0, AST=0) | Verify: Internal Logic Check = PENDING | GenRun:1",,,,586,1453,15497,90366,0,0,0,0,0
825ad8e5-d9ea-4d70-80df-4c067257354e,2026-02-23T10:45:58.156694,gemini-3-flash,jh_數學2上_FourOperationsOfRadicals,1,0,,,,0,1,0,1,0.0,0,0,0,0,0,0,0,0,0,0,0,0,0,0,0,0,0,0,0,0,0,0,0,,Exception: AI request timed out after 300 seconds,,,,0,0,0,0,0,0,0,0,0
3d9b50c6-192c-4267-95f9-04b227f2d053,2026-02-23T03:00:50.576629+00:00,gemini-3-flash,jh_數學2上_FourOperationsOfRadicals,1,0,,3.14.0,6.4,0.7,3,3,0,1.0,0.0,13.0,5.5,7.5,15.0,7.5,7.5,13.0,10.0,3.0,27.0,5.0,4.0,5.0,17.0,4.0,1086.0,2.0,38.5,40.0,10.5,5.0,78.5,E:\Python\MathProject_AST_Research\agent_tools\reports\jh_數學2上_FourOperationsOfRadicals\gen_code\temp_gen_1c8ff9d0.py,"L1: AST 解析成功; 無危險函數(或已豁免); Import 白名單通過; 缺少 Docstring/TypeHint (-2.0); 全部成功 (平均 0.00s) | Perf: 280.35s | Tokens: In=586, Out=1342 | Fix: [Bare] | Fixes: Basic=0, Advanced=(Regex=0, AST=0) | Verify: Internal Logic Check = PENDING | GenRun:3",,,,586,1342,64840,280348,0,0,0,0,0
0118c4d4-54a4-4495-9977-2017671ad945,2026-02-23T03:12:24.659711+00:00,gemini-3-flash,jh_數學2上_FourOperationsOfRadicals,1,0,,3.14.0,6.4,0.7,3,3,0,1.0,0.0,13.0,5.5,7.5,15.0,7.5,7.5,14.67,10.0,4.67,28.33,5.0,4.0,5.0,19.67,5.33,995.0,2.0,38.5,43.0,10.5,5.0,81.5,E:\Python\MathProject_AST_Research\agent_tools\reports\jh_數學2上_FourOperationsOfRadicals\gen_code\temp_gen_0fa9b1e5.py,"L1: AST 解析成功; 無危險函數(或已豁免); Import 白名單通過; 缺少 Docstring/TypeHint (-2.0); 全部成功 (平均 0.00s) | Perf: 81.58s | Tokens: In=586, Out=1342 | Fix: [Bare] | Fixes: Basic=0, Advanced=(Regex=0, AST=0) | Verify: Internal Logic Check = PENDING | GenRun:4",,,,586,1342,15956,81583,0,0,0,0,0
77392144-0384-420c-a09e-9c625eec9c9e,2026-02-23T03:17:24.158632+00:00,gemini-3-flash,jh_數學2上_FourOperationsOfRadicals,1,0,,3.14.0,6.4,0.7,3,3,0,1.0,0.0,13.0,5.5,7.5,15.0,7.5,7.5,13.0,10.0,3.0,27.67,5.0,4.0,5.0,17.0,4.67,835.0,2.0,38.5,40.67,10.5,5.0,79.17,E:\Python\MathProject_AST_Research\agent_tools\reports\jh_數學2上_FourOperationsOfRadicals\gen_code\temp_gen_fe9d2a5c.py,"L1: AST 解析成功; 無危險函數(或已豁免); Import 白名單通過; 缺少 Docstring/TypeHint (-2.0); 全部成功 (平均 0.00s) | Perf: 297.04s | Tokens: In=586, Out=971 | Fix: [Bare] | Fixes: Basic=0, Advanced=(Regex=0, AST=0) | Verify: Internal Logic Check = PENDING | GenRun:5",,,,586,971,64469,297038,0,0,0,0,0
c48d6782-5b14-415a-8c34-3ae2b5f31fdf,2026-02-23T03:17:33.683094+00:00,gemini-3-flash,jh_數學2上_FourOperationsOfRadicals,2,1,,3.14.0,6.4,0.7,3,3,0,1.0,0.0,15.0,7.5,7.5,15.0,7.5,7.5,13.0,10.0,3.0,28.67,5.0,4.0,5.0,14.0,5.0,4410.0,2.0,47.0,41.67,17.0,4.67,88.67,E:\Python\MathProject_AST_Research\agent_tools\reports\jh_數學2上_FourOperationsOfRadicals\gen_code\temp_gen_f7e1d2f7.py,"L1: AST 解析成功; 無危險函數(或已豁免); Import 白名單通過; 全部成功 (平均 0.00s) | Perf: 7.09s | Tokens: In=1894, Out=1107 | Fix: [Minimal Healer] | Fixes: Basic=0, Advanced=(Regex=0, AST=0) | Verify: Internal Logic Check = PASSED | GenRun:1",,,,1894,1107,3001,7094,1,1,0,0,0
1ca98dde-8651-4043-a7d5-1dd0257d5e58,2026-02-23T03:17:42.795594+00:00,gemini-3-flash,jh_數學2上_FourOperationsOfRadicals,2,1,,3.14.0,6.4,0.7,3,3,0,1.0,0.0,15.0,7.5,7.5,15.0,7.5,7.5,13.0,10.0,3.0,28.67,5.0,4.0,5.0,14.0,5.0,4438.0,2.0,47.0,41.67,17.0,4.67,88.67,E:\Python\MathProject_AST_Research\agent_tools\reports\jh_數學2上_FourOperationsOfRadicals\gen_code\temp_gen_5e95c8bb.py,"L1: AST 解析成功; 無危險函數(或已豁免); Import 白名單通過; 全部成功 (平均 0.00s) | Perf: 6.62s | Tokens: In=1894, Out=1147 | Fix: [Minimal Healer] | Fixes: Basic=0, Advanced=(Regex=0, AST=0) | Verify: Internal Logic Check = PASSED | GenRun:2",,,,1894,1147,3041,6625,1,1,0,0,0
ed337942-3c46-45e0-bc2a-4c9139b628a2,2026-02-23T03:17:51.537584+00:00,gemini-3-flash,jh_數學2上_FourOperationsOfRadicals,2,1,,3.14.0,6.4,0.7,3,3,0,1.0,0.0,15.0,7.5,7.5,15.0,7.5,7.5,13.0,10.0,3.0,26.11,5.0,4.0,5.0,12.67,4.0,4417.0,2.0,47.0,39.11,17.0,4.11,86.11,E:\Python\MathProject_AST_Research\agent_tools\reports\jh_數學2上_FourOperationsOfRadicals\gen_code\temp_gen_d5a26898.py,"L1: AST 解析成功; 無危險函數(或已豁免); Import 白名單通過; 全部成功 (平均 0.00s) | Perf: 6.37s | Tokens: In=1894, Out=1103 | Fix: [Minimal Healer] | Fixes: Basic=0, Advanced=(Regex=0, AST=0) | Verify: Internal Logic Check = PASSED | GenRun:3",,,,1894,1103,2997,6366,1,1,0,0,0
6b168de2-35ac-4681-ad18-7722ea735227,2026-02-23T03:18:04.437366+00:00,gemini-3-flash,jh_數學2上_FourOperationsOfRadicals,2,1,,3.14.0,6.4,0.7,3,3,0,1.0,0.0,15.0,7.5,7.5,15.0,7.5,7.5,13.0,10.0,3.0,28.67,5.0,4.0,5.0,14.33,5.0,4566.0,2.0,47.0,41.67,17.0,4.67,88.67,E:\Python\MathProject_AST_Research\agent_tools\reports\jh_數學2上_FourOperationsOfRadicals\gen_code\temp_gen_a5e40758.py,"L1: AST 解析成功; 無危險函數(或已豁免); Import 白名單通過; 全部成功 (平均 0.00s) | Perf: 10.39s | Tokens: In=1894, Out=1534 | Fix: [Minimal Healer] | Fixes: Basic=0, Advanced=(Regex=0, AST=0) | Verify: Internal Logic Check = PASSED | GenRun:4",,,,1894,1534,3428,10389,1,1,0,0,0
0a74fab0-a4f1-4499-83df-50bca8f149c6,2026-02-23T03:18:13.959180+00:00,gemini-3-flash,jh_數學2上_FourOperationsOfRadicals,2,1,,3.14.0,6.4,0.7,3,3,0,1.0,0.0,15.0,7.5,7.5,15.0,7.5,7.5,13.0,10.0,3.0,28.44,5.0,4.0,5.0,13.33,5.0,4503.0,2.0,47.0,41.44,17.0,4.44,88.44,E:\Python\MathProject_AST_Research\agent_tools\reports\jh_數學2上_FourOperationsOfRadicals\gen_code\temp_gen_bbe3d8a2.py,"L1: AST 解析成功; 無危險函數(或已豁免); Import 白名單通過; 全部成功 (平均 0.00s) | Perf: 7.16s | Tokens: In=1894, Out=1249 | Fix: [Minimal Healer] | Fixes: Basic=0, Advanced=(Regex=0, AST=0) | Verify: Internal Logic Check = PASSED | GenRun:5",,,,1894,1249,3143,7164,1,1,0,0,0
b6f93b26-cc9c-44fb-b706-02c910d40024,2026-02-23T03:18:23.295302+00:00,gemini-3-flash,jh_數學2上_FourOperationsOfRadicals,3,2,,3.14.0,6.4,0.7,3,3,0,1.0,0.0,15.0,7.5,7.5,15.0,7.5,7.5,13.0,10.0,3.0,26.33,5.0,4.0,5.0,13.0,4.0,4446.0,2.0,50.0,39.33,20.0,4.33,89.33,E:\Python\MathProject_AST_Research\agent_tools\reports\jh_數學2上_FourOperationsOfRadicals\gen_code\temp_gen_c5730fcc.py,"L1: AST 解析成功; 無危險函數(或已豁免); Import 白名單通過; 全部成功 (平均 0.00s) | Perf: 6.88s | Tokens: In=1894, Out=1189 | Fix: [Full Healer] | Fixes: Basic=0, Advanced=(Regex=0, AST=2) | Verify: Internal Logic Check = PASSED | GenRun:1",,,,1894,1189,3083,6884,1,2,0,0,2
b4e489ee-4b31-4e2b-864d-5622a13c52f9,2026-02-23T03:18:32.445486+00:00,gemini-3-flash,jh_數學2上_FourOperationsOfRadicals,3,2,,3.14.0,6.4,0.7,3,3,0,1.0,0.0,15.0,7.5,7.5,15.0,7.5,7.5,13.0,10.0,3.0,26.45,5.0,4.0,5.0,13.33,4.0,4341.0,2.0,50.0,39.45,20.0,4.45,89.45,E:\Python\MathProject_AST_Research\agent_tools\reports\jh_數學2上_FourOperationsOfRadicals\gen_code\temp_gen_2a63fb56.py,"L1: AST 解析成功; 無危險函數(或已豁免); Import 白名單通過; 全部成功 (平均 0.00s) | Perf: 6.78s | Tokens: In=1894, Out=1047 | Fix: [Full Healer] | Fixes: Basic=0, Advanced=(Regex=0, AST=2) | Verify: Internal Logic Check = PASSED | GenRun:2",,,,1894,1047,2941,6782,1,2,0,0,2
eb936814-03f5-40b5-a2b1-623152174e74,2026-02-23T03:18:41.196360+00:00,gemini-3-flash,jh_數學2上_FourOperationsOfRadicals,3,2,,3.14.0,6.4,0.7,3,3,0,1.0,0.0,15.0,7.5,7.5,15.0,7.5,7.5,13.0,10.0,3.0,25.89,5.0,4.0,5.0,11.67,4.0,4400.0,2.0,50.0,38.89,20.0,3.89,88.89,E:\Python\MathProject_AST_Research\agent_tools\reports\jh_數學2上_FourOperationsOfRadicals\gen_code\temp_gen_aa0eb4ec.py,"L1: AST 解析成功; 無危險函數(或已豁免); Import 白名單通過; 全部成功 (平均 0.00s) | Perf: 6.31s | Tokens: In=1894, Out=1113 | Fix: [Full Healer] | Fixes: Basic=0, Advanced=(Regex=0, AST=2) | Verify: Internal Logic Check = PASSED | GenRun:3",,,,1894,1113,3007,6306,1,2,0,0,2
8f863953-46c2-4ae8-87a2-2138237b72c9,2026-02-23T03:18:50.685057+00:00,gemini-3-flash,jh_數學2上_FourOperationsOfRadicals,3,2,,3.14.0,6.4,0.7,3,3,0,1.0,0.0,15.0,7.5,7.5,15.0,7.5,7.5,13.0,10.0,3.0,28.56,5.0,4.0,5.0,13.67,5.0,4418.0,2.0,50.0,41.56,20.0,4.56,91.56,E:\Python\MathProject_AST_Research\agent_tools\reports\jh_數學2上_FourOperationsOfRadicals\gen_code\temp_gen_44a941b8.py,"L1: AST 解析成功; 無危險函數(或已豁免); Import 白名單通過; 全部成功 (平均 0.00s) | Perf: 7.12s | Tokens: In=1894, Out=1222 | Fix: [Full Healer] | Fixes: Basic=0, Advanced=(Regex=0, AST=2) | Verify: Internal Logic Check = PASSED | GenRun:4",,,,1894,1222,3116,7120,1,2,0,0,2
7bab9ebb-1a91-4992-ae42-b4a0dd4e3401,2026-02-23T03:18:58.951368+00:00,gemini-3-flash,jh_數學2上_FourOperationsOfRadicals,3,2,,3.14.0,6.4,0.7,3,3,0,1.0,0.0,15.0,7.5,7.5,15.0,7.5,7.5,13.0,10.0,3.0,25.44,5.0,4.0,5.0,12.33,3.67,4380.0,2.0,50.0,38.44,20.0,4.11,88.44,E:\Python\MathProject_AST_Research\agent_tools\reports\jh_數學2上_FourOperationsOfRadicals\gen_code\temp_gen_73f16043.py,"L1: AST 解析成功; 無危險函數(或已豁免); Import 白名單通過; 全部成功 (平均 0.00s) | Perf: 5.80s | Tokens: In=1894, Out=1003 | Fix: [Full Healer] | Fixes: Basic=0, Advanced=(Regex=0, AST=2) | Verify: Internal Logic Check = PASSED | GenRun:5",,,,1894,1003,2897,5804,1,2,0,0,2
d37c1803-eda0-4fe1-90c1-5b69b87f78f9,2026-02-23T11:34:09.417249,gemini-3-flash,jh_數學2上_FourOperationsOfRadicals,1,3,,,,0,1,0,1,0.0,0,0,0,0,0,0,0,0,0,0,0,0,0,0,0,0,0,0,0,0,0,0,0,,Exception: AI request timed out after 300 seconds,,,,0,0,0,0,0,0,0,0,0
9099e839-ec31-465a-9ab0-5919493b7f83,2026-02-23T03:35:16.673079+00:00,gemini-3-flash,jh_數學2上_FourOperationsOfRadicals,1,3,,3.14.0,6.4,0.7,3,3,0,1.0,0.0,13.0,5.5,7.5,15.0,7.5,7.5,15.33,10.0,5.33,25.11,5.0,4.0,5.0,16.0,4.0,1029.0,2.0,38.5,40.44,10.5,4.44,78.94,E:\Python\MathProject_AST_Research\agent_tools\reports\jh_數學2上_FourOperationsOfRadicals\gen_code\temp_gen_edb916ce.py,"L1: AST 解析成功; 無危險函數(或已豁免); Import 白名單通過; 缺少 Docstring/TypeHint (-2.0); 全部成功 (平均 0.00s) | Perf: 65.26s | Tokens: In=586, Out=1462 | Fix: [Bare] | Fixes: Basic=0, Advanced=(Regex=0, AST=0) | Verify: Internal Logic Check = PENDING | GenRun:2",,,,586,1462,11415,65260,0,0,0,0,0
910abe42-92f2-4936-bdbc-000da44cb6bf,2026-02-23T11:50:27.115365,gemini-3-flash,jh_數學2上_FourOperationsOfRadicals,1,3,,,,0,1,0,1,0.0,0,0,0,0,0,0,0,0,0,0,0,0,0,0,0,0,0,0,0,0,0,0,0,,Exception: AI request timed out after 300 seconds,,,,0,0,0,0,0,0,0,0,0
97622d06-e355-4716-a89d-f5cd19727924,2026-02-23T03:51:52.026517+00:00,gemini-3-flash,jh_數學2上_FourOperationsOfRadicals,1,3,,3.14.0,6.4,0.7,3,3,0,1.0,0.0,13.0,5.5,7.5,15.0,7.5,7.5,18.0,10.0,8.0,29.0,5.0,4.0,5.0,24.0,8.0,917.0,1.0,38.5,47.0,10.5,5.0,85.5,E:\Python\MathProject_AST_Research\agent_tools\reports\jh_數學2上_FourOperationsOfRadicals\gen_code\temp_gen_c4e8f74a.py,"L1: AST 解析成功; 無危險函數(或已豁免); Import 白名單通過; 缺少 Docstring/TypeHint (-2.0); 全部成功 (平均 0.00s) | Perf: 82.85s | Tokens: In=586, Out=1023 | Fix: [Bare] | Fixes: Basic=0, Advanced=(Regex=0, AST=0) | Verify: Internal Logic Check = PENDING | GenRun:4",,,,586,1023,13666,82851,0,0,0,0,0
61617037-f5ec-4e1e-8b97-94674456afd0,2026-02-23T04:01:36.341932+00:00,gemini-3-flash,jh_數學2上_FourOperationsOfRadicals,1,3,,3.14.0,6.4,0.7,3,3,0,1.0,0.0,13.0,5.5,7.5,15.0,7.5,7.5,13.0,10.0,3.0,25.11,5.0,4.0,5.0,13.33,3.33,455.0,2.0,38.5,38.11,10.5,4.44,76.61,E:\Python\MathProject_AST_Research\agent_tools\reports\jh_數學2上_FourOperationsOfRadicals\gen_code\temp_gen_09a73fd3.py,"L1: AST 解析成功; 無危險函數(或已豁免); Import 白名單通過; 缺少 Docstring/TypeHint (-2.0); 全部成功 (平均 0.00s) | Perf: 276.69s | Tokens: In=586, Out=607 | Fix: [Bare] | Fixes: Basic=0, Advanced=(Regex=0, AST=0) | Verify: Internal Logic Check = PENDING | GenRun:5",,,,586,607,64103,276687,0,0,0,0,0
3fb02356-0417-444d-aa2e-2b1be4ddc2bf,2026-02-23T04:01:45.136887+00:00,gemini-3-flash,jh_數學2上_FourOperationsOfRadicals,2,4,,3.14.0,6.4,0.7,3,3,0,1.0,0.0,15.0,7.5,7.5,15.0,7.5,7.5,18.0,10.0,8.0,29.0,5.0,4.0,5.0,25.33,6.33,4410.0,2.0,47.0,47.0,17.0,5.0,94.0,E:\Python\MathProject_AST_Research\agent_tools\reports\jh_數學2上_FourOperationsOfRadicals\gen_code\temp_gen_017d6303.py,"L1: AST 解析成功; 無危險函數(或已豁免); Import 白名單通過; 全部成功 (平均 0.00s) | Perf: 6.39s | Tokens: In=1894, Out=1103 | Fix: [Minimal Healer] | Fixes: Basic=0, Advanced=(Regex=0, AST=0) | Verify: Internal Logic Check = PASSED | GenRun:1",,,,1894,1103,2997,6395,1,1,0,0,0
5fe150f2-dcc0-4f1c-8b0b-974f9d6e6c6b,2026-02-23T04:01:54.165895+00:00,gemini-3-flash,jh_數學2上_FourOperationsOfRadicals,2,4,,3.14.0,6.4,0.7,3,3,0,1.0,0.0,15.0,7.5,7.5,15.0,7.5,7.5,18.0,10.0,8.0,29.0,5.0,4.0,5.0,31.33,8.33,4412.0,2.0,47.0,47.0,17.0,5.0,94.0,E:\Python\MathProject_AST_Research\agent_tools\reports\jh_數學2上_FourOperationsOfRadicals\gen_code\temp_gen_b5ad6e49.py,"L1: AST 解析成功; 無危險函數(或已豁免); Import 白名單通過; 全部成功 (平均 0.00s) | Perf: 6.54s | Tokens: In=1894, Out=1103 | Fix: [Minimal Healer] | Fixes: Basic=0, Advanced=(Regex=0, AST=0) | Verify: Internal Logic Check = PASSED | GenRun:2",,,,1894,1103,2997,6537,1,1,0,0,0
7ebe050f-8096-4812-ae38-8ecb350e1329,2026-02-23T04:02:03.104382+00:00,gemini-3-flash,jh_數學2上_FourOperationsOfRadicals,2,4,,3.14.0,6.4,0.7,3,3,0,1.0,0.0,15.0,7.5,7.5,15.0,7.5,7.5,18.0,10.0,8.0,29.0,5.0,4.0,5.0,30.33,8.33,4384.0,2.0,47.0,47.0,17.0,5.0,94.0,E:\Python\MathProject_AST_Research\agent_tools\reports\jh_數學2上_FourOperationsOfRadicals\gen_code\temp_gen_855c034e.py,"L1: AST 解析成功; 無危險函數(或已豁免); Import 白名單通過; 全部成功 (平均 0.00s) | Perf: 6.48s | Tokens: In=1894, Out=1003 | Fix: [Minimal Healer] | Fixes: Basic=0, Advanced=(Regex=0, AST=0) | Verify: Internal Logic Check = PASSED | GenRun:3",,,,1894,1003,2897,6480,1,1,0,0,0
21d3ac52-952f-453d-bd38-4760fb021705,2026-02-23T04:02:12.140291+00:00,gemini-3-flash,jh_數學2上_FourOperationsOfRadicals,2,4,,3.14.0,6.4,0.7,3,3,0,1.0,0.0,15.0,7.5,7.5,15.0,7.5,7.5,18.0,10.0,8.0,29.0,5.0,4.0,5.0,31.0,8.33,4405.0,2.0,47.0,47.0,17.0,5.0,94.0,E:\Python\MathProject_AST_Research\agent_tools\reports\jh_數學2上_FourOperationsOfRadicals\gen_code\temp_gen_5c785c5c.py,"L1: AST 解析成功; 無危險函數(或已豁免); Import 白名單通過; 全部成功 (平均 0.00s) | Perf: 6.56s | Tokens: In=1894, Out=1105 | Fix: [Minimal Healer] | Fixes: Basic=0, Advanced=(Regex=0, AST=0) | Verify: Internal Logic Check = PASSED | GenRun:4",,,,1894,1105,2999,6556,1,1,0,0,0
cac80795-c4e0-4fd3-a84d-548d11a8fc3d,2026-02-23T04:02:22.167352+00:00,gemini-3-flash,jh_數學2上_FourOperationsOfRadicals,2,4,,3.14.0,6.4,0.7,3,3,0,1.0,0.0,15.0,7.5,7.5,15.0,7.5,7.5,18.0,10.0,8.0,29.0,5.0,4.0,5.0,31.33,8.0,4410.0,2.0,47.0,47.0,17.0,5.0,94.0,E:\Python\MathProject_AST_Research\agent_tools\reports\jh_數學2上_FourOperationsOfRadicals\gen_code\temp_gen_9cc79574.py,"L1: AST 解析成功; 無危險函數(或已豁免); Import 白名單通過; 全部成功 (平均 0.00s) | Perf: 7.55s | Tokens: In=1894, Out=1103 | Fix: [Minimal Healer] | Fixes: Basic=0, Advanced=(Regex=0, AST=0) | Verify: Internal Logic Check = PASSED | GenRun:5",,,,1894,1103,2997,7555,1,1,0,0,0
fb11c42e-377b-4454-abbb-6ae34cde57eb,2026-02-23T04:02:31.568221+00:00,gemini-3-flash,jh_數學2上_FourOperationsOfRadicals,3,5,,3.14.0,6.4,0.7,3,3,0,1.0,0.0,15.0,7.5,7.5,15.0,7.5,7.5,18.0,10.0,8.0,29.0,5.0,4.0,5.0,33.33,8.33,4446.0,2.0,50.0,47.0,20.0,5.0,97.0,E:\Python\MathProject_AST_Research\agent_tools\reports\jh_數學2上_FourOperationsOfRadicals\gen_code\temp_gen_5fadcd0a.py,"L1: AST 解析成功; 無危險函數(或已豁免); Import 白名單通過; 全部成功 (平均 0.00s) | Perf: 6.94s | Tokens: In=1894, Out=1199 | Fix: [Full Healer] | Fixes: Basic=0, Advanced=(Regex=0, AST=2) | Verify: Internal Logic Check = PASSED | GenRun:1",,,,1894,1199,3093,6943,1,2,0,0,2
0c59f6b6-5523-45b6-aebd-c595eea417e9,2026-02-23T04:02:40.218301+00:00,gemini-3-flash,jh_數學2上_FourOperationsOfRadicals,3,5,,3.14.0,6.4,0.7,3,3,0,1.0,0.0,15.0,7.5,7.5,15.0,7.5,7.5,18.0,10.0,8.0,29.0,5.0,4.0,5.0,29.67,7.67,4413.0,2.0,50.0,47.0,20.0,5.0,97.0,E:\Python\MathProject_AST_Research\agent_tools\reports\jh_數學2上_FourOperationsOfRadicals\gen_code\temp_gen_03e5e1e7.py,"L1: AST 解析成功; 無危險函數(或已豁免); Import 白名單通過; 全部成功 (平均 0.00s) | Perf: 6.11s | Tokens: In=1894, Out=1103 | Fix: [Full Healer] | Fixes: Basic=0, Advanced=(Regex=0, AST=2) | Verify: Internal Logic Check = PASSED | GenRun:2",,,,1894,1103,2997,6108,1,2,0,0,2
c262d19c-2dac-4f46-99e0-638d3b249024,2026-02-23T04:02:49.797182+00:00,gemini-3-flash,jh_數學2上_FourOperationsOfRadicals,3,5,,3.14.0,6.4,0.7,3,3,0,1.0,0.0,15.0,7.5,7.5,15.0,7.5,7.5,18.0,10.0,8.0,29.0,5.0,4.0,5.0,37.33,10.33,4401.0,2.0,50.0,47.0,20.0,5.0,97.0,E:\Python\MathProject_AST_Research\agent_tools\reports\jh_數學2上_FourOperationsOfRadicals\gen_code\temp_gen_170c9107.py,"L1: AST 解析成功; 無危險函數(或已豁免); Import 白名單通過; 全部成功 (平均 0.00s) | Perf: 7.10s | Tokens: In=1894, Out=1105 | Fix: [Full Healer] | Fixes: Basic=0, Advanced=(Regex=0, AST=2) | Verify: Internal Logic Check = PASSED | GenRun:3",,,,1894,1105,2999,7098,1,2,0,0,2
c2c61c39-5448-4ef5-a4a5-8ee464b10d21,2026-02-23T04:03:01.157598+00:00,gemini-3-flash,jh_數學2上_FourOperationsOfRadicals,3,5,,3.14.0,6.4,0.7,3,3,0,1.0,0.0,15.0,7.5,7.5,15.0,7.5,7.5,18.0,10.0,8.0,29.0,5.0,4.0,5.0,30.0,8.33,4533.0,2.0,50.0,47.0,20.0,5.0,97.0,E:\Python\MathProject_AST_Research\agent_tools\reports\jh_數學2上_FourOperationsOfRadicals\gen_code\temp_gen_b9179d7f.py,"L1: AST 解析成功; 無危險函數(或已豁免); Import 白名單通過; 全部成功 (平均 0.00s) | Perf: 8.85s | Tokens: In=1894, Out=1483 | Fix: [Full Healer] | Fixes: Basic=0, Advanced=(Regex=0, AST=2) | Verify: Internal Logic Check = PASSED | GenRun:4",,,,1894,1483,3377,8853,1,2,0,0,2
e75d2807-a6ee-41a9-a94d-3413aa3d41c2,2026-02-23T04:03:10.380579+00:00,gemini-3-flash,jh_數學2上_FourOperationsOfRadicals,3,5,,3.14.0,6.4,0.7,3,3,0,1.0,0.0,15.0,7.5,7.5,15.0,7.5,7.5,18.0,10.0,8.0,29.0,5.0,4.0,5.0,38.33,11.0,4434.0,2.0,50.0,47.0,20.0,5.0,97.0,E:\Python\MathProject_AST_Research\agent_tools\reports\jh_數學2上_FourOperationsOfRadicals\gen_code\temp_gen_479f8510.py,"L1: AST 解析成功; 無危險函數(或已豁免); Import 白名單通過; 全部成功 (平均 0.00s) | Perf: 6.76s | Tokens: In=1894, Out=1147 | Fix: [Full Healer] | Fixes: Basic=0, Advanced=(Regex=0, AST=2) | Verify: Internal Logic Check = PASSED | GenRun:5",,,,1894,1147,3041,6760,1,2,0,0,2
85d51261-41f9-42ee-b6a4-992f502663e8,2026-02-23T04:08:10.312541+00:00,gemini-3-flash,jh_數學2上_FourOperationsOfRadicals,1,6,,3.14.0,6.4,0.7,3,3,0,1.0,0.0,13.0,5.5,7.5,15.0,7.5,7.5,18.0,10.0,8.0,26.33,5.0,4.0,5.0,28.0,5.0,627.0,2.0,38.5,44.33,10.5,5.0,82.83,E:\Python\MathProject_AST_Research\agent_tools\reports\jh_數學2上_FourOperationsOfRadicals\gen_code\temp_gen_c1f0b54c.py,"L1: AST 解析成功; 無危險函數(或已豁免); Import 白名單通過; 缺少 Docstring/TypeHint (-2.0); 全部成功 (平均 0.00s) | Perf: 297.26s | Tokens: In=586, Out=802 | Fix: [Bare] | Fixes: Basic=0, Advanced=(Regex=0, AST=0) | Verify: Internal Logic Check = PENDING | GenRun:1",,,,586,802,64298,297265,0,0,0,0,0
699c44c2-d061-415a-99e1-3b554451e632,2026-02-23T04:13:10.874355+00:00,gemini-3-flash,jh_數學2上_FourOperationsOfRadicals,1,6,,3.14.0,6.4,0.7,3,3,0,1.0,0.0,13.0,5.5,7.5,15.0,7.5,7.5,18.0,10.0,8.0,29.0,5.0,4.0,5.0,31.0,11.0,742.0,2.0,38.5,47.0,10.5,5.0,85.5,E:\Python\MathProject_AST_Research\agent_tools\reports\jh_數學2上_FourOperationsOfRadicals\gen_code\temp_gen_483354b2.py,"L1: AST 解析成功; 無危險函數(或已豁免); Import 白名單通過; 缺少 Docstring/TypeHint (-2.0); 全部成功 (平均 0.00s) | Perf: 298.09s | Tokens: In=586, Out=884 | Fix: [Bare] | Fixes: Basic=0, Advanced=(Regex=0, AST=0) | Verify: Internal Logic Check = PENDING | GenRun:2",,,,586,884,64383,298086,0,0,0,0,0
db7b57ba-f6f7-4e5b-9b59-9206a87d677b,2026-02-23T04:19:52.727123+00:00,gemini-3-flash,jh_數學2上_FourOperationsOfRadicals,1,6,,3.14.0,6.4,0.7,3,3,0,1.0,0.0,13.0,5.5,7.5,15.0,7.5,7.5,18.0,10.0,8.0,29.0,5.0,4.0,5.0,35.67,11.0,1301.0,1.0,38.5,47.0,10.5,5.0,85.5,E:\Python\MathProject_AST_Research\agent_tools\reports\jh_數學2上_FourOperationsOfRadicals\gen_code\temp_gen_f9e850ec.py,"L1: AST 解析成功; 無危險函數(或已豁免); Import 白名單通過; 缺少 Docstring/TypeHint (-2.0); 全部成功 (平均 0.00s) | Perf: 92.86s | Tokens: In=586, Out=1560 | Fix: [Bare] | Fixes: Basic=0, Advanced=(Regex=0, AST=0) | Verify: Internal Logic Check = PENDING | GenRun:3",,,,586,1560,16374,92860,0,0,0,0,0
12f013cd-0992-493c-8d14-a2d09eb1ec18,2026-02-23T04:21:19.809154+00:00,gemini-3-flash,jh_數學2上_FourOperationsOfRadicals,1,6,,3.14.0,6.4,0.7,3,3,0,1.0,0.0,13.0,5.5,7.5,15.0,7.5,7.5,18.0,10.0,8.0,29.0,5.0,4.0,5.0,31.0,11.0,688.0,2.0,38.5,47.0,10.5,5.0,85.5,E:\Python\MathProject_AST_Research\agent_tools\reports\jh_數學2上_FourOperationsOfRadicals\gen_code\temp_gen_ea9df4e5.py,"L1: AST 解析成功; 無危險函數(或已豁免); Import 白名單通過; 缺少 Docstring/TypeHint (-2.0); 全部成功 (平均 0.00s) | Perf: 84.52s | Tokens: In=586, Out=826 | Fix: [Bare] | Fixes: Basic=0, Advanced=(Regex=0, AST=0) | Verify: Internal Logic Check = PENDING | GenRun:4",,,,586,826,16717,84524,0,0,0,0,0
e4395a61-057b-46bd-b6a0-ca42a8063524,2026-02-23T12:36:30.263593,gemini-3-flash,jh_數學2上_FourOperationsOfRadicals,1,6,,,,0,1,0,1,0.0,0,0,0,0,0,0,0,0,0,0,0,0,0,0,0,0,0,0,0,0,0,0,0,,Exception: AI request timed out after 300 seconds,,,,0,0,0,0,0,0,0,0,0
23067990-cb66-4e56-98b4-019babf32621,2026-02-23T04:36:42.371820+00:00,gemini-3-flash,jh_數學2上_FourOperationsOfRadicals,2,7,,3.14.0,6.4,0.7,3,3,0,1.0,0.0,15.0,7.5,7.5,15.0,7.5,7.5,18.0,10.0,8.0,30.0,5.0,5.0,5.0,30.0,10.0,4472.0,2.0,47.0,48.0,17.0,5.0,95.0,E:\Python\MathProject_AST_Research\agent_tools\reports\jh_數學2上_FourOperationsOfRadicals\gen_code\temp_gen_a2c0c63e.py,"L1: AST 解析成功; 無危險函數(或已豁免); Import 白名單通過; 全部成功 (平均 0.00s) | Perf: 7.59s | Tokens: In=1894, Out=1212 | Fix: [Minimal Healer] | Fixes: Basic=0, Advanced=(Regex=0, AST=0) | Verify: Internal Logic Check = PASSED | GenRun:1",,,,1894,1212,3106,7589,1,1,0,0,0
1dcd9d99-f4fe-4316-9948-44e55830a087,2026-02-23T04:36:53.275745+00:00,gemini-3-flash,jh_數學2上_FourOperationsOfRadicals,2,7,,3.14.0,6.4,0.7,3,3,0,1.0,0.0,15.0,7.5,7.5,15.0,7.5,7.5,18.0,10.0,8.0,29.0,5.0,4.0,5.0,26.0,9.0,4498.0,2.0,47.0,47.0,17.0,5.0,94.0,E:\Python\MathProject_AST_Research\agent_tools\reports\jh_數學2上_FourOperationsOfRadicals\gen_code\temp_gen_85fee1d1.py,"L1: AST 解析成功; 無危險函數(或已豁免); Import 白名單通過; 全部成功 (平均 0.00s) | Perf: 8.33s | Tokens: In=1894, Out=1243 | Fix: [Minimal Healer] | Fixes: Basic=0, Advanced=(Regex=0, AST=0) | Verify: Internal Logic Check = PASSED | GenRun:2",,,,1894,1243,3137,8329,1,1,0,0,0
18fe8404-0cd4-4514-b0da-b48f7d60c8d5,2026-02-23T04:37:02.480765+00:00,gemini-3-flash,jh_數學2上_FourOperationsOfRadicals,2,7,,3.14.0,6.4,0.7,3,3,0,1.0,0.0,15.0,7.5,7.5,15.0,7.5,7.5,18.0,10.0,8.0,29.0,5.0,4.0,5.0,25.0,9.0,4384.0,2.0,47.0,47.0,17.0,5.0,94.0,E:\Python\MathProject_AST_Research\agent_tools\reports\jh_數學2上_FourOperationsOfRadicals\gen_code\temp_gen_815290f3.py,"L1: AST 解析成功; 無危險函數(或已豁免); Import 白名單通過; 全部成功 (平均 0.00s) | Perf: 6.78s | Tokens: In=1894, Out=1003 | Fix: [Minimal Healer] | Fixes: Basic=0, Advanced=(Regex=0, AST=0) | Verify: Internal Logic Check = PASSED | GenRun:3",,,,1894,1003,2897,6775,1,1,0,0,0
a39935a7-e0f4-4596-995a-e5f8ed844b0b,2026-02-23T04:37:11.442687+00:00,gemini-3-flash,jh_數學2上_FourOperationsOfRadicals,2,7,,3.14.0,6.4,0.7,3,3,0,1.0,0.0,15.0,7.5,7.5,15.0,7.5,7.5,19.33,10.0,9.33,21.89,5.0,4.0,5.0,16.0,2.0,4405.0,2.0,47.0,41.22,17.0,4.55,88.22,E:\Python\MathProject_AST_Research\agent_tools\reports\jh_數學2上_FourOperationsOfRadicals\gen_code\temp_gen_9c85498c.py,"L1: AST 解析成功; 無危險函數(或已豁免); Import 白名單通過; 全部成功 (平均 0.00s) | Perf: 6.46s | Tokens: In=1894, Out=1098 | Fix: [Minimal Healer] | Fixes: Basic=0, Advanced=(Regex=0, AST=0) | Verify: Internal Logic Check = PASSED | GenRun:4",,,,1894,1098,2992,6464,1,1,0,0,0
39481d98-fa15-40d9-a567-dcf9c37e29ed,2026-02-23T04:37:20.785370+00:00,gemini-3-flash,jh_數學2上_FourOperationsOfRadicals,2,7,,3.14.0,6.4,0.7,3,3,0,1.0,0.0,15.0,7.5,7.5,15.0,7.5,7.5,18.0,10.0,8.0,29.0,5.0,4.0,5.0,24.0,8.0,4384.0,2.0,47.0,47.0,17.0,5.0,94.0,E:\Python\MathProject_AST_Research\agent_tools\reports\jh_數學2上_FourOperationsOfRadicals\gen_code\temp_gen_dd34099f.py,"L1: AST 解析成功; 無危險函數(或已豁免); Import 白名單通過; 全部成功 (平均 0.00s) | Perf: 6.90s | Tokens: In=1894, Out=1003 | Fix: [Minimal Healer] | Fixes: Basic=0, Advanced=(Regex=0, AST=0) | Verify: Internal Logic Check = PASSED | GenRun:5",,,,1894,1003,2897,6901,1,1,0,0,0
2e6d0a69-bb59-477f-949a-abbceb5adf61,2026-02-23T04:37:30.851080+00:00,gemini-3-flash,jh_數學2上_FourOperationsOfRadicals,3,8,,3.14.0,6.4,0.7,3,3,0,1.0,0.0,15.0,7.5,7.5,15.0,7.5,7.5,19.33,10.0,9.33,21.89,5.0,4.0,5.0,16.67,2.67,4447.0,2.0,50.0,41.22,20.0,4.55,91.22,E:\Python\MathProject_AST_Research\agent_tools\reports\jh_數學2上_FourOperationsOfRadicals\gen_code\temp_gen_89edee0c.py,"L1: AST 解析成功; 無危險函數(或已豁免); Import 白名單通過; 全部成功 (平均 0.00s) | Perf: 7.59s | Tokens: In=1894, Out=1165 | Fix: [Full Healer] | Fixes: Basic=0, Advanced=(Regex=0, AST=2) | Verify: Internal Logic Check = PASSED | GenRun:1",,,,1894,1165,3059,7591,1,2,0,0,2
dbd4acdb-4677-4a74-8426-2de958a63dac,2026-02-23T04:37:39.788245+00:00,gemini-3-flash,jh_數學2上_FourOperationsOfRadicals,3,8,,3.14.0,6.4,0.7,3,3,0,1.0,0.0,15.0,7.5,7.5,15.0,7.5,7.5,18.0,10.0,8.0,29.0,5.0,4.0,5.0,24.0,8.0,4406.0,2.0,50.0,47.0,20.0,5.0,97.0,E:\Python\MathProject_AST_Research\agent_tools\reports\jh_數學2上_FourOperationsOfRadicals\gen_code\temp_gen_3217d062.py,"L1: AST 解析成功; 無危險函數(或已豁免); Import 白名單通過; 全部成功 (平均 0.00s) | Perf: 6.53s | Tokens: In=1894, Out=1024 | Fix: [Full Healer] | Fixes: Basic=0, Advanced=(Regex=0, AST=2) | Verify: Internal Logic Check = PASSED | GenRun:2",,,,1894,1024,2918,6529,1,2,0,0,2
f0159d08-d782-458f-9a7e-ef8cc7722cb4,2026-02-23T04:37:48.307431+00:00,gemini-3-flash,jh_數學2上_FourOperationsOfRadicals,3,8,,3.14.0,6.4,0.7,3,3,0,1.0,0.0,15.0,7.5,7.5,15.0,7.5,7.5,16.33,10.0,6.33,25.44,5.0,4.0,5.0,19.67,4.67,4406.0,2.0,50.0,41.78,20.0,4.78,91.78,E:\Python\MathProject_AST_Research\agent_tools\reports\jh_數學2上_FourOperationsOfRadicals\gen_code\temp_gen_3ee55e06.py,"L1: AST 解析成功; 無危險函數(或已豁免); Import 白名單通過; 全部成功 (平均 0.00s) | Perf: 6.10s | Tokens: In=1894, Out=1103 | Fix: [Full Healer] | Fixes: Basic=0, Advanced=(Regex=0, AST=2) | Verify: Internal Logic Check = PASSED | GenRun:3",,,,1894,1103,2997,6103,1,2,0,0,2
a50b89d1-a420-42bc-a7f6-358c0208809b,2026-02-23T04:37:57.464542+00:00,gemini-3-flash,jh_數學2上_FourOperationsOfRadicals,3,8,,3.14.0,6.4,0.7,3,3,0,1.0,0.0,15.0,7.5,7.5,15.0,7.5,7.5,18.0,10.0,8.0,29.0,5.0,4.0,5.0,23.33,7.33,4433.0,2.0,50.0,47.0,20.0,5.0,97.0,E:\Python\MathProject_AST_Research\agent_tools\reports\jh_數學2上_FourOperationsOfRadicals\gen_code\temp_gen_f2629a2b.py,"L1: AST 解析成功; 無危險函數(或已豁免); Import 白名單通過; 全部成功 (平均 0.00s) | Perf: 6.66s | Tokens: In=1894, Out=1123 | Fix: [Full Healer] | Fixes: Basic=0, Advanced=(Regex=0, AST=2) | Verify: Internal Logic Check = PASSED | GenRun:4",,,,1894,1123,3017,6655,1,2,0,0,2
0342fa62-b889-41c3-a45d-f8057b3c0778,2026-02-23T04:38:06.716759+00:00,gemini-3-flash,jh_數學2上_FourOperationsOfRadicals,3,8,,3.14.0,6.4,0.7,3,3,0,1.0,0.0,15.0,7.5,7.5,15.0,7.5,7.5,16.33,10.0,6.33,25.44,5.0,4.0,5.0,19.67,4.67,4403.0,2.0,50.0,41.78,20.0,4.78,91.78,E:\Python\MathProject_AST_Research\agent_tools\reports\jh_數學2上_FourOperationsOfRadicals\gen_code\temp_gen_aeec0955.py,"L1: AST 解析成功; 無危險函數(或已豁免); Import 白名單通過; 全部成功 (平均 0.00s) | Perf: 6.78s | Tokens: In=1894, Out=1093 | Fix: [Full Healer] | Fixes: Basic=0, Advanced=(Regex=0, AST=2) | Verify: Internal Logic Check = PASSED | GenRun:5",,,,1894,1093,2987,6777,1,2,0,0,2
58ecb12b-dda2-45a4-8cb8-985d574aadaf,2026-02-23T15:12:59.368315+00:00,qwen3-14b,jh_數學2上_FourOperationsOfRadicals,1,0,,3.14.0,6.4,0.7,3,3,0,0.0,0.0,5.5,5.5,0.0,0.0,0.0,0.0,0.0,0.0,0.0,0.0,0.0,0.0,0.0,0.0,0.0,0.0,0.0,14.5,0.0,9.0,0.0,14.5,E:\Python\MathProject_AST_Research\agent_tools\reports\jh_數學2上_FourOperationsOfRadicals\qwen3_14b\gen_code\temp_gen_4fe140ef.py,"L1: AST 解析成功; 無危險函數(或已豁免); Import 白名單通過; 缺少 Docstring/TypeHint (-2.0); Rep1 失敗: NameError; Rep2 失敗: NameError; Rep3 失敗: NameError; 成功 0/3 次 | Perf: 96.14s | Tokens: In=759, Out=2048 | Fix: [Bare] | Fixes: Basic=0, Advanced=(Regex=0, AST=0) | Verify: Internal Logic Check = PENDING | GenRun:1",,,,759,2048,2807,96142,0,0,0,0,0
4d9abd3b-372d-40e1-b3f1-a46a5106d0d8,2026-02-23T15:14:31.891666+00:00,qwen3-14b,jh_數學2上_FourOperationsOfRadicals,1,0,,3.14.0,6.4,0.7,3,3,0,0.0,0.0,5.5,5.5,0.0,0.0,0.0,0.0,0.0,0.0,0.0,0.0,0.0,0.0,0.0,0.0,0.0,0.0,0.0,14.5,0.0,9.0,0.0,14.5,E:\Python\MathProject_AST_Research\agent_tools\reports\jh_數學2上_FourOperationsOfRadicals\qwen3_14b\gen_code\temp_gen_2f393c20.py,"L1: AST 解析成功; 無危險函數(或已豁免); Import 白名單通過; 缺少 Docstring/TypeHint (-2.0); Rep1 失敗: NameError; Rep2 失敗: NameError; Rep3 失敗: NameError; 成功 0/3 次 | Perf: 89.93s | Tokens: In=759, Out=2048 | Fix: [Bare] | Fixes: Basic=0, Advanced=(Regex=0, AST=0) | Verify: Internal Logic Check = PENDING | GenRun:2",,,,759,2048,2807,89932,0,0,0,0,0
7b7a4df9-030f-4fc9-ad9c-01aaa4378227,2026-02-23T15:14:50.411989+00:00,qwen3-14b,jh_數學2上_FourOperationsOfRadicals,1,0,,3.14.0,6.4,0.7,3,3,0,0.0,0.0,5.5,5.5,0.0,0.0,0.0,0.0,0.0,0.0,0.0,0.0,0.0,0.0,0.0,0.0,0.0,0.0,0.0,16.0,0.0,10.5,0.0,16.0,E:\Python\MathProject_AST_Research\agent_tools\reports\jh_數學2上_FourOperationsOfRadicals\qwen3_14b\gen_code\temp_gen_8446771d.py,"L1: AST 解析成功; 無危險函數(或已豁免); Import 白名單通過; 缺少 Docstring/TypeHint (-2.0); Rep1 失敗: IndexError; Rep2 失敗: IndexError; Rep3 失敗: IndexError; 成功 0/3 次 | Perf: 16.05s | Tokens: In=759, Out=370 | Fix: [Bare] | Fixes: Basic=0, Advanced=(Regex=0, AST=0) | Verify: Internal Logic Check = PENDING | GenRun:3",,,,759,370,1129,16049,0,0,0,0,0
8ca78a50-1ed8-4e59-98c1-fb614208cd71,2026-02-23T15:16:22.706341+00:00,qwen3-14b,jh_數學2上_FourOperationsOfRadicals,1,0,,3.14.0,6.4,0.7,3,3,0,0.0,0.0,13.0,5.5,7.5,0.0,0.0,0.0,0.0,0.0,0.0,0.0,0.0,0.0,0.0,0.0,0.0,0.0,0.0,22.0,0.0,9.0,0.0,22.0,E:\Python\MathProject_AST_Research\agent_tools\reports\jh_數學2上_FourOperationsOfRadicals\qwen3_14b\gen_code\temp_gen_03be60b0.py,"L1: AST 解析成功; 無危險函數(或已豁免); Import 白名單通過; 缺少 Docstring/TypeHint (-2.0); 全部成功 (平均 0.00s) | Perf: 89.77s | Tokens: In=759, Out=2048 | Fix: [Bare] | Fixes: Basic=0, Advanced=(Regex=0, AST=0) | Verify: Internal Logic Check = PENDING | GenRun:4",,,,759,2048,2807,89772,0,0,0,0,0
95028c02-b1fc-4760-bee1-e6c1aa3923d2,2026-02-23T15:16:41.165306+00:00,qwen3-14b,jh_數學2上_FourOperationsOfRadicals,1,0,,3.14.0,6.4,0.7,3,3,0,0.0,0.0,5.5,5.5,0.0,0.0,0.0,0.0,0.0,0.0,0.0,0.0,0.0,0.0,0.0,0.0,0.0,0.0,0.0,16.0,0.0,10.5,0.0,16.0,E:\Python\MathProject_AST_Research\agent_tools\reports\jh_數學2上_FourOperationsOfRadicals\qwen3_14b\gen_code\temp_gen_9e4667b5.py,"L1: AST 解析成功; 無危險函數(或已豁免); Import 白名單通過; 缺少 Docstring/TypeHint (-2.0); Rep1 失敗: IndexError; Rep2 失敗: IndexError; Rep3 失敗: IndexError; 成功 0/3 次 | Perf: 15.99s | Tokens: In=759, Out=370 | Fix: [Bare] | Fixes: Basic=0, Advanced=(Regex=0, AST=0) | Verify: Internal Logic Check = PENDING | GenRun:5",,,,759,370,1129,15989,0,0,0,0,0
5156f01d-d0b0-4075-a27f-f05a5adfbe6d,2026-02-23T15:17:09.845119+00:00,qwen3-14b,jh_數學2上_FourOperationsOfRadicals,2,1,,3.14.0,6.4,0.7,3,3,0,1.0,0.0,15.0,7.5,7.5,15.0,7.5,7.5,18.0,10.0,8.0,29.0,5.0,4.0,5.0,32.67,9.0,4108.0,2.0,47.0,47.0,17.0,5.0,94.0,E:\Python\MathProject_AST_Research\agent_tools\reports\jh_數學2上_FourOperationsOfRadicals\qwen3_14b\gen_code\temp_gen_7168a084.py,"L1: AST 解析成功; 無危險函數(或已豁免); Import 白名單通過; 全部成功 (平均 0.00s) | Perf: 26.14s | Tokens: In=2125, Out=554 | Fix: [Minimal Healer] | Fixes: Basic=0, Advanced=(Regex=0, AST=0) | Verify: Internal Logic Check = PASSED | GenRun:1",,,,2125,554,2679,26144,1,1,0,0,0
2c347b9b-f7c9-4fb2-ade0-3c7a06b5326c,2026-02-23T15:17:37.238854+00:00,qwen3-14b,jh_數學2上_FourOperationsOfRadicals,2,1,,3.14.0,6.4,0.7,3,3,0,1.0,0.0,15.0,7.5,7.5,15.0,7.5,7.5,18.0,10.0,8.0,29.0,5.0,4.0,5.0,30.67,6.33,4108.0,2.0,47.0,47.0,17.0,5.0,94.0,E:\Python\MathProject_AST_Research\agent_tools\reports\jh_數學2上_FourOperationsOfRadicals\qwen3_14b\gen_code\temp_gen_7ff2dfb4.py,"L1: AST 解析成功; 無危險函數(或已豁免); Import 白名單通過; 全部成功 (平均 0.00s) | Perf: 24.84s | Tokens: In=2125, Out=554 | Fix: [Minimal Healer] | Fixes: Basic=0, Advanced=(Regex=0, AST=0) | Verify: Internal Logic Check = PASSED | GenRun:2",,,,2125,554,2679,24837,1,1,0,0,0
293306c6-97c9-4e68-b743-989176e48f3e,2026-02-23T15:18:04.560520+00:00,qwen3-14b,jh_數學2上_FourOperationsOfRadicals,2,1,,3.14.0,6.4,0.7,3,3,0,1.0,0.0,15.0,7.5,7.5,15.0,7.5,7.5,18.0,10.0,8.0,29.0,5.0,4.0,5.0,31.67,9.0,4108.0,2.0,47.0,47.0,17.0,5.0,94.0,E:\Python\MathProject_AST_Research\agent_tools\reports\jh_數學2上_FourOperationsOfRadicals\qwen3_14b\gen_code\temp_gen_e367ce31.py,"L1: AST 解析成功; 無危險函數(或已豁免); Import 白名單通過; 全部成功 (平均 0.00s) | Perf: 24.80s | Tokens: In=2125, Out=554 | Fix: [Minimal Healer] | Fixes: Basic=0, Advanced=(Regex=0, AST=0) | Verify: Internal Logic Check = PASSED | GenRun:3",,,,2125,554,2679,24798,1,1,0,0,0
97cd61cc-ee97-46b8-8eb7-fa1a1746ab4d,2026-02-23T15:18:32.370534+00:00,qwen3-14b,jh_數學2上_FourOperationsOfRadicals,2,1,,3.14.0,6.4,0.7,3,3,0,1.0,0.0,15.0,7.5,7.5,15.0,7.5,7.5,18.0,10.0,8.0,29.0,5.0,4.0,5.0,27.33,6.33,4108.0,2.0,47.0,47.0,17.0,5.0,94.0,E:\Python\MathProject_AST_Research\agent_tools\reports\jh_數學2上_FourOperationsOfRadicals\qwen3_14b\gen_code\temp_gen_d70680f0.py,"L1: AST 解析成功; 無危險函數(或已豁免); Import 白名單通過; 全部成功 (平均 0.00s) | Perf: 25.31s | Tokens: In=2125, Out=554 | Fix: [Minimal Healer] | Fixes: Basic=0, Advanced=(Regex=0, AST=0) | Verify: Internal Logic Check = PASSED | GenRun:4",,,,2125,554,2679,25309,1,1,0,0,0
e699709d-a83b-425c-8b2a-fbac21717d51,2026-02-23T15:18:59.753626+00:00,qwen3-14b,jh_數學2上_FourOperationsOfRadicals,2,1,,3.14.0,6.4,0.7,3,3,0,1.0,0.0,15.0,7.5,7.5,15.0,7.5,7.5,18.0,10.0,8.0,29.0,5.0,4.0,5.0,29.67,8.33,4108.0,2.0,47.0,47.0,17.0,5.0,94.0,E:\Python\MathProject_AST_Research\agent_tools\reports\jh_數學2上_FourOperationsOfRadicals\qwen3_14b\gen_code\temp_gen_8a04b635.py,"L1: AST 解析成功; 無危險函數(或已豁免); Import 白名單通過; 全部成功 (平均 0.00s) | Perf: 24.84s | Tokens: In=2125, Out=554 | Fix: [Minimal Healer] | Fixes: Basic=0, Advanced=(Regex=0, AST=0) | Verify: Internal Logic Check = PASSED | GenRun:5",,,,2125,554,2679,24845,1,1,0,0,0
81f1a38f-d44a-4010-b6c7-8c07d7fefe0b,2026-02-23T15:19:27.133725+00:00,qwen3-14b,jh_數學2上_FourOperationsOfRadicals,3,2,,3.14.0,6.4,0.7,3,3,0,1.0,0.0,15.0,7.5,7.5,15.0,7.5,7.5,18.0,10.0,8.0,29.0,5.0,4.0,5.0,32.33,8.33,4104.0,2.0,50.0,47.0,20.0,5.0,97.0,E:\Python\MathProject_AST_Research\agent_tools\reports\jh_數學2上_FourOperationsOfRadicals\qwen3_14b\gen_code\temp_gen_0cefe2f2.py,"L1: AST 解析成功; 無危險函數(或已豁免); Import 白名單通過; 全部成功 (平均 0.00s) | Perf: 24.82s | Tokens: In=2125, Out=554 | Fix: [Full Healer] | Fixes: Basic=0, Advanced=(Regex=0, AST=2) | Verify: Internal Logic Check = PASSED | GenRun:1",,,,2125,554,2679,24817,1,2,0,0,2
3833a146-1d8b-4a93-9126-0e793cd518a8,2026-02-23T15:19:54.560669+00:00,qwen3-14b,jh_數學2上_FourOperationsOfRadicals,3,2,,3.14.0,6.4,0.7,3,3,0,1.0,0.0,15.0,7.5,7.5,15.0,7.5,7.5,18.0,10.0,8.0,29.0,5.0,4.0,5.0,30.0,7.0,4104.0,2.0,50.0,47.0,20.0,5.0,97.0,E:\Python\MathProject_AST_Research\agent_tools\reports\jh_數學2上_FourOperationsOfRadicals\qwen3_14b\gen_code\temp_gen_f88c5f3e.py,"L1: AST 解析成功; 無危險函數(或已豁免); Import 白名單通過; 全部成功 (平均 0.00s) | Perf: 24.84s | Tokens: In=2125, Out=554 | Fix: [Full Healer] | Fixes: Basic=0, Advanced=(Regex=0, AST=2) | Verify: Internal Logic Check = PASSED | GenRun:2",,,,2125,554,2679,24839,1,2,0,0,2
75cd6942-f400-4f7d-a896-ea5e59792b28,2026-02-23T15:20:22.004661+00:00,qwen3-14b,jh_數學2上_FourOperationsOfRadicals,3,2,,3.14.0,6.4,0.7,3,3,0,1.0,0.0,15.0,7.5,7.5,15.0,7.5,7.5,18.0,10.0,8.0,29.0,5.0,4.0,5.0,27.67,7.0,4104.0,2.0,50.0,47.0,20.0,5.0,97.0,E:\Python\MathProject_AST_Research\agent_tools\reports\jh_數學2上_FourOperationsOfRadicals\qwen3_14b\gen_code\temp_gen_b12fbb39.py,"L1: AST 解析成功; 無危險函數(或已豁免); Import 白名單通過; 全部成功 (平均 0.00s) | Perf: 24.86s | Tokens: In=2125, Out=554 | Fix: [Full Healer] | Fixes: Basic=0, Advanced=(Regex=0, AST=2) | Verify: Internal Logic Check = PASSED | GenRun:3",,,,2125,554,2679,24857,1,2,0,0,2
c4a0ce3c-ad47-4ba0-8417-96be966dae26,2026-02-23T15:20:49.350627+00:00,qwen3-14b,jh_數學2上_FourOperationsOfRadicals,3,2,,3.14.0,6.4,0.7,3,3,0,1.0,0.0,15.0,7.5,7.5,15.0,7.5,7.5,18.0,10.0,8.0,29.0,5.0,4.0,5.0,33.33,9.0,4104.0,2.0,50.0,47.0,20.0,5.0,97.0,E:\Python\MathProject_AST_Research\agent_tools\reports\jh_數學2上_FourOperationsOfRadicals\qwen3_14b\gen_code\temp_gen_7ef8b765.py,"L1: AST 解析成功; 無危險函數(或已豁免); Import 白名單通過; 全部成功 (平均 0.00s) | Perf: 24.80s | Tokens: In=2125, Out=554 | Fix: [Full Healer] | Fixes: Basic=0, Advanced=(Regex=0, AST=2) | Verify: Internal Logic Check = PASSED | GenRun:4",,,,2125,554,2679,24802,1,2,0,0,2
049def0a-613a-4559-abc9-c5016cba4322,2026-02-23T15:21:16.667081+00:00,qwen3-14b,jh_數學2上_FourOperationsOfRadicals,3,2,,3.14.0,6.4,0.7,3,3,0,1.0,0.0,15.0,7.5,7.5,15.0,7.5,7.5,18.0,10.0,8.0,29.0,5.0,4.0,5.0,34.0,8.33,4104.0,2.0,50.0,47.0,20.0,5.0,97.0,E:\Python\MathProject_AST_Research\agent_tools\reports\jh_數學2上_FourOperationsOfRadicals\qwen3_14b\gen_code\temp_gen_a93a41d0.py,"L1: AST 解析成功; 無危險函數(或已豁免); Import 白名單通過; 全部成功 (平均 0.00s) | Perf: 24.81s | Tokens: In=2125, Out=554 | Fix: [Full Healer] | Fixes: Basic=0, Advanced=(Regex=0, AST=2) | Verify: Internal Logic Check = PASSED | GenRun:5",,,,2125,554,2679,24807,1,2,0,0,2
dfb7251a-17c4-441e-85d9-2ca13b99dd73,2026-02-23T15:21:36.379934+00:00,qwen3-14b,jh_數學2上_FourOperationsOfRadicals,1,3,,3.14.0,6.4,0.7,3,3,0,1.0,0.0,13.0,5.5,7.5,13.5,6.0,7.5,16.33,10.0,6.33,27.44,5.0,4.0,5.0,20.33,5.0,273.0,1.0,37.0,43.78,10.5,4.78,80.78,E:\Python\MathProject_AST_Research\agent_tools\reports\jh_數學2上_FourOperationsOfRadicals\qwen3_14b\gen_code\temp_gen_4fac3864.py,"L1: AST 解析成功; 無危險函數(或已豁免); Import 白名單通過; 缺少 Docstring/TypeHint (-2.0); 全部成功 (平均 0.00s) | Perf: 17.15s | Tokens: In=759, Out=346 | Fix: [Bare] | Fixes: Basic=0, Advanced=(Regex=0, AST=0) | Verify: Internal Logic Check = PENDING | GenRun:1",,,,759,346,1105,17148,0,0,0,0,0
226f2119-b1ad-4d5d-97ce-05812f2b2487,2026-02-23T15:21:53.745775+00:00,qwen3-14b,jh_數學2上_FourOperationsOfRadicals,1,3,,3.14.0,6.4,0.7,3,3,0,1.0,0.0,13.0,5.5,7.5,13.5,6.0,7.5,18.0,10.0,8.0,29.0,5.0,4.0,5.0,25.33,7.67,273.0,1.0,37.0,47.0,10.5,5.0,84.0,E:\Python\MathProject_AST_Research\agent_tools\reports\jh_數學2上_FourOperationsOfRadicals\qwen3_14b\gen_code\temp_gen_e17b6235.py,"L1: AST 解析成功; 無危險函數(或已豁免); Import 白名單通過; 缺少 Docstring/TypeHint (-2.0); 全部成功 (平均 0.00s) | Perf: 14.92s | Tokens: In=759, Out=346 | Fix: [Bare] | Fixes: Basic=0, Advanced=(Regex=0, AST=0) | Verify: Internal Logic Check = PENDING | GenRun:2",,,,759,346,1105,14922,0,0,0,0,0
60792319-bc6d-484f-804d-2973c804b930,2026-02-23T15:22:11.279475+00:00,qwen3-14b,jh_數學2上_FourOperationsOfRadicals,1,3,,3.14.0,6.4,0.7,3,3,0,1.0,0.0,13.0,5.5,7.5,13.5,6.0,7.5,14.67,10.0,4.67,25.22,5.0,4.0,5.0,17.33,4.33,273.0,1.0,37.0,39.89,10.5,4.56,76.89,E:\Python\MathProject_AST_Research\agent_tools\reports\jh_數學2上_FourOperationsOfRadicals\qwen3_14b\gen_code\temp_gen_3149d475.py,"L1: AST 解析成功; 無危險函數(或已豁免); Import 白名單通過; 缺少 Docstring/TypeHint (-2.0); 全部成功 (平均 0.00s) | Perf: 15.04s | Tokens: In=759, Out=346 | Fix: [Bare] | Fixes: Basic=0, Advanced=(Regex=0, AST=0) | Verify: Internal Logic Check = PENDING | GenRun:3",,,,759,346,1105,15039,0,0,0,0,0
78a9d0a3-ae23-4fae-b315-55748fd7a26a,2026-02-23T15:22:25.962924+00:00,qwen3-14b,jh_數學2上_FourOperationsOfRadicals,1,3,,3.14.0,6.4,0.7,3,3,0,1.0,0.0,13.0,5.5,7.5,13.5,6.0,7.5,16.33,10.0,6.33,26.33,5.0,4.0,3.0,23.67,5.67,249.0,1.0,37.0,42.67,10.5,5.0,79.67,E:\Python\MathProject_AST_Research\agent_tools\reports\jh_數學2上_FourOperationsOfRadicals\qwen3_14b\gen_code\temp_gen_fcc3bb96.py,"L1: AST 解析成功; 無危險函數(或已豁免); Import 白名單通過; 缺少 Docstring/TypeHint (-2.0); 全部成功 (平均 0.00s) | Perf: 12.20s | Tokens: In=759, Out=281 | Fix: [Bare] | Fixes: Basic=0, Advanced=(Regex=0, AST=0) | Verify: Internal Logic Check = PENDING | GenRun:4",,,,759,281,1040,12201,0,0,0,0,0
413af90a-29a3-4997-aabb-4783c662bead,2026-02-23T15:22:41.659340+00:00,qwen3-14b,jh_數學2上_FourOperationsOfRadicals,1,3,,3.14.0,6.4,0.7,3,3,0,1.0,0.0,13.0,5.5,7.5,13.5,6.0,7.5,18.0,10.0,8.0,29.0,5.0,4.0,5.0,41.33,10.67,251.0,1.0,37.0,47.0,10.5,5.0,84.0,E:\Python\MathProject_AST_Research\agent_tools\reports\jh_數學2上_FourOperationsOfRadicals\qwen3_14b\gen_code\temp_gen_df50f14c.py,"L1: AST 解析成功; 無危險函數(或已豁免); Import 白名單通過; 缺少 Docstring/TypeHint (-2.0); 全部成功 (平均 0.00s) | Perf: 13.25s | Tokens: In=759, Out=307 | Fix: [Bare] | Fixes: Basic=0, Advanced=(Regex=0, AST=0) | Verify: Internal Logic Check = PENDING | GenRun:5",,,,759,307,1066,13248,0,0,0,0,0
14e77bad-21e0-45ce-b36d-66b45e3e5558,2026-02-23T15:23:10.131542+00:00,qwen3-14b,jh_數學2上_FourOperationsOfRadicals,2,4,,3.14.0,6.4,0.7,3,3,0,1.0,0.0,15.0,7.5,7.5,15.0,7.5,7.5,18.0,10.0,8.0,29.0,5.0,4.0,5.0,33.0,8.0,4108.0,2.0,47.0,47.0,17.0,5.0,94.0,E:\Python\MathProject_AST_Research\agent_tools\reports\jh_數學2上_FourOperationsOfRadicals\qwen3_14b\gen_code\temp_gen_50e57329.py,"L1: AST 解析成功; 無危險函數(或已豁免); Import 白名單通過; 全部成功 (平均 0.00s) | Perf: 25.96s | Tokens: In=2125, Out=554 | Fix: [Minimal Healer] | Fixes: Basic=0, Advanced=(Regex=0, AST=0) | Verify: Internal Logic Check = PASSED | GenRun:1",,,,2125,554,2679,25960,1,1,0,0,0
13197b85-5301-492d-b0e0-ebb4b5fd1c57,2026-02-23T15:23:37.542836+00:00,qwen3-14b,jh_數學2上_FourOperationsOfRadicals,2,4,,3.14.0,6.4,0.7,3,3,0,1.0,0.0,15.0,7.5,7.5,15.0,7.5,7.5,18.0,10.0,8.0,29.0,5.0,4.0,5.0,29.67,6.67,4108.0,2.0,47.0,47.0,17.0,5.0,94.0,E:\Python\MathProject_AST_Research\agent_tools\reports\jh_數學2上_FourOperationsOfRadicals\qwen3_14b\gen_code\temp_gen_6dbebbf9.py,"L1: AST 解析成功; 無危險函數(或已豁免); Import 白名單通過; 全部成功 (平均 0.00s) | Perf: 24.82s | Tokens: In=2125, Out=554 | Fix: [Minimal Healer] | Fixes: Basic=0, Advanced=(Regex=0, AST=0) | Verify: Internal Logic Check = PASSED | GenRun:2",,,,2125,554,2679,24825,1,1,0,0,0
3d8c16af-022b-48b1-8132-c3fa94e33b3a,2026-02-23T15:24:04.854220+00:00,qwen3-14b,jh_數學2上_FourOperationsOfRadicals,2,4,,3.14.0,6.4,0.7,3,3,0,1.0,0.0,15.0,7.5,7.5,15.0,7.5,7.5,18.0,10.0,8.0,29.0,5.0,4.0,5.0,29.0,7.0,4108.0,2.0,47.0,47.0,17.0,5.0,94.0,E:\Python\MathProject_AST_Research\agent_tools\reports\jh_數學2上_FourOperationsOfRadicals\qwen3_14b\gen_code\temp_gen_ed825e1d.py,"L1: AST 解析成功; 無危險函數(或已豁免); Import 白名單通過; 全部成功 (平均 0.00s) | Perf: 24.82s | Tokens: In=2125, Out=554 | Fix: [Minimal Healer] | Fixes: Basic=0, Advanced=(Regex=0, AST=0) | Verify: Internal Logic Check = PASSED | GenRun:3",,,,2125,554,2679,24815,1,1,0,0,0
d582945f-7ad5-4faa-b37c-560e1c70dc4e,2026-02-23T15:24:32.250360+00:00,qwen3-14b,jh_數學2上_FourOperationsOfRadicals,2,4,,3.14.0,6.4,0.7,3,3,0,1.0,0.0,15.0,7.5,7.5,15.0,7.5,7.5,18.0,10.0,8.0,29.0,5.0,4.0,5.0,32.67,7.67,4108.0,2.0,47.0,47.0,17.0,5.0,94.0,E:\Python\MathProject_AST_Research\agent_tools\reports\jh_數學2上_FourOperationsOfRadicals\qwen3_14b\gen_code\temp_gen_88a88eee.py,"L1: AST 解析成功; 無危險函數(或已豁免); Import 白名單通過; 全部成功 (平均 0.00s) | Perf: 24.89s | Tokens: In=2125, Out=554 | Fix: [Minimal Healer] | Fixes: Basic=0, Advanced=(Regex=0, AST=0) | Verify: Internal Logic Check = PASSED | GenRun:4",,,,2125,554,2679,24889,1,1,0,0,0
c73c90b6-aecc-4d4d-8d10-d7fcc10214e5,2026-02-23T15:24:59.628529+00:00,qwen3-14b,jh_數學2上_FourOperationsOfRadicals,2,4,,3.14.0,6.4,0.7,3,3,0,1.0,0.0,15.0,7.5,7.5,15.0,7.5,7.5,18.0,10.0,8.0,29.0,5.0,4.0,5.0,28.33,7.33,4108.0,2.0,47.0,47.0,17.0,5.0,94.0,E:\Python\MathProject_AST_Research\agent_tools\reports\jh_數學2上_FourOperationsOfRadicals\qwen3_14b\gen_code\temp_gen_a1800c55.py,"L1: AST 解析成功; 無危險函數(或已豁免); Import 白名單通過; 全部成功 (平均 0.00s) | Perf: 24.80s | Tokens: In=2125, Out=554 | Fix: [Minimal Healer] | Fixes: Basic=0, Advanced=(Regex=0, AST=0) | Verify: Internal Logic Check = PASSED | GenRun:5",,,,2125,554,2679,24803,1,1,0,0,0
0e9c4575-0253-455e-b81a-47bbacb6d384,2026-02-23T15:25:26.954882+00:00,qwen3-14b,jh_數學2上_FourOperationsOfRadicals,3,5,,3.14.0,6.4,0.7,3,3,0,1.0,0.0,15.0,7.5,7.5,15.0,7.5,7.5,18.0,10.0,8.0,29.0,5.0,4.0,5.0,33.67,8.33,4104.0,2.0,50.0,47.0,20.0,5.0,97.0,E:\Python\MathProject_AST_Research\agent_tools\reports\jh_數學2上_FourOperationsOfRadicals\qwen3_14b\gen_code\temp_gen_ff109956.py,"L1: AST 解析成功; 無危險函數(或已豁免); Import 白名單通過; 全部成功 (平均 0.00s) | Perf: 24.80s | Tokens: In=2125, Out=554 | Fix: [Full Healer] | Fixes: Basic=0, Advanced=(Regex=0, AST=2) | Verify: Internal Logic Check = PASSED | GenRun:1",,,,2125,554,2679,24797,1,2,0,0,2
80c95987-0b40-412c-af71-2006b9b37ce2,2026-02-23T15:25:54.366112+00:00,qwen3-14b,jh_數學2上_FourOperationsOfRadicals,3,5,,3.14.0,6.4,0.7,3,3,0,1.0,0.0,15.0,7.5,7.5,15.0,7.5,7.5,18.0,10.0,8.0,29.0,5.0,4.0,5.0,31.33,8.33,4104.0,2.0,50.0,47.0,20.0,5.0,97.0,E:\Python\MathProject_AST_Research\agent_tools\reports\jh_數學2上_FourOperationsOfRadicals\qwen3_14b\gen_code\temp_gen_265cfecf.py,"L1: AST 解析成功; 無危險函數(或已豁免); Import 白名單通過; 全部成功 (平均 0.00s) | Perf: 24.88s | Tokens: In=2125, Out=554 | Fix: [Full Healer] | Fixes: Basic=0, Advanced=(Regex=0, AST=2) | Verify: Internal Logic Check = PASSED | GenRun:2",,,,2125,554,2679,24879,1,2,0,0,2
1b7be8fc-7c3b-4e37-8585-36b3cbb75e99,2026-02-23T15:26:22.358201+00:00,qwen3-14b,jh_數學2上_FourOperationsOfRadicals,3,5,,3.14.0,6.4,0.7,3,3,0,1.0,0.0,15.0,7.5,7.5,15.0,7.5,7.5,18.0,10.0,8.0,29.0,5.0,4.0,5.0,28.33,7.0,4104.0,2.0,50.0,47.0,20.0,5.0,97.0,E:\Python\MathProject_AST_Research\agent_tools\reports\jh_數學2上_FourOperationsOfRadicals\qwen3_14b\gen_code\temp_gen_3b288b72.py,"L1: AST 解析成功; 無危險函數(或已豁免); Import 白名單通過; 全部成功 (平均 0.00s) | Perf: 25.38s | Tokens: In=2125, Out=554 | Fix: [Full Healer] | Fixes: Basic=0, Advanced=(Regex=0, AST=2) | Verify: Internal Logic Check = PASSED | GenRun:3",,,,2125,554,2679,25382,1,2,0,0,2
bdb5332a-a502-4c07-94fc-7f6fcbbfd9d6,2026-02-23T15:26:50.779798+00:00,qwen3-14b,jh_數學2上_FourOperationsOfRadicals,3,5,,3.14.0,6.4,0.7,3,3,0,1.0,0.0,15.0,7.5,7.5,15.0,7.5,7.5,18.0,10.0,8.0,29.0,5.0,4.0,5.0,30.67,8.33,4104.0,2.0,50.0,47.0,20.0,5.0,97.0,E:\Python\MathProject_AST_Research\agent_tools\reports\jh_數學2上_FourOperationsOfRadicals\qwen3_14b\gen_code\temp_gen_fc84e821.py,"L1: AST 解析成功; 無危險函數(或已豁免); Import 白名單通過; 全部成功 (平均 0.00s) | Perf: 25.71s | Tokens: In=2125, Out=554 | Fix: [Full Healer] | Fixes: Basic=0, Advanced=(Regex=0, AST=2) | Verify: Internal Logic Check = PASSED | GenRun:4",,,,2125,554,2679,25715,1,2,0,0,2
bd128788-0c84-473b-9382-0b9ece97adf5,2026-02-23T15:27:18.747686+00:00,qwen3-14b,jh_數學2上_FourOperationsOfRadicals,3,5,,3.14.0,6.4,0.7,3,3,0,1.0,0.0,15.0,7.5,7.5,15.0,7.5,7.5,18.0,10.0,8.0,29.0,5.0,4.0,5.0,31.33,8.67,4104.0,2.0,50.0,47.0,20.0,5.0,97.0,E:\Python\MathProject_AST_Research\agent_tools\reports\jh_數學2上_FourOperationsOfRadicals\qwen3_14b\gen_code\temp_gen_dae783ce.py,"L1: AST 解析成功; 無危險函數(或已豁免); Import 白名單通過; 全部成功 (平均 0.00s) | Perf: 25.28s | Tokens: In=2125, Out=554 | Fix: [Full Healer] | Fixes: Basic=0, Advanced=(Regex=0, AST=2) | Verify: Internal Logic Check = PASSED | GenRun:5",,,,2125,554,2679,25283,1,2,0,0,2
7848f957-3af8-4b63-a552-e8b1e378d20e,2026-02-23T15:28:51.936334+00:00,qwen3-14b,jh_數學2上_FourOperationsOfRadicals,1,6,,3.14.0,6.4,0.7,3,3,0,0.0,0.0,13.0,5.5,7.5,0.0,0.0,0.0,0.0,0.0,0.0,0.0,0.0,0.0,0.0,0.0,0.0,0.0,0.0,22.0,0.0,9.0,0.0,22.0,E:\Python\MathProject_AST_Research\agent_tools\reports\jh_數學2上_FourOperationsOfRadicals\qwen3_14b\gen_code\temp_gen_490f121d.py,"L1: AST 解析成功; 無危險函數(或已豁免); Import 白名單通過; 缺少 Docstring/TypeHint (-2.0); 全部成功 (平均 0.00s) | Perf: 90.62s | Tokens: In=759, Out=2048 | Fix: [Bare] | Fixes: Basic=0, Advanced=(Regex=0, AST=0) | Verify: Internal Logic Check = PENDING | GenRun:1",,,,759,2048,2807,90625,0,0,0,0,0
90c6cdd6-9c1a-49c0-a4d7-837a4a71f089,2026-02-23T15:29:06.528902+00:00,qwen3-14b,jh_數學2上_FourOperationsOfRadicals,1,6,,3.14.0,6.4,0.7,3,3,0,0.3333,0.0,8.0,5.5,2.5,15.0,7.5,7.5,18.0,10.0,8.0,29.0,5.0,4.0,5.0,25.0,5.0,255.0,1.0,33.5,47.0,10.5,5.0,80.5,E:\Python\MathProject_AST_Research\agent_tools\reports\jh_數學2上_FourOperationsOfRadicals\qwen3_14b\gen_code\temp_gen_16e3d47f.py,"L1: AST 解析成功; 無危險函數(或已豁免); Import 白名單通過; 缺少 Docstring/TypeHint (-2.0); Rep1 失敗: IndexError; Rep2 失敗: IndexError; 成功 1/3 次 | Perf: 12.10s | Tokens: In=759, Out=278 | Fix: [Bare] | Fixes: Basic=0, Advanced=(Regex=0, AST=0) | Verify: Internal Logic Check = PENDING | GenRun:2",,,,759,278,1037,12097,0,0,0,0,0
8534db0a-bbc9-425f-ac36-4320171b283d,2026-02-23T15:29:24.125625+00:00,qwen3-14b,jh_數學2上_FourOperationsOfRadicals,1,6,,3.14.0,6.4,0.7,3,3,0,1.0,0.0,13.0,5.5,7.5,13.5,6.0,7.5,14.67,10.0,4.67,28.33,5.0,4.0,5.0,21.0,5.33,273.0,1.0,37.0,43.0,10.5,5.0,80.0,E:\Python\MathProject_AST_Research\agent_tools\reports\jh_數學2上_FourOperationsOfRadicals\qwen3_14b\gen_code\temp_gen_0bec21ba.py,"L1: AST 解析成功; 無危險函數(或已豁免); Import 白名單通過; 缺少 Docstring/TypeHint (-2.0); 全部成功 (平均 0.00s) | Perf: 15.06s | Tokens: In=759, Out=346 | Fix: [Bare] | Fixes: Basic=0, Advanced=(Regex=0, AST=0) | Verify: Internal Logic Check = PENDING | GenRun:3",,,,759,346,1105,15065,0,0,0,0,0
d356dc04-9da9-4c31-b20d-274999fa6826,2026-02-23T15:29:41.763534+00:00,qwen3-14b,jh_數學2上_FourOperationsOfRadicals,1,6,,3.14.0,6.4,0.7,3,3,0,1.0,0.0,13.0,5.5,7.5,13.5,6.0,7.5,18.0,10.0,8.0,29.0,5.0,4.0,5.0,28.0,7.33,273.0,1.0,37.0,47.0,10.5,5.0,84.0,E:\Python\MathProject_AST_Research\agent_tools\reports\jh_數學2上_FourOperationsOfRadicals\qwen3_14b\gen_code\temp_gen_6423f304.py,"L1: AST 解析成功; 無危險函數(或已豁免); Import 白名單通過; 缺少 Docstring/TypeHint (-2.0); 全部成功 (平均 0.00s) | Perf: 15.05s | Tokens: In=759, Out=346 | Fix: [Bare] | Fixes: Basic=0, Advanced=(Regex=0, AST=0) | Verify: Internal Logic Check = PENDING | GenRun:4",,,,759,346,1105,15052,0,0,0,0,0
dc0ba8a5-f634-47bc-99aa-b7854ff93ec9,2026-02-23T15:30:01.433831+00:00,qwen3-14b,jh_數學2上_FourOperationsOfRadicals,1,6,,3.14.0,6.4,0.7,3,3,0,1.0,0.0,13.0,5.5,7.5,15.0,7.5,7.5,18.0,10.0,8.0,28.0,5.0,4.33,3.67,29.33,5.67,337.0,1.0,38.5,46.0,10.5,5.0,84.5,E:\Python\MathProject_AST_Research\agent_tools\reports\jh_數學2上_FourOperationsOfRadicals\qwen3_14b\gen_code\temp_gen_50d23ee5.py,"L1: AST 解析成功; 無危險函數(或已豁免); Import 白名單通過; 缺少 Docstring/TypeHint (-2.0); 全部成功 (平均 0.00s) | Perf: 16.97s | Tokens: In=759, Out=382 | Fix: [Bare] | Fixes: Basic=0, Advanced=(Regex=0, AST=0) | Verify: Internal Logic Check = PENDING | GenRun:5",,,,759,382,1141,16969,0,0,0,0,0
7b55cb09-e5b0-4921-a08c-d525754d496e,2026-02-23T15:30:31.487267+00:00,qwen3-14b,jh_數學2上_FourOperationsOfRadicals,2,7,,3.14.0,6.4,0.7,3,3,0,1.0,0.0,15.0,7.5,7.5,15.0,7.5,7.5,18.0,10.0,8.0,27.0,5.0,4.0,5.0,30.0,6.67,4108.0,2.0,47.0,45.0,17.0,5.0,92.0,E:\Python\MathProject_AST_Research\agent_tools\reports\jh_數學2上_FourOperationsOfRadicals\qwen3_14b\gen_code\temp_gen_33fcd9d4.py,"L1: AST 解析成功; 無危險函數(或已豁免); Import 白名單通過; 全部成功 (平均 0.00s) | Perf: 27.10s | Tokens: In=2125, Out=554 | Fix: [Minimal Healer] | Fixes: Basic=0, Advanced=(Regex=0, AST=0) | Verify: Internal Logic Check = PASSED | GenRun:1",,,,2125,554,2679,27104,1,1,0,0,0
f418d47f-33ab-4eee-a0be-02e1bf88353a,2026-02-23T15:30:59.849597+00:00,qwen3-14b,jh_數學2上_FourOperationsOfRadicals,2,7,,3.14.0,6.4,0.7,3,3,0,1.0,0.0,15.0,7.5,7.5,15.0,7.5,7.5,18.0,10.0,8.0,29.0,5.0,4.0,5.0,31.33,7.67,4108.0,2.0,47.0,47.0,17.0,5.0,94.0,E:\Python\MathProject_AST_Research\agent_tools\reports\jh_數學2上_FourOperationsOfRadicals\qwen3_14b\gen_code\temp_gen_50af9f9d.py,"L1: AST 解析成功; 無危險函數(或已豁免); Import 白名單通過; 全部成功 (平均 0.00s) | Perf: 25.69s | Tokens: In=2125, Out=554 | Fix: [Minimal Healer] | Fixes: Basic=0, Advanced=(Regex=0, AST=0) | Verify: Internal Logic Check = PASSED | GenRun:2",,,,2125,554,2679,25693,1,1,0,0,0
2eb8866f-573d-466a-9b3c-104809e86a7e,2026-02-23T15:31:28.443887+00:00,qwen3-14b,jh_數學2上_FourOperationsOfRadicals,2,7,,3.14.0,6.4,0.7,3,3,0,1.0,0.0,15.0,7.5,7.5,15.0,7.5,7.5,18.0,10.0,8.0,29.0,5.0,4.0,5.0,33.67,9.33,4108.0,2.0,47.0,47.0,17.0,5.0,94.0,E:\Python\MathProject_AST_Research\agent_tools\reports\jh_數學2上_FourOperationsOfRadicals\qwen3_14b\gen_code\temp_gen_b4a74473.py,"L1: AST 解析成功; 無危險函數(或已豁免); Import 白名單通過; 全部成功 (平均 0.00s) | Perf: 25.94s | Tokens: In=2125, Out=554 | Fix: [Minimal Healer] | Fixes: Basic=0, Advanced=(Regex=0, AST=0) | Verify: Internal Logic Check = PASSED | GenRun:3",,,,2125,554,2679,25938,1,1,0,0,0
77546463-8a94-4e32-967d-40bc282339c1,2026-02-23T15:31:57.267716+00:00,qwen3-14b,jh_數學2上_FourOperationsOfRadicals,2,7,,3.14.0,6.4,0.7,3,3,0,1.0,0.0,15.0,7.5,7.5,15.0,7.5,7.5,16.33,10.0,6.33,27.0,5.0,4.0,5.0,23.67,5.33,4108.0,2.0,47.0,43.33,17.0,5.0,90.33,E:\Python\MathProject_AST_Research\agent_tools\reports\jh_數學2上_FourOperationsOfRadicals\qwen3_14b\gen_code\temp_gen_d4938e7f.py,"L1: AST 解析成功; 無危險函數(或已豁免); Import 白名單通過; 全部成功 (平均 0.00s) | Perf: 26.05s | Tokens: In=2125, Out=554 | Fix: [Minimal Healer] | Fixes: Basic=0, Advanced=(Regex=0, AST=0) | Verify: Internal Logic Check = PASSED | GenRun:4",,,,2125,554,2679,26049,1,1,0,0,0
6ca71112-2b53-454e-9eb0-9d57eb87a4e5,2026-02-23T15:32:26.025996+00:00,qwen3-14b,jh_數學2上_FourOperationsOfRadicals,2,7,,3.14.0,6.4,0.7,3,3,0,1.0,0.0,15.0,7.5,7.5,15.0,7.5,7.5,18.0,10.0,8.0,29.0,5.0,4.0,5.0,30.33,8.33,4108.0,2.0,47.0,47.0,17.0,5.0,94.0,E:\Python\MathProject_AST_Research\agent_tools\reports\jh_數學2上_FourOperationsOfRadicals\qwen3_14b\gen_code\temp_gen_9b89e2bd.py,"L1: AST 解析成功; 無危險函數(或已豁免); Import 白名單通過; 全部成功 (平均 0.00s) | Perf: 25.89s | Tokens: In=2125, Out=554 | Fix: [Minimal Healer] | Fixes: Basic=0, Advanced=(Regex=0, AST=0) | Verify: Internal Logic Check = PASSED | GenRun:5",,,,2125,554,2679,25892,1,1,0,0,0
daa83169-63fe-4015-8a8f-49654f8f8632,2026-02-23T15:32:55.448063+00:00,qwen3-14b,jh_數學2上_FourOperationsOfRadicals,3,8,,3.14.0,6.4,0.7,3,3,0,1.0,0.0,15.0,7.5,7.5,15.0,7.5,7.5,18.0,10.0,8.0,29.0,5.0,4.0,5.0,28.67,6.67,4104.0,2.0,50.0,47.0,20.0,5.0,97.0,E:\Python\MathProject_AST_Research\agent_tools\reports\jh_數學2上_FourOperationsOfRadicals\qwen3_14b\gen_code\temp_gen_c569bc9e.py,"L1: AST 解析成功; 無危險函數(或已豁免); Import 白名單通過; 全部成功 (平均 0.00s) | Perf: 26.44s | Tokens: In=2125, Out=554 | Fix: [Full Healer] | Fixes: Basic=0, Advanced=(Regex=0, AST=2) | Verify: Internal Logic Check = PASSED | GenRun:1",,,,2125,554,2679,26442,1,2,0,0,2
e71fd352-f69f-40e1-b0ba-7fa0ba8f6ac1,2026-02-23T15:33:25.020732+00:00,qwen3-14b,jh_數學2上_FourOperationsOfRadicals,3,8,,3.14.0,6.4,0.7,3,3,0,1.0,0.0,15.0,7.5,7.5,15.0,7.5,7.5,18.0,10.0,8.0,29.0,5.0,4.0,5.0,28.33,7.0,4104.0,2.0,50.0,47.0,20.0,5.0,97.0,E:\Python\MathProject_AST_Research\agent_tools\reports\jh_數學2上_FourOperationsOfRadicals\qwen3_14b\gen_code\temp_gen_0f99827a.py,"L1: AST 解析成功; 無危險函數(或已豁免); Import 白名單通過; 全部成功 (平均 0.00s) | Perf: 26.71s | Tokens: In=2125, Out=554 | Fix: [Full Healer] | Fixes: Basic=0, Advanced=(Regex=0, AST=2) | Verify: Internal Logic Check = PASSED | GenRun:2",,,,2125,554,2679,26713,1,2,0,0,2
d4ca42cc-1a74-4159-9d56-e4cd7a3bd815,2026-02-23T15:33:53.219369+00:00,qwen3-14b,jh_數學2上_FourOperationsOfRadicals,3,8,,3.14.0,6.4,0.7,3,3,0,1.0,0.0,15.0,7.5,7.5,15.0,7.5,7.5,18.0,10.0,8.0,29.0,5.0,4.0,5.0,28.0,6.0,4104.0,2.0,50.0,47.0,20.0,5.0,97.0,E:\Python\MathProject_AST_Research\agent_tools\reports\jh_數學2上_FourOperationsOfRadicals\qwen3_14b\gen_code\temp_gen_cdab42a6.py,"L1: AST 解析成功; 無危險函數(或已豁免); Import 白名單通過; 全部成功 (平均 0.00s) | Perf: 25.45s | Tokens: In=2125, Out=554 | Fix: [Full Healer] | Fixes: Basic=0, Advanced=(Regex=0, AST=2) | Verify: Internal Logic Check = PASSED | GenRun:3",,,,2125,554,2679,25454,1,2,0,0,2
a471d2ae-efb4-45b9-9eb3-f5775b1ef14b,2026-02-23T15:34:21.913644+00:00,qwen3-14b,jh_數學2上_FourOperationsOfRadicals,3,8,,3.14.0,6.4,0.7,3,3,0,1.0,0.0,15.0,7.5,7.5,15.0,7.5,7.5,18.0,10.0,8.0,29.0,5.0,4.0,5.0,33.0,8.33,4104.0,2.0,50.0,47.0,20.0,5.0,97.0,E:\Python\MathProject_AST_Research\agent_tools\reports\jh_數學2上_FourOperationsOfRadicals\qwen3_14b\gen_code\temp_gen_c0c153b9.py,"L1: AST 解析成功; 無危險函數(或已豁免); Import 白名單通過; 全部成功 (平均 0.00s) | Perf: 25.77s | Tokens: In=2125, Out=554 | Fix: [Full Healer] | Fixes: Basic=0, Advanced=(Regex=0, AST=2) | Verify: Internal Logic Check = PASSED | GenRun:4",,,,2125,554,2679,25765,1,2,0,0,2
f5e0ecd6-da26-4c7f-9ffe-2e6af9d2551a,2026-02-23T15:34:49.693549+00:00,qwen3-14b,jh_數學2上_FourOperationsOfRadicals,3,8,,3.14.0,6.4,0.7,3,3,0,1.0,0.0,15.0,7.5,7.5,15.0,7.5,7.5,18.0,10.0,8.0,29.0,5.0,4.0,5.0,30.67,7.67,4104.0,2.0,50.0,47.0,20.0,5.0,97.0,E:\Python\MathProject_AST_Research\agent_tools\reports\jh_數學2上_FourOperationsOfRadicals\qwen3_14b\gen_code\temp_gen_87986800.py,"L1: AST 解析成功; 無危險函數(或已豁免); Import 白名單通過; 全部成功 (平均 0.00s) | Perf: 25.02s | Tokens: In=2125, Out=554 | Fix: [Full Healer] | Fixes: Basic=0, Advanced=(Regex=0, AST=2) | Verify: Internal Logic Check = PASSED | GenRun:5",,,,2125,554,2679,25021,1,2,0,0,2
