task_id,seed,p0_generation_id,candidate_generation_id,p0_pipeline_status,candidate_pipeline_status,pipeline_transition,paired_rescue,paired_regression,candidate_protocol_compliant,candidate_reasoning_leakage,regression_disclosure
Mbpp/748,11,0eb9607223a484740924cfdae9d6b8a9d0b4de9628d7650ea5eac20e9d7623ed,cacf39e6340f334335acda2f859e294c687fec0bbe111237b3cb449ee702cc43,fail,fail,fail_to_fail,false,false,true,false,not_applicable
Mbpp/748,22,3039b256417fa986c6543bc0ea8725b4764e7f061080ad6b6aa50820d2ed3c1e,4273cdbbedc7f13dfdbc2c81e9b52927ef20f529c946d0202a655ebd66aefb76,fail,fail,fail_to_fail,false,false,true,false,not_applicable
Mbpp/748,33,ec0cab77ebb0f2e20c579c0ab18f8f0ef7b7254cd5ea26c7f1d5178c50d265f9,b634a6b07c6fc8596a4c291a9a06a055214d20c8a9b88175ec2b51f50dcbb0af,fail,fail,fail_to_fail,false,false,true,false,not_applicable
Mbpp/748,44,f1e359b5ec1aa5ee3a4239ca312c67de9b80b82b191e61b9a01727a33ffed37e,fb62646c6eb0ae38e91d491bb9e3f02db5ea17b1b13bdc4b03f453859af921d0,fail,fail,fail_to_fail,false,false,true,false,not_applicable
Mbpp/748,55,874d0d2a64fd17b8e31f1945455cb48b5319808104b155e1abc0138bb854632c,6a7a6edb50f56aee133fea27a4726c07a056c8503d2ddb38a00bdbc817ac7203,fail,fail,fail_to_fail,false,false,true,false,not_applicable
Mbpp/759,11,1cb6b0eb832dca0a6762e84175a5642eb0bdecac7a173b48bd205683d869211a,65a312ec23c61afd133b68c9b33ac2b0b2ebaa6ccfd07ee7a409a72036f9382c,fail,fail,fail_to_fail,false,false,true,false,not_applicable
Mbpp/759,22,d86c570e1f899581eea3b7a6d833ae0e28a1b964c92201a31fe5c0359a1e7837,f2357f80e796f081206af1c8b72642172c05c85223c8d86d5ceec3f858c85e7a,fail,fail,fail_to_fail,false,false,true,false,not_applicable
Mbpp/759,33,2752ed7b08ac77720ec1a51787debd46948d80b7fc9829aa2c5d965977f9e0a0,47790fb8aafc074cf559c36dd7599ed7db43950db15987f24940f952e3e9cbe3,fail,fail,fail_to_fail,false,false,true,false,not_applicable
Mbpp/759,44,72bb9e078ba939a782bb9163c83e8b00cd3aa4f43e44207b8dbceb78b8676f26,74040762c9cc969faac0318ec880a90be38761512f455729de3c69fd0e10b901,fail,fail,fail_to_fail,false,false,true,false,not_applicable
Mbpp/759,55,0f27e3592755a8db565f8aaaf0ea2f4b4413acd8181d4e10efe5ccc7ce2c42b7,deacf9fb8e8b11cb8983dd3ca966ea2f9032f072bf5e1e005fad5450607dde26,fail,fail,fail_to_fail,false,false,true,false,not_applicable
Mbpp/430,11,1077087f2d7e9a1c5be3eef81da7dd24881dec34b33875a3bbad496267c137bc,58dcc3ade88205acc26830362c4285d7afb6fde12618d671bfdc07b8b49dbbf0,fail,fail,fail_to_fail,false,false,true,false,not_applicable
Mbpp/430,22,38e3d74ab2f050a39bbba4471772fa6b1b5cd46637f9e7fd493049fdf03b9fc8,77122be9628081066a79691fb34b93b45b9bd63764203d231afb5ffe5979344c,fail,fail,fail_to_fail,false,false,true,false,not_applicable
Mbpp/430,33,4a045c4919de032e5aa09027dc957e09ce3bc284548fe5da16a97e68737a6dad,02fb6deccf752f23de0f600cd40eba0980ce10b5b9a256c341667c8872d0fedc,fail,fail,fail_to_fail,false,false,true,false,not_applicable
Mbpp/430,44,acfa75f22e794b6f6da595f375ef83b4af0be11ee2943e0be003d638417dcfe4,ee8b57d48679cf202a7a1487bde8d750919e74a34fa593a88239f62f9fdbd14a,fail,fail,fail_to_fail,false,false,true,false,not_applicable
Mbpp/430,55,c1560ab79ec8d40548b67bc784235802b50353c29c56d148c454cbc6b934c8b3,a3e6c64fc92820e86204e6c32713e81457f3aa90388e2f698f36b05527cba204,fail,fail,fail_to_fail,false,false,true,false,not_applicable
Mbpp/67,11,8ac510725bcce5abcb8ff3cb4be6c59dd17484cf6be2358f2ee003e07dc80726,f2824a328dc6362f69e48fc7c41bb21bc24bd2331edc93dbae359691f79c834c,fail,fail,fail_to_fail,false,false,true,false,not_applicable
Mbpp/67,22,6ae47b310c07c3c303bdb70f8688999b45a0ac0cb97f65664a3d5b60eb3deff6,ef4ce941b174958087fed6064537ba440a68f13586afeb0453854cba8056ec44,fail,fail,fail_to_fail,false,false,true,false,not_applicable
Mbpp/67,33,1aad4362b16c91b5748dec998c9ab832bb04f6d40632a2d4c60b92a544610725,6792b7dd134c81f05b9d31cce888520f845da6d74a383ab8ed53a5bad0fe4fa1,fail,fail,fail_to_fail,false,false,true,false,not_applicable
Mbpp/67,44,e62468f6f6474794076b4c6b233ad6f050a0df2f065320f630ef2f3e0751f585,b63d746f4aa31a9c141a2c0b47334ae8634f02d8d1147ba44f3180ca7f5e599d,fail,fail,fail_to_fail,false,false,true,false,not_applicable
Mbpp/67,55,b7df85825bf5663c88c39b205e32e3e78487e39016fd7ae155d830cc7ba3eca5,70d127bf58920f59fe1371f0129554c1612066692962a395cfe9f6dd122245cf,fail,fail,fail_to_fail,false,false,true,false,not_applicable
Mbpp/11,11,7e5cd7bf7b8bf68609314fe046b5f54a324202cfae40141eef3f1e5773cf399e,ea7a9ac15b3c7d59a74a7b714853ec8b7db3e53cd15a19ffeaa4a2f690fdd450,fail,pass,fail_to_pass,true,false,true,false,not_applicable
Mbpp/11,22,fa78b887b2fb6cc6daa8a16c9950b44b11af6dfa1fff1a06669b90140c8784c3,29388f820237a9bd9be4d4d312813cf0ddd7606d36b2af00eef7dcb91e46f2f9,fail,fail,fail_to_fail,false,false,true,false,not_applicable
Mbpp/11,33,b8f27f7e1a96cfc81b79c1c277454ffbb14977568156ad9e2273f8c191e12884,c9b99d1e2b42392aa1a66f1095ba366b996e6d39c2a808bc19f99c50fe8579af,fail,fail,fail_to_fail,false,false,true,false,not_applicable
Mbpp/11,44,7905079a9ef6bf377ae20db93bd073667c540c479b73530efdaa1c699bb38a94,a3407dae3c2e8e7bc546198b06f1126a07d7f6a02ba02451002396baae88d31e,fail,fail,fail_to_fail,false,false,true,false,not_applicable
Mbpp/11,55,b6c1f2cff592f84b7ad4a7af5a6b1f19be499cf9c10ae63c315cf217265de28c,d71007de8a1c70894244a6556be91f5bbac2e67d85f5e293ecb8a541bdc383fc,fail,fail,fail_to_fail,false,false,true,false,not_applicable
Mbpp/162,11,b45c1e32345220cd9b6e92265454362dd11c12cee665a37927b4a95ec3ed8cf5,36b544dd1f6355a2f6b104179da03edce8c9b86695ea5cd2710b5a02b784c911,pass,pass,pass_to_pass,false,false,true,false,not_applicable
Mbpp/162,22,eff2218e594940f76def4115f5675a126c219bd6d38619e75c50904a502598f0,ff0342a7a58e8c56c5a3f25a7b12d7ec54e2a2960d9c210007e7162cf274dd32,pass,pass,pass_to_pass,false,false,true,false,not_applicable
Mbpp/162,33,a5d4f478fed6cf8cffad1f4e2ad1ae36ac1279bb8486d5cef591aba5f56f76bf,fdba6f8a2a39c308e07095ecc0e7564a065ad7de8fc81993935941346b6c1654,pass,pass,pass_to_pass,false,false,true,false,not_applicable
Mbpp/162,44,a71baf3122b95a75eae7537e15ee8f39c2c6ba9217862b998fe1d04f0525c661,3702816c047faaa3eafb77109ed89661e416142f8a983172ee0757946a84f0e8,pass,pass,pass_to_pass,false,false,true,false,not_applicable
Mbpp/162,55,95b1ac6b55ab117b76234818e7ba76a1209c5326bd97515a4086d9b7fa70f356,e5b15d083ef6fbe8ee4de29ae0e244fa9155f64dbe2d1fff5ffcf2fbbcc170bb,pass,pass,pass_to_pass,false,false,true,false,not_applicable
Mbpp/432,11,1b7f60490789e097043085e2a318e0cc9fbc210e87bc348ea2324d206ae89c1a,3b580361d4df8bef178b7bc5056b747c9a75f10aef70b1eb665b21678ae2decf,pass,fail,pass_to_fail,false,true,true,false,generic_evaluator_result_only_no_functional_cause_guessed
Mbpp/432,22,b4f7c82c4bc3c8e257cabc09c931a85ede90e507ef8b31a042b7d87566a84e6e,f7aebc9505953be26b8f25bfeb7002ba1d62d8eb2a080522945f4bd3f07921ba,pass,pass,pass_to_pass,false,false,true,false,not_applicable
Mbpp/432,33,3cca674d086cc2d8348d9d69a385c05faf44cac3ca8cef41541aece4200eae75,96b47b4e7676d8c0150302a46f9bb2f705b8c6718b5e9d182b535bf40adb369f,pass,pass,pass_to_pass,false,false,true,false,not_applicable
Mbpp/432,44,76adc5db34bd6447ea5d9299f1b5ea1a942dae28705c8dad811832b1471ad18b,a60f26b9dd7b97aa6789190312a0c2a2d7dcbac2d469d6ab4a924a06815b212c,fail,pass,fail_to_pass,true,false,true,false,not_applicable
Mbpp/432,55,ca407e86ebc118dfe9eb241663db79b85f373b1b489c9040e6dd1478cc7801d7,edaddd22ef12f8c5b350feafacdf0fb2a5653199b2c0024b7f350a7d0e857ecc,fail,pass,fail_to_pass,true,false,true,false,not_applicable
Mbpp/572,11,8e44229605443cd74b767c97a603476f37c87db47f9426b50651a77a084ce406,ebc852cea523b3a31b1de11333a5ea9dff202cc6c24dd76d3c16253d11d5b01f,pass,fail,pass_to_fail,false,true,true,false,generic_evaluator_result_only_no_functional_cause_guessed
Mbpp/572,22,4665e744b1837a1f55af50c1e58e0ef1e3d65e67c9b0f33a6dc4f7ea36f8cff1,9cef8778d3ad4c29f52fc92e00f86d75e22dacc84227c0f244784dde603550a0,pass,fail,pass_to_fail,false,true,true,false,generic_evaluator_result_only_no_functional_cause_guessed
Mbpp/572,33,acc05019db717fa0763bda3c4c80683d1edd1135089eee58ddf3ae9cb5630dd1,35ec2032d7a417a325d1cb702fcdc36e197c177d34249bd9d563978fb2c0187b,fail,fail,fail_to_fail,false,false,true,false,not_applicable
Mbpp/572,44,b58594208a05478980ed93ba71821889a0213cf945e24bca878e069728245d85,9c8dc02366b3c1051a91f72e43f67f9b3a433adc7f5cb40c6fe09ea81237eff5,pass,fail,pass_to_fail,false,true,true,false,generic_evaluator_result_only_no_functional_cause_guessed
Mbpp/572,55,4c817366d17b7415fd0e910fe51078ddafc9fa62976068310e85118f5d7b9ca4,ea244cfc20b33636c1f3b43d569e420b320193b442a4a498d50dce4bce4b6c2d,pass,pass,pass_to_pass,false,false,true,false,not_applicable
Mbpp/626,11,0f681f740a29472a2bd712931bb875e7b53fd2f85b22192a3a98e6b3cd0ad05c,a2014bcaf9ceea8a83a28725c85bcf716912917b79f0701341e8bde68916e966,fail,fail,fail_to_fail,false,false,true,false,not_applicable
Mbpp/626,22,1f69eb3847d2b473c2c462d04fd5b5c489029fe40074a95bd7a66ec773c029fe,3129be26adc89179e7f35e6d55d74396e1eb8c058d906d6b73514e64dfd58ad5,fail,pass,fail_to_pass,true,false,true,false,not_applicable
Mbpp/626,33,e05030690f459ec849d2356cf6e70f28db51ead697a5f43a3e49d7d0fcbfca47,407d33b90c425b6f39c5c8fa8156e6430fe6c8b698bdd832c4c9ac44d3a94150,fail,fail,fail_to_fail,false,false,true,false,not_applicable
Mbpp/626,44,07d28972bff35fa939e18225a17220a1d4177851bc1162c3308d465a4ae07f0e,5d7be6db8712418cff88983f7b41b0928ff4662c1fc0f6e9c6c421432cc020d4,fail,pass,fail_to_pass,true,false,true,false,not_applicable
Mbpp/626,55,a2b7e4f9e28b2997abfddbc9eb77da8b2336367d008047858f1d4db899c81fc1,6ccfbcecdfae471a6b22e29911421cf42b06898adfcd6bc013c0622b866a914b,fail,pass,fail_to_pass,true,false,true,false,not_applicable
Mbpp/138,11,5488ec4cd29a266f437050b7d96e0fb484ace7ed5c3ba185719afb7a9995d562,64e1dabddddc7dff4d0ebc029664d0f143975b024f77c074c56dbbdce7e578fe,fail,fail,fail_to_fail,false,false,true,false,not_applicable
Mbpp/138,22,346744094409dbd07ef8a4ed0b4deefb8ca4cc8290df9569cbf4f72cab8bb391,ee0de8e92354ed64e22224161619f7d66c1f559f314a7304712234efcd452570,fail,fail,fail_to_fail,false,false,true,false,not_applicable
Mbpp/138,33,572705bd867c35ff0d9a50f2fba6e8f9be6e88713d394b2c844e6c1850e0dbdb,cb09809d44070353618838436e963ecbf6c53e9d22d64cced2692a8fe301f600,fail,fail,fail_to_fail,false,false,true,false,not_applicable
Mbpp/138,44,3208fe1813c90e148249a12946e26b2a60cb2bedef7ea51e383c09ec6db28e67,be65fab5b260dc28b4b41cb44f815576bef790dda73bec10eacd9a56bddde22e,fail,fail,fail_to_fail,false,false,true,false,not_applicable
Mbpp/138,55,b56b598036e403b2d0a74106c1a213456d67dd84c8372ac32dfff99351de6d7a,8042bda31b5f64b902966d2f3a03e52db57b736a40c6c506869e1f38a1c6fb68,fail,fail,fail_to_fail,false,false,true,false,not_applicable
Mbpp/244,11,9baa2fd3382813e54f9581a18cde8e369ebf1f8382ec2e08e4fe64bf16569333,da5408a6135c4adfbfdde2d27836b0e8e8f044b21f2b27c63fe55e433209b635,fail,fail,fail_to_fail,false,false,true,false,not_applicable
Mbpp/244,22,b4aa83d4d22108675d6031d44bb7d5ed9ec04a153621e250f4b361acc07386f0,c46b6d0545afc4351c7b21c4c6c03597e0b28b105c2af0c0ffa6f0b971200cea,fail,fail,fail_to_fail,false,false,true,false,not_applicable
Mbpp/244,33,4e892201c1ed704b9e2c1fdc84ad48f8d3194d2801005a2bcc7e5ee336dbbdee,6a98b3ddbcef2f11364099b7aaab3eecfbdb56575cdd1cc3f2c2fb53c64ab8b1,fail,fail,fail_to_fail,false,false,true,false,not_applicable
Mbpp/244,44,5064e7038e8544e1028594fce28032ce2e748f55933b42009f9dd1dd9621670e,91327996b2dae8c5d3e69f91373ec983fdf08c3659e5710f47aa4851a4f5af39,fail,fail,fail_to_fail,false,false,true,false,not_applicable
Mbpp/244,55,9c0d970c1197af6bbdca437c2e22e2d99897599df5934406f31a4d5e6a8f66eb,5e014684a181ab6e5a356286c5169a884df98dd0a4ea9470116492d2a6ada442,fail,fail,fail_to_fail,false,false,true,false,not_applicable
Mbpp/735,11,444e06a13dd5beeb5ebdf91c15177b0e8c2b46cd9645e34d3c2623b8cdaa4e64,cd5e5158c62e674c16d1cb038b7aef17966b88ca3a7973a3459ccf77cf83de34,fail,fail,fail_to_fail,false,false,true,false,not_applicable
Mbpp/735,22,46deff5adafab9a79ba714fab52e992872c93bdde91e91bc61ffd0887fef1c2e,dd29996894a29e5842759950953e64e843985c8bae90ef1d4d3f89c32c66549f,fail,fail,fail_to_fail,false,false,true,false,not_applicable
Mbpp/735,33,fc199125a8364d3c81a6fa68bded9fdb4a3ee605ed87b37a19e8b855365d816c,e05bed082c57cf75a12a1f07380cb32fe1eafacf50308353ca0c4c33b8286987,fail,fail,fail_to_fail,false,false,true,false,not_applicable
Mbpp/735,44,e31db08d6e6a5fb60d6ff38b602ff6a48f92eb63c373caaf23572f948af40e0c,177fcbfe74dea61d45b5571326e35865048e63966f1d64a15393cfc191d03cbb,fail,fail,fail_to_fail,false,false,true,false,not_applicable
Mbpp/735,55,5ac8fbae45403fec1df828750c58a021e59d8522b6ab98f495675de4c7f8b202,ef0ae1b2fc4b0d38d168b900923bc53089f51500846dea0b1bb51565c0b89078,fail,fail,fail_to_fail,false,false,true,false,not_applicable
Mbpp/14,11,d6df41c74f2113008e98fb1eb8d1e5237900716fd994ec86ff3ad36510296da1,c054a78d4749394dfebe3fd3dbea71d742d99c88025dd0ee823d2fc6006aeaeb,pass,fail,pass_to_fail,false,true,true,false,generic_evaluator_result_only_no_functional_cause_guessed
Mbpp/14,22,4204bd306e49e818b32c6f15c724cf17c588f4f2c80643e41e10b0bbe9253eea,847ca4a4187d93f8fe925f3490a17ae696895ea54a39c19268a5ab328d36b1db,pass,fail,pass_to_fail,false,true,true,false,generic_evaluator_result_only_no_functional_cause_guessed
Mbpp/14,33,e0c9f4de582115d35ce5988f42b646a14cef069f827a56be3b71e2cb9335d47a,592735fc0fb4b7099b34fc31045197b807e804c1bc4011ba60213e7137245688,pass,fail,pass_to_fail,false,true,true,false,generic_evaluator_result_only_no_functional_cause_guessed
Mbpp/14,44,9b68c781fa9f7678ed940e7355a1d12d5e2943d1aa6adbf821c80befb2552f4c,9cac611f30e8e5de482b0c73a746ed001233570f7626535ff8a45a29f68acc5f,pass,fail,pass_to_fail,false,true,true,false,generic_evaluator_result_only_no_functional_cause_guessed
Mbpp/14,55,76850a7f66cc79cbadff02b98c98ec9c64fd128805c96762de90047b949a292f,0da3b35af53e607cbabd3ff64e38c263481a39f16c1ae9e4c49b7f5e5551496f,pass,pass,pass_to_pass,false,false,true,false,not_applicable
Mbpp/787,11,5ef0746c8f1109550c596fb4e6cc0008537188a812ef91337d57e345c5d9bf8d,e194a6fcd3fefdf485d9902567d8d115bfbac13c618469b18747d4eafc8aab54,fail,pass,fail_to_pass,true,false,true,false,not_applicable
Mbpp/787,22,209b29cf3e3a08970fdf338fefd94f997ce2e46e2133defbf6006b98d93dd560,1b170dca5f17c7d2c4eeaf893e290f80742d904ced9732e3717b522c75d923e9,fail,pass,fail_to_pass,true,false,true,false,not_applicable
Mbpp/787,33,a19156850efcef7c438ed61f8e876231c9f50f078fbe62b802e0736922154117,47881da91f5231fc9e8333c535ef0beafc975c425fa666812a13c355c650690d,fail,pass,fail_to_pass,true,false,true,false,not_applicable
Mbpp/787,44,2ff1f14ea4efd2a10ac31fda8476357a248fd3fdeff46fa97c9e0112d83e0fd4,3fdf2ec31720e5257a11f2576412951d0fff125ceb2786af3317a5f0445166f8,fail,fail,fail_to_fail,false,false,true,false,not_applicable
Mbpp/787,55,a65ee2bf9db53631d18809a97b611a82aa4c27b546c0f2e35c0dbf364ac8e2bc,f8b6341038660ff0b900f66ca29c856c4ba8b629516492da5ed89ea262db6a43,fail,pass,fail_to_pass,true,false,true,false,not_applicable
Mbpp/722,11,6ce0f7863ad5804e092d60c8b9e38a51d70cd8c810abf8eec1f69f64f4cb40df,97c20e4a4149a3efb2f11d10679f0dcfed9aeb79b444a05ba338d2f4f22e1130,pass,fail,pass_to_fail,false,true,true,false,generic_evaluator_result_only_no_functional_cause_guessed
Mbpp/722,22,fa6eea88ae815fb7fd065d54a0dc99cdfaf878a95b0a8ea8f3f2a2c887a8b81e,479c66e82f37857bf685ce23ee4c0b9822e50ee19c9c35d67f45f1abffd58a43,fail,fail,fail_to_fail,false,false,true,false,not_applicable
Mbpp/722,33,03131ea53f4e41991a9f3f3a5662947543d0516f9045c5661d3cb0146f86c5df,71ba63083857e94fb654ea030fa58b72c094f1fa71d5511d991b2a4344c7d0a2,fail,fail,fail_to_fail,false,false,true,false,not_applicable
Mbpp/722,44,3b0985b6287b3c300c2781736f4cd29b86fdb91a26c038a896f287311b027906,ceba7c45d40855d3207080323bd135f75df2415e3bbfa97fdc9614366bde65bb,fail,fail,fail_to_fail,false,false,true,false,not_applicable
Mbpp/722,55,ed7c7c6ba2188506bc7bc346346566b7326b2e987c7b698822d34cee23a654aa,33b251bc597a0f133e3496af31e69eb51bc226c92727e6ff3248566c0e6268f0,fail,fail,fail_to_fail,false,false,true,false,not_applicable
Mbpp/781,11,a485d1d41007c25067d9f3a3bdb608dda6f992f42340d7c55d3a919057cdc997,a4713929eb65bf37c1562b0586471de0500b1460d061c9afc5f641880d69bace,fail,pass,fail_to_pass,true,false,true,false,not_applicable
Mbpp/781,22,f26d3b6c5b250cc9d06efe1834b2b404d51d7a0e859fc98f09563716f190dd9e,0cabe9437f2999d8dba129752df36dfeb077c657fd603153afa00da5fb5e3b05,fail,pass,fail_to_pass,true,false,true,false,not_applicable
Mbpp/781,33,5fcb21d3f4604ac9f9bd47d6b397649f898d45cefb19dfce91cf1935a7aee4e8,82586fc7ee6ae6abbdf7e88aa149e5de2baedc47877731432b981eddfb60201f,fail,fail,fail_to_fail,false,false,true,false,not_applicable
Mbpp/781,44,c7c48875b8ac462137042b0a6054db68d2345a5cc6e9d0bd1c9386a1d7e5fb2f,0b0823971c54691fbfbf3c339eb5ad233c40555164347b0281352df8b201cf56,fail,pass,fail_to_pass,true,false,true,false,not_applicable
Mbpp/781,55,587815ea6e67d0a93fc406061b2e8b5ff35ef6951cb04ba134ad3eb8beb6ff9f,0c843ca7cab3af43fa509bb2224d00f30af59bb73b490a2cb1b6bb708c912476,fail,fail,fail_to_fail,false,false,true,false,not_applicable
Mbpp/622,11,8006220180c533f2141222ee7911166fe1ee88b242f018593fccfea133cb6309,91d8c90d51c785308231379abe45a2ab1f7e231781445ae37f51a47540501edb,fail,fail,fail_to_fail,false,false,true,false,not_applicable
Mbpp/622,22,b205585c65b2b98d0f3f2d7101dfbac9c75c4ec48b6980888d0f22231106d9d8,c4ef626b73f288435716926c61fcb362bb35984ad1244f2c6bb17c35acfd15a8,fail,fail,fail_to_fail,false,false,true,false,not_applicable
Mbpp/622,33,5b501a427d6d3bd9fb92de5d49f3451cea5ff0390b7477899ddb7557ddf9316a,99566e4e9b907047e9787185fea305ac560ba81b11336fcad73ab1dff3527098,fail,fail,fail_to_fail,false,false,true,false,not_applicable
Mbpp/622,44,224c6d10f685d837fff011b8cd27fdc1820fe99ef7d6b478c086b8938299da83,7b8e6fbb6a722c8b7d7e6ca7980e829ea5a010da1b3da012777e702354326c18,fail,fail,fail_to_fail,false,false,true,false,not_applicable
Mbpp/622,55,e74b3227af9787e330e5e9477c2ff468335ce5f06a7bf3c1c67f429dcd03f5fd,95acb909646839a2a918e714e30a067bc0adf6e786370e369fb143198c8a517b,fail,fail,fail_to_fail,false,false,true,false,not_applicable
Mbpp/607,11,a969ec3cd934fdaff135ee2b54a9408946a21053b4d5f1bd8987e3bab3eca1cf,24b83a25e6b554a5fbe7ebdcba796402e62073e7d1c338ed67ddc4117f773fb1,pass,fail,pass_to_fail,false,true,true,false,generic_evaluator_result_only_no_functional_cause_guessed
Mbpp/607,22,24993f4ca46d6c712e6520d2ab6b5c20a5c5637ff4b0ce64cc6640980051ff97,c4c70329f26c08770020f113baa25aaf1ca624f60ec4fd22c28b606077dfd45e,pass,fail,pass_to_fail,false,true,true,false,generic_evaluator_result_only_no_functional_cause_guessed
Mbpp/607,33,1a03fcc3ebd673cef576c022815bbda92822b13f6b1b6e461a7ab0ced30b3974,985b27847262e88fcab89b3019707d5eedaf66fc142e3415a8cd9f7105278184,fail,fail,fail_to_fail,false,false,true,false,not_applicable
Mbpp/607,44,d8a219f96a6bcdbf08ce4b2a8a36344150048adb044e3b63cbab878e3be73f10,bce43204d3cfa3825e206a8ca4e1bfd7f0a65c726c398f5c5b2a8efc80f807d9,pass,fail,pass_to_fail,false,true,true,false,generic_evaluator_result_only_no_functional_cause_guessed
Mbpp/607,55,6957b650ca2193b5c1bcdf2c28c3235942d51296cc8484aed1faa6fca901caeb,d539bf2d3a508283680eaeb0e6435e0287dc4853e54ce94f4fef3986caa3407c,pass,fail,pass_to_fail,false,true,true,false,generic_evaluator_result_only_no_functional_cause_guessed
Mbpp/410,11,0fe612c0852313a0e4718760095985ebf59286ff1d594c11c95dba6de5acc1bb,73ca303af3601d36144ae30958c5df372492824dcfb4f3d919f320b88263a68d,fail,fail,fail_to_fail,false,false,true,false,not_applicable
Mbpp/410,22,f21cba4b8b6736af1f7dc6809fd128a5258600450b9a772c015163c082cef669,378e9923389c34d435777f6ca8e1f988f78639587c522bd7e3b9abe3a09f5cbb,fail,fail,fail_to_fail,false,false,true,false,not_applicable
Mbpp/410,33,0e0f273bbcee66bab570fa14ea030e8f7f9cb335dd1b0fcb8e64b938e12fd640,84f48e293013f3e0548b6b0e3817aff23c823302d43a9bd7e859cac7873b9c83,fail,fail,fail_to_fail,false,false,true,false,not_applicable
Mbpp/410,44,300b310a445e79160b93da7d258215cba64902db1d1f02c22737469b366ad3d0,8ab444934b4005e2d9d154526a5b3d6306d88fa2f586e000a22e2d1464cd744e,fail,fail,fail_to_fail,false,false,true,false,not_applicable
Mbpp/410,55,68d4a8c959bac86d77443c37ea7514d4a8b93eb6bf3d72fd8f06e4cea276e8ea,23a64cb44efee82806a69f6a9bb392bca3a68622c3f295b61e54fe7feb887988,fail,fail,fail_to_fail,false,false,true,false,not_applicable
Mbpp/581,11,fef1aafe92e0e9c682934a16d924e4a6ee801073119d374decb268bc69e29547,2ce71038c3baebff9a4e2502cac95d2da5dff5b5b4d19aa7ca57e6308b03d7ee,fail,fail,fail_to_fail,false,false,true,false,not_applicable
Mbpp/581,22,5e6ce3e8ec836c807c7c68084f7bf4aee37956f7f5cef3a4d20ce4da86d004d6,7c380e20c3263d3e566cebe5bd0926faa4df4b0a0f3b90208a97e08c18e23bac,fail,fail,fail_to_fail,false,false,true,false,not_applicable
Mbpp/581,33,370baf2892b50a53504468e81b4c265a7369aa13e63201fb6ec80dc3f9cd2cb9,b56e669d8be577ca2ad63e790fd8bdf2c88e35e3e21c436e77e258fda1e81a20,fail,fail,fail_to_fail,false,false,true,false,not_applicable
Mbpp/581,44,99bfa7302b20d73c4a77fe901adc30ceffd54bda27220b492b139442ee968650,13fb3fb03c0c9c583b669d5cfeb196794b244716a492f4aca91a4bf6a2850f6a,fail,fail,fail_to_fail,false,false,true,false,not_applicable
Mbpp/581,55,1b7c0fc3578b32a5fc2ddc5055d061dc532785b62669756db9c0835e2890857e,6980908288e622ca24d6a7ebafa4576e7f9e8e15c0d150c12683800630e88e59,fail,fail,fail_to_fail,false,false,true,false,not_applicable
Mbpp/255,11,36fb82a007b5371d2963a71c7fb21b36cd5fee707a401ae1f3810ab463afa31d,25b0815c28cdb3c00bcc109d852b072efc70cfa6cd058c6a570d8f2f9ad1f577,fail,fail,fail_to_fail,false,false,true,false,not_applicable
Mbpp/255,22,c496e48af44ff991a321db2e91ae515e183e4614326dcc33e2d550a173a355d1,417d5bc9c6f843d7c3ffe6855cfa4f220188839f36ab523bdd887255b662efda,fail,fail,fail_to_fail,false,false,true,false,not_applicable
Mbpp/255,33,e2d3c49d3ba86a489bfada981fdcd554de5efe57acb793065fde124bd7472d6e,cf95cc22eda99535754cd4cdf4c23a0a9fd010442d0e82741c389fd0dc74a357,fail,fail,fail_to_fail,false,false,true,false,not_applicable
Mbpp/255,44,bd95ecd664847de0c19d2190281242b7f1ba692dd1a42019e07186f6a828b3fa,ba07f953c69a9bdda5c4773b39bcc4425d4cf469c15400f999e061ece73a3ac7,fail,fail,fail_to_fail,false,false,true,false,not_applicable
Mbpp/255,55,df6a05b11386fbfd5a2a418d86940bf1ac075ab31fb2d529120d5189e6579efd,680abbc5421a3d809acb1adc88923ca9fa98d4dae067e641423be4138f085941,fail,fail,fail_to_fail,false,false,true,false,not_applicable
Mbpp/99,11,eb249ec0039f75fb89994cb02c909393855e901b2f5f5d91063b8937f00e17ff,bef55968300b4f59719a23db4494e253189ad1c990344aa835db69681ad1d7b0,fail,fail,fail_to_fail,false,false,true,false,not_applicable
Mbpp/99,22,dffdf5ade71b9a9aa15ccac829e494cc1da16133bcfb0680cda80677125e03e0,09e5797740065b9063caa5cf39d6518b66c2874748f90cb62db43e7a9a359e4f,fail,fail,fail_to_fail,false,false,true,false,not_applicable
Mbpp/99,33,27d22465f0f05313aef17b265896f44e110a3f1fb7e04dc5751912a6d70d02d5,e03364a2f35b3e0b35cfb91704bc3305a0f06df78f5a100dac7e6606aed118f5,fail,fail,fail_to_fail,false,false,true,false,not_applicable
Mbpp/99,44,543711a67c8f9f85a86c2c3896ad2455161d49a46537db08590f503aa651ad47,f5c73b1826cb01a97e360e98dbe0bc2d709c8c0bb788b6e5fe5b2cf6a77f15e3,fail,fail,fail_to_fail,false,false,true,false,not_applicable
Mbpp/99,55,c9916ba24295a2e5aa837772818b94c58435d44dcb7277ee08af3a444f791736,c275bdc361e87e1a5391643376c4299fdb764b31af8bd8a9caab05e74b9d8e80,fail,fail,fail_to_fail,false,false,true,false,not_applicable
Mbpp/103,11,901290317a48f1644feade4fbe666ebd058f3720f42c7932442810ca69176337,57f657977170bbfa01847f018e2124ae7f1d4f0511f293ff319496209ce2e0b1,fail,fail,fail_to_fail,false,false,true,false,not_applicable
Mbpp/103,22,e6948f2c1c0372b39520d87a93b42257c7baad7f6630deffa18d79843c2a7c7b,974745cc438998b19d2fd31306f1d2db632bda9d6ae4b3d8e3092bf848ab40a6,fail,pass,fail_to_pass,true,false,true,false,not_applicable
Mbpp/103,33,aa5e35c68e531ed34fd32be404ab0bc38607ce7a8dae21c4dec81587ee5bc5dc,3e6ebbebe832b7d10357981032026db94e211cc8e29b357720c7fe239def79e3,fail,pass,fail_to_pass,true,false,true,false,not_applicable
Mbpp/103,44,9d591889679b8aec33958a54005c84ad4027992868f6bb84edd9cd1f9eef4591,ce943f0289e6dbd00ea1307c5a010b52d1055f1441e0b6e5aedb560e3e59bb61,fail,fail,fail_to_fail,false,false,true,false,not_applicable
Mbpp/103,55,af4b8ed3079116d0c8d0d25e8e555cfb077e411613dfb669c92d580fb9561901,6632e39bf06676ac43868600d2d2fd5789bffbcb2ac0cf44f7223794ebd19611,fail,fail,fail_to_fail,false,false,true,false,not_applicable
Mbpp/427,11,4f3fabe53d070b86479da48b0ecd3e943d599dcdb5bcdcafb1f9d671d96b7664,ec46b0f1a98174848a91e8f53e796b25c974618b13fbce5717e4844ca29d8093,fail,fail,fail_to_fail,false,false,true,false,not_applicable
Mbpp/427,22,046679633a48018b2f965711e6e901b7e5283e2dbe19a273df76d482ff66f12a,408c584c4d9423cc3f720ac54f47ca49b364575929caa5165a4ea0f60599b7cf,fail,fail,fail_to_fail,false,false,true,false,not_applicable
Mbpp/427,33,9f315c9974df712f22b3c9fa3a6e4429a918ede864173223f421dcb88f96b7fe,432047139b37d175196af8eac1ee98b664f2d8182bd1b380f14626b0e2ca4b86,fail,fail,fail_to_fail,false,false,true,false,not_applicable
Mbpp/427,44,60425ea0858c467c7bc985c2f32a3ab4acc5a8696846349b46d406cf0816c037,ec2a4eb5ba5477f2722159653f1c3539ec2b46d80e681110da5aef96ad0bdd37,fail,fail,fail_to_fail,false,false,true,false,not_applicable
Mbpp/427,55,295f2fa3b5787fcb3e0a0dedaa49ab1751c4e00b2f4a0c992b65e2265d5fcc16,4e5e7a8ec7034e354e93510d0a0d601c3d3a9a1dd2a19a89e35c5e4991f7721c,fail,fail,fail_to_fail,false,false,true,false,not_applicable
Mbpp/6,11,670b8227ba6a231154f906753d46979afef53cd9f2a48c888e0fb8983a56526f,57fb27dc3db54a84718dfef0176959e4ad564ef8411dd00a6893ce7f67ef7bed,fail,pass,fail_to_pass,true,false,true,false,not_applicable
Mbpp/6,22,f265840c275062cb49a3ae5fe9380feaaadc9dcefe1c0e435cb2eaad842ae003,73fb1fce3c2a8733b3348287547b8114548d444f0b19e6cdc05ad5d6f76875da,fail,pass,fail_to_pass,true,false,true,false,not_applicable
Mbpp/6,33,ba0b76086d532536b550628f2e7553046380c9ee40ff6d2753834b477621222b,2a75298496dc53db1938002da89f3bed13c0e666f89370980c48fc81d083111e,fail,pass,fail_to_pass,true,false,true,false,not_applicable
Mbpp/6,44,842df7457573c78be6c4248e40e0b31eddeda4fcc8d87adaf51441a2406e8216,850f759f9dae4f12033d2fb79a686461bbb8f7cfd18080e637d7bf4c4f78fc8d,fail,pass,fail_to_pass,true,false,true,false,not_applicable
Mbpp/6,55,3f7ddad774353603276c1cc3f84cf345431b8f5f5bfe0dcd30b3c8ad5d01dee2,8d98a6753b8cd1f590f80f7ddda4d4345561ea25a1a2969e2d130211f1278619,fail,pass,fail_to_pass,true,false,true,false,not_applicable
Mbpp/771,11,278df56d701e5e99526c23d3faa832c04deabbcadb5fd1418481bb14bd7c9d00,f1485436a8f1556f61de47479282563cc2a598428625bb5b9d30971983e7d928,fail,fail,fail_to_fail,false,false,true,false,not_applicable
Mbpp/771,22,e197b84fbb9498eb43f2527e786541a227fd69b3753a6a14a4759b8b31920322,5ebb48ebf652c6daaee427f7f175049cd36a7bc4ea8b828a7b4f0dbbc2232b76,fail,fail,fail_to_fail,false,false,true,false,not_applicable
Mbpp/771,33,4e50f31da1624ac25ce39bf3b65a70e3b1dec6122c0e298a8679f4aba2b77119,b966bc4dea8bd24c93c6c1d193d08a40404822733dea998048bd75b61ad0e241,fail,fail,fail_to_fail,false,false,true,false,not_applicable
Mbpp/771,44,56988ab0c07e20abd4ac5a4788c4363f4522e06ac00a0b93afb7a02a968ba01b,b859b33be2c31d19fcab75410b75afea25f22d9a157bcb4c672d862fa79ac478,fail,fail,fail_to_fail,false,false,true,false,not_applicable
Mbpp/771,55,ef676b71cc5ba6a012cca4ef1d30db70d5df2f66459013db035b67bf00e0dc5b,c2523483c612cc5ba51492eda739fa199eed8295e2f88b738caabe51cc99f7f3,fail,fail,fail_to_fail,false,false,true,false,not_applicable
Mbpp/119,11,337bffa32f46152c9574860cd2b6d440caf7462ec7a76c4ec881811586534e96,ff890179eb331b0ab1e6903634f2bf98950f194cf293c6dc8a4a655c4d2ed61f,fail,fail,fail_to_fail,false,false,true,false,not_applicable
Mbpp/119,22,72baa058a122c0972993af543cb0e21e24c45cac554e091b16d0647ca3a729cd,7febf12b13938f423625d4b3ce0a85ea7aa6ce76190a85e920d8a7c284f1b3e2,fail,fail,fail_to_fail,false,false,true,false,not_applicable
Mbpp/119,33,a0caed6650863aec0bd0eb083c5046a87a4f0887aa5c85e8523ff2681bf07204,a39b236a4f8bcc0d07bb9e1a8c251e1d851b38d3649bb6297b47c81d2117899f,fail,fail,fail_to_fail,false,false,true,false,not_applicable
Mbpp/119,44,a4c5ce803cc3f8948d5b1508555dc158658c60e799509e0d3f7bf80fa15aa3be,2bc6b277a5e932c6781628d5e289f42fdc538aab7c3155f636dabe26d72583d6,fail,fail,fail_to_fail,false,false,true,false,not_applicable
Mbpp/119,55,21a0de03073bac448d3f6530044201beee132c4f9b2569ca2f3cb142c6da6a1d,7256c02a1bb42cfaeb48616db869ac7fc65322eff93ea85b14b5a3be3d532cfb,fail,fail,fail_to_fail,false,false,true,false,not_applicable
Mbpp/306,11,1aa716ad63bc5d6697f817a0d8e4dea7bdecd372b3963134c1e324f67c33bff8,fe26993e21f110306e77c54446dd077d401547d27e5e9fc841cf31736fdf0c9c,fail,fail,fail_to_fail,false,false,true,false,not_applicable
Mbpp/306,22,60f57a66a0b5a774d0cb7483dd753598acf9261e67f67513449997a29a971e21,a36cf3936c1ae3386459e64b6b37c0a33902f5bd909bd9bb1e74e8ad5def36fe,fail,fail,fail_to_fail,false,false,true,false,not_applicable
Mbpp/306,33,acc067522d150aaaaee7f71f86c0791346ae66bf83cf8320cf4370aa127a78e4,96403c42ecf9689980bb1e6bccad955446de14dadc58c7a6460c9f3dd0e1eb4d,fail,fail,fail_to_fail,false,false,true,false,not_applicable
Mbpp/306,44,39f56ecc8652ec812e080a1d219a0168c05ef3f22a6089405991e307c56bc8b8,cce9621cd1f54d96e4cc5276f02f014cf2125caafbb76422bdc0b200939268e7,fail,fail,fail_to_fail,false,false,true,false,not_applicable
Mbpp/306,55,bf480ae9bf1afc38fd4a34ce1837d9383395fc453fa8bfc8bd5a05b5d0fd1eaf,d4bed3de35b0a822cd390a4426f5abe78c0ff6cece21391d3ad64e9797f14db2,fail,fail,fail_to_fail,false,false,true,false,not_applicable
Mbpp/620,11,f6df45639d1ce4b213fc1e9f3009af1bffe2bd8d40ce00e5307f62ad02771b02,0943e5f0fb007d81c61899b389a862475c823de41bc71d9347b67ffb56d8d71f,fail,fail,fail_to_fail,false,false,true,false,not_applicable
Mbpp/620,22,22a22819c210684b899d277d65aec4a12a04fe16022aca992ffe03d2f991674c,f7c5f3eba3d2e703f9647645abe775d5b7a68fbc5dc8c8ce01a9db86d6e342c2,fail,fail,fail_to_fail,false,false,true,false,not_applicable
Mbpp/620,33,ff02f19275d4c7eedb6d4de01b789965fa0d51ca810faa92cfd199a6f8ac2d1d,2ee68a9ccf5bfc2d44b1155fcbb7b09b34612d37d163b41e474e7921bd108acf,fail,fail,fail_to_fail,false,false,true,false,not_applicable
Mbpp/620,44,c2c5bf3911e4a84b8206eb421ac8d38901286649e170a709f199bf5305084865,22e095e40fc9ffa789244875ad80bbcdf5a39c1d8ff2575ba6b18d6bf7aaa978,fail,fail,fail_to_fail,false,false,true,false,not_applicable
Mbpp/620,55,811c2c1a9359a6f8aac662ef039e16408299efd2381bc90b8590c9d2ce317234,0044929f4c699ce089885614f60305304b9d4c019beb1a2d5b0338caf750ced1,fail,fail,fail_to_fail,false,false,true,false,not_applicable
Mbpp/237,11,f40a75514135c3c0c36f0fca0a7fc08c1d45ce3bdd03b20bda348273e60e2f51,4dac12566dc08d0bf771b0c352be72e57766ae5c66b8ab50a368f20ec02208fc,fail,fail,fail_to_fail,false,false,true,false,not_applicable
Mbpp/237,22,a4deabc46554e810157dd57874534c8292bc5109358a2143aafa8406264d988c,146bc2d97181260bbe1a152ffed9428bcc46cf3009a4c59ec2132f1dc82a32b7,fail,fail,fail_to_fail,false,false,true,false,not_applicable
Mbpp/237,33,9e1cd848eb42e1895ef3783ef04ef499386cfddaa1bbb88770386610ca46b3c9,efa93b4ff4f00c4aca6bb9894108e41644ef58e4e2e9d2b0bc29b42b90b080ce,fail,fail,fail_to_fail,false,false,true,false,not_applicable
Mbpp/237,44,101bd3d41209acdf21c1f67213a281d554c0a1d7dda598d3ab8287978ae3670d,3a1778660a134df220f543bcb32d12dc6ae2107a5114a14f84d40fa41e69539e,fail,fail,fail_to_fail,false,false,true,false,not_applicable
Mbpp/237,55,e75de41add40c31792e22503c8f1afd81acdd2c48b57530e107b73b2809d108e,3e956b37d4a472ab6d1502b80e212be1c1056100cac0ac411462a0a6acf536ce,fail,fail,fail_to_fail,false,false,true,false,not_applicable
Mbpp/440,11,7d40cb365a1f05aa5089a0e37073c8c3504cfb6ad0a6a10fe2d13fcf3e22be68,7f4689529c991f937ef0524b4491c7a82426bbf93184dfadcf0eb15c622027a0,fail,fail,fail_to_fail,false,false,true,false,not_applicable
Mbpp/440,22,5da7b5f2216d8d6e3d632928dd9b2fb3a5e3bd4f6b616f716ec9063a83901722,4e7b943003c647b9704e32c9336612ffc935c28833e109e37bfea515a92b317f,fail,fail,fail_to_fail,false,false,true,false,not_applicable
Mbpp/440,33,eb1fbf34ec7aadb1bfa0d4f14baea4d0477266e9a1d37771a3b3174c8f887000,9993ed030018598c5bedf33458e5615f11213e441c42b89c6eb336527d92935e,fail,fail,fail_to_fail,false,false,true,false,not_applicable
Mbpp/440,44,35c42d12b6b5cd8225cde817750ef9ec0a3d410ffe79448c45deede9ea381110,ff7f5f68a723ed2e979722d18acc5662ab9382f05839491f4a6ad6af82e5a7b5,fail,fail,fail_to_fail,false,false,true,false,not_applicable
Mbpp/440,55,7ab2ba440b0f8f56ecba73612cec5efb23daf99580e899206c0769caedc96e36,7642ab4371aa8ba9dbfc68541a01adcbc027316ad8fa2b960df7ec47d82f2b54,fail,fail,fail_to_fail,false,false,true,false,not_applicable
Mbpp/392,11,73d1378531c22c08b9f000a441782d1cb7c10e486e427c9d35d70418bbe37205,78a1f3daf5a3fe13748d1ffa28df93447927c3d55122ce2a957a0db024af908c,fail,pass,fail_to_pass,true,false,true,false,not_applicable
Mbpp/392,22,43d7eb87310985ad8af91ec5b5f018e69f96f5d18db58d769ab75d3a87268aeb,7dfd584de62919ba086f442f6ee07c2905fcf56b917bd85a72bc97edaf7e3756,fail,pass,fail_to_pass,true,false,true,false,not_applicable
Mbpp/392,33,2716343b6036cc30c198eb7eb6b9295793136b5d5f8aa1b4783d93ef7e4ebabb,02cdb71e9fbe8ddfaa4ae927091e670e3e9b162b91be73aafd863b1df83118c2,fail,pass,fail_to_pass,true,false,true,false,not_applicable
Mbpp/392,44,2c771653a2e7b767b4382e44acec3e6921a20714c3d3c2cb7305f98f69d92151,824b4ed0673563e60ea563f18c09189f1f1b8c2597ec55f31cb055bb0bc848ca,pass,pass,pass_to_pass,false,false,true,false,not_applicable
Mbpp/392,55,ef6db30b0adf61a60550679d7de7c925c7e5c7bf9d2d2c7b201e6e34a8f9f48c,a4621a91d9f4e0ded32d4215f8517fa72f2a38557353e2b9d038e4656abd40af,fail,fail,fail_to_fail,false,false,true,false,not_applicable
Mbpp/406,11,2897e7dee6ef64825191eecf210df472f0de4fadfe753133d8f7f02cb7ccf628,3cef9531965548075a231942abab3ddc2ba6338049a8bf89c600c94da684c0ba,fail,pass,fail_to_pass,true,false,true,false,not_applicable
Mbpp/406,22,ff7865ff24cca0870a82389adc66258e09fd916af43bd6ad932b907ee7d4e6b3,85a659115e3a24b12e8783bb653c124bc675feeeeeb9f63f9a538688f677ced4,fail,pass,fail_to_pass,true,false,true,false,not_applicable
Mbpp/406,33,18f40539a7321976e7592e1c80e12b41efaa509bf0575fb0240f478455ea3a58,f5900a7e550cae5ef4a2c560a5e4237e2abc78862f544452f483d7df76a6c4d7,fail,pass,fail_to_pass,true,false,true,false,not_applicable
Mbpp/406,44,a9067e3b110ec7e065cfcf70ebb1cbc4fdd8d28271f9f90e4d9d3f435300b3c7,9258ea95fcf638a74efbea948fb450e4c54abaf5405981c99f2e6b99ee5c8f6f,pass,pass,pass_to_pass,false,false,true,false,not_applicable
Mbpp/406,55,3b9fa633326b201d1bbca5c181048cd899fc8343e935a554f0e0716c99fd5228,ae06582a4ae74165cceced575bffaecdc938e78bda23035a53992184353ac5f0,fail,pass,fail_to_pass,true,false,true,false,not_applicable
Mbpp/419,11,c1217fcc17f6652bb6c7bc10140e3406ea86078f97cb5f9bfbb3684578e611f8,a115c9fe7e25dc2a59211d705d4bdc55a32c474be429878ec2c6ebeb6f2684f3,pass,pass,pass_to_pass,false,false,true,false,not_applicable
Mbpp/419,22,18b051d17d6d0a7f113448f5056cea1e796fc612b775639894081394acc0e7a8,891026b7cb0778ef2df06123768bef472f77e138ede1fb5b4e210e2bd5488c59,pass,pass,pass_to_pass,false,false,true,false,not_applicable
Mbpp/419,33,f25c1531749aa4d957a0274a394b654fac4154f03132628c2c5aaf191841e1c1,2b0a792a1f6c82f94096764912ee3c7b93c76d0ba712cd80d98b5d3a7ad52591,pass,pass,pass_to_pass,false,false,true,false,not_applicable
Mbpp/419,44,291e6bebfbf50c9c0294f2893ee1c68b82d283cee2f13f0bde227861003f4d51,3ecd919d778157d0e6a5c94031fa0cea2878246a8afca966f5b8440abcc3149c,pass,pass,pass_to_pass,false,false,true,false,not_applicable
Mbpp/419,55,a5e0a04805455acc7cf38863aa53c0cb794adfdac812142c9403a5b9a2f60d64,18cd349550771429ee2a5a16fc318371f1a6afdb40e34b59484c6874c407d7fd,pass,pass,pass_to_pass,false,false,true,false,not_applicable
Mbpp/786,11,09b15d22c363cf7f8eceaa40ada80145c642c86196b744c237924b9ce2b403fe,c71e4ac13f9aac2ba4199bf9eab5ee9e1acd5c340aad68f1a4b31aca884318c0,fail,fail,fail_to_fail,false,false,true,false,not_applicable
Mbpp/786,22,83f79b21b9317e5fc082802b37ba06b9984e7a9dd308e388f752b18482aac3e4,dc5524aaa6507fe42089c89307b1564949b197bd9c7638f7bfb81262c89dc6d1,fail,fail,fail_to_fail,false,false,true,false,not_applicable
Mbpp/786,33,45c74febc3ab090abaa73ad36bb495214537d7fb6eee604354fe2a5dce05d18a,f86af7b999aee00d7c75a2a6b5193114e4dc6fb09eb5b8347029b1f3ac6ccfde,pass,fail,pass_to_fail,false,true,true,false,generic_evaluator_result_only_no_functional_cause_guessed
Mbpp/786,44,6fece93974a926fdc7b6878f01b6d4e9d83e92aa0a621b5a810c525b0af0fea6,587431bc158d95e6d87a69bae6138d6b91b4dd16ae12452b2da31e32f3dc1796,fail,fail,fail_to_fail,false,false,true,false,not_applicable
Mbpp/786,55,d238e0e2fd743d85023cd86f008d345ee307975e4c2f3ac1840ce1fd844d20c9,b7288c60dd97eae1783b849cd921b7c4ea4682923aff9e2d4fa340ef4e360991,pass,fail,pass_to_fail,false,true,true,false,generic_evaluator_result_only_no_functional_cause_guessed
Mbpp/16,11,9dae0c4b53b8c617346add8c8effa7f1c95c590ec057f2a9a036df00206f1e13,e7013c966fc7e2f4022904c33336f87e77370f2c3660fa72989c39b59ff5aadd,pass,pass,pass_to_pass,false,false,true,false,not_applicable
Mbpp/16,22,145e455accb52b8017564f8e2a2b8ac22a8154c12d1659a3016c725c5b5e63c6,93ee288a42b62cd5bf439ff5cd06108201e26a697a37083e969ed15e49e00240,fail,pass,fail_to_pass,true,false,true,false,not_applicable
Mbpp/16,33,fe341a212dc397b5bf979ef6ca2eba9a6b60527585281d9f787145a09ffd639c,a8cd3ae4c2e1f02d186d5d70c2bb7a2e5981b59d8c1a0c22e4db2a18139a1ec9,pass,pass,pass_to_pass,false,false,true,false,not_applicable
Mbpp/16,44,ffa747114605827973a5cb1e1ae5532b2893fc254931dfaa0282842959d192ab,150c8ac702350e429a1ac6b67e791aac056ce51d2b763433af999bdda9b6c224,fail,pass,fail_to_pass,true,false,true,false,not_applicable
Mbpp/16,55,a3a14d674c1937598f29bedbf1be244508016ee83de7b6c8366f738e338193ff,0269ac580ebe465b3e03786dcfd218b86525b0c076eedfd121cd2abac5870e96,pass,pass,pass_to_pass,false,false,true,false,not_applicable
Mbpp/576,11,32ad463861862372c842c6b2f40aa76037c72dee4a43b337aee653230fc53f36,c7b6789d0e923462c79920d876e35b72e3f4467571a205423b7c844c32946c51,fail,fail,fail_to_fail,false,false,true,false,not_applicable
Mbpp/576,22,254a292ffabf0a33352288fe1918a22e17cf957f183081ffbc1c717421ea5bfd,3255aa5fc11faadc55b35279b4251cd75dff7385ff876c9d536ea3ef7e30d7dc,fail,fail,fail_to_fail,false,false,true,false,not_applicable
Mbpp/576,33,ba60d31e9f41bfa8ea47fa57080f46d8b78559648e1c11c5b01c1424fa66973a,06a7063a38deefb461d3bc27dfca2bc5b183042c2b6e9eb55283437d4613c7ac,fail,fail,fail_to_fail,false,false,true,false,not_applicable
Mbpp/576,44,b21f67620ced2dc92fb094d63bc9e30a37d698614effdcc9bbe55029b52c6ea0,8529ebdd98f300fea8faf1f5b1d699da99d7fffa90f8dbbf68d0d6ae536d6dce,fail,fail,fail_to_fail,false,false,true,false,not_applicable
Mbpp/576,55,cf6b11faf31bcdcf2da259543a8c89137c16f1f5904aa7fab229b874557c91be,415f64b02ff95cc0aa4ca069277fb232e79b627092cb4687ac709bf87a637b9a,fail,fail,fail_to_fail,false,false,true,false,not_applicable
Mbpp/118,11,f3543ca4786ddfaa6a03b9dd11343651e5a85b1ab785a480ab7eaeadabec09c4,512c609c8c3c32044adb823ba9295ed52b9a6e0be685382bb712a37e255adbe5,pass,pass,pass_to_pass,false,false,true,false,not_applicable
Mbpp/118,22,0f68ccf66eef6d6d501ad78434916691604bdba288e68432e1d1a696667d4b73,430778ba992c7bac6b6dd759c4e44deb176b7e1f899335051b2b37314f26e0df,pass,pass,pass_to_pass,false,false,true,false,not_applicable
Mbpp/118,33,51a28699a3616e37585880ceb63cf6aae85081093027d482850b9e3322109442,99d747c48eea3e0fdc87d68f1e62ad905ccf75cff4c0747003dfb19273fa3184,fail,pass,fail_to_pass,true,false,true,false,not_applicable
Mbpp/118,44,1c3078cc9443d2948775b713a28a94f1cb835e37cfc111f6e231ee62f7449c8f,a54da63c172f5769013f56776ea621f3b434604904175f362bff769856868b35,pass,pass,pass_to_pass,false,false,true,false,not_applicable
Mbpp/118,55,ab025e052d530356abf16d0524a58d6d867357c97633b9d39d865a80bfae868c,66c4f92f7e921e7613cf939e3c150b927d1c455f37004310142aa36b47736fd9,pass,pass,pass_to_pass,false,false,true,false,not_applicable
Mbpp/615,11,77f2cf1a3fc4f061c6eb5c68ef0641476c1df1c1793b12625e0f63ad9dc3e474,f9ba9e100aee0e589264f9df6a9f4aca40224a9a87ae991fa05142af83ceb5b3,fail,fail,fail_to_fail,false,false,true,false,not_applicable
Mbpp/615,22,6def5b056dc1cf9bffcd413c6fa145b38e7b863dc489e668f4571a9b4c6de0a8,b928a957e38badf8f3c153c4add1ebb8f0467a98eb10266e024dfaef312de6d3,fail,fail,fail_to_fail,false,false,true,false,not_applicable
Mbpp/615,33,bb97f317c28e1fe20a8e3f39223c589bda85d6026f4ebff522e8d4ec968375b6,289d15f353725fe24d5c9656deec9f5ff08bfaa931a3171caa9f45486fd4a0b2,fail,fail,fail_to_fail,false,false,true,false,not_applicable
Mbpp/615,44,03cae38de5dfaad0fce70937e27d0ccac5ed0588d7b48db85605bd90792e0f0e,e0e5b3501a0273cdb60aab6a62fa586efe3df8d004afd006491bdd603828f899,fail,fail,fail_to_fail,false,false,true,false,not_applicable
Mbpp/615,55,cb06b47d8284649702af6af6f29d9971536247b5f8486ff3bbda36fcd9e80cd6,e00ad7ee32bc67d1986590b898997017be1b7805676511c6868dbb3451ceb59a,fail,fail,fail_to_fail,false,false,true,false,not_applicable
Mbpp/287,11,c660bd0187c71269de5ef999dcb38d288a6bb1a92c191278b0931c00cc62cc85,be678d9afc9154fd816d0d426dc47903b6b477e151bdd3f3805a1bf7e59ff840,fail,fail,fail_to_fail,false,false,true,false,not_applicable
Mbpp/287,22,2d1fdbedc5a1eed029832acd69456bcbd1d0d207bfe480fcebd3d0568bda44e5,27fb256d03e3c5357f06186c7882d4a392cd042790a79a1843f6781b09490693,fail,fail,fail_to_fail,false,false,true,false,not_applicable
Mbpp/287,33,528827a702199e2ef0261041d38d651e015539edab6c7691554d1661a4b5fec0,11a8a71ece4db2b28c7abd1e8426cc4b4860986a88582427e2de0393fa284918,fail,fail,fail_to_fail,false,false,true,false,not_applicable
Mbpp/287,44,e328d6f955e225a9d46dbffb0c93a07644cfe7c255187b353ad647a48d5e87ce,3c2c3b1cd25e476f7424e5dc80b0d9350a81d20e570fb8798cbc20431d9270bb,fail,fail,fail_to_fail,false,false,true,false,not_applicable
Mbpp/287,55,2689d75140851d21ebf2bbc68fe91e1bf331fcbade059916963b8143f6f1df58,9aeb85bee5d8f4c47d933cc06e82270568c0f092c33f6623d4f56aee1a2d1c81,fail,fail,fail_to_fail,false,false,true,false,not_applicable
