roster_rank,program_id,cell_identity_sha256,task_id,seed,required_entry_point,diagnostic_phase,diagnostic_exception_class,diagnostic_candidate_line,diagnostic_model_source_ast_node,termination,ipc_status,child_exit_bucket,return_type_bucket,return_shape_bucket,frozen_g1_parse,frozen_g2_execution,frozen_g3e_entry_point,frozen_outcome_validity,diagnostic_evidence_validity,parse_success,compile_success,parse_error_type,entry_point_def_count,entry_point_present,entry_point_ambiguous,required_signature_arity_visible,module_level_executable_node_types,module_level_executable_count,import_modules,import_classification,import_has_stdlib,import_has_third_party_or_local,nameerror_exception_signal,import_or_name_resolution_signal,module_execution_exception_signal,timeout_or_nontermination_signal,completed_return_signal,output_or_contract_shape_signal,truncation_mechanism_candidate,packaging_or_scaffold_residue_signal,traceback_in_frozen_diagnostics,stdout_stderr_in_frozen_diagnostics,hidden_expected_actual_used,h1_result_used_for_sampling,all_observed_machine_signals,operational_cluster,cluster_is_not_taxonomy_layer,primary_failure_layer,secondary_failure_layers,healer_eligibility
1,00227845900dfa7dd96b61bef5d30b83f583ff6576a9846c8b20c41fbbf5ffc0,a06cd58d37e009237510cc4b272e02c8b5178e129f053d58be743d5f9d8ecd2a,Mbpp/576,55,is_Sub_Array,completed,,,,returned,result_received,exit_0,bool,scalar,PASS,PASS,PASS,PENDING_REVIEW,VALID_DIAGNOSTIC_EVIDENCE,true,true,,1,true,false,2,[],0,[],NONE,false,false,false,false,false,false,true,true,false,false,NOT_PRESENT_IN_FROZEN_COARSE_DIAGNOSTICS,NOT_PRESENT_IN_FROZEN_COARSE_DIAGNOSTICS,false,false,"[""output_or_contract_shape_signal""]",output_or_contract_shape_signal,true,,,
2,0289530320e18702b3707c97e303a554dad0bdbb69b4aa25e0a3382ec2da0e89,83a36af48b8a08051d0b7c7255762e8b93d5b74f74e214ad78ea0874d59e051d,Mbpp/279,44,is_num_decagonal,completed,,,,returned,result_received,exit_0,bool,scalar,PASS,PASS,PASS,PENDING_REVIEW,VALID_DIAGNOSTIC_EVIDENCE,true,true,,1,true,false,1,[],0,[],NONE,false,false,false,false,false,false,true,true,false,false,NOT_PRESENT_IN_FROZEN_COARSE_DIAGNOSTICS,NOT_PRESENT_IN_FROZEN_COARSE_DIAGNOSTICS,false,false,"[""output_or_contract_shape_signal""]",output_or_contract_shape_signal,true,,,
3,0340cfda2189318c12c82e9ada35a30fca39776379bce0ae6142e41ea8802141,b784a3558a1c4d00bf86d20b60c28d1a9be010b4d1ec91e7dfab49f4ea0844d5,Mbpp/124,33,angle_complex,G2_base,TypeError,8,,raised,result_received,exit_0,,,PASS,FAIL,PASS,PENDING_REVIEW,VALID_DIAGNOSTIC_EVIDENCE,true,true,,1,true,false,2,[],0,"[""math""]",math:STDLIB,true,false,false,false,true,false,false,false,false,false,NOT_PRESENT_IN_FROZEN_COARSE_DIAGNOSTICS,NOT_PRESENT_IN_FROZEN_COARSE_DIAGNOSTICS,false,false,"[""module_execution_exception_signal""]",module_execution_exception_signal,true,,,
4,0490b9359595e547cd1f19b993b279e4771e6b010b486895ef005aa327ec6ba5,c5d9b3b1aa42f7f63ffb83f41f290af87c771abb0b6eb6dd11aeabf88fbd5c86,Mbpp/440,33,find_adverb_position,completed,,,,returned,result_received,exit_0,tuple,nonempty_sequence,PASS,PASS,PASS,PENDING_REVIEW,VALID_DIAGNOSTIC_EVIDENCE,true,true,,1,true,false,1,"[""Assert""]",1,"[""re""]",re:STDLIB,true,false,false,false,false,false,true,true,false,true,NOT_PRESENT_IN_FROZEN_COARSE_DIAGNOSTICS,NOT_PRESENT_IN_FROZEN_COARSE_DIAGNOSTICS,false,false,"[""output_or_contract_shape_signal"",""packaging_or_scaffold_residue_signal""]",output_or_contract_shape_signal,true,,,
5,0575f9422adac73031c6aa632aa3843f8adf64069665039333e799ae196a2906,09cb8a0154f95b6424a2830dd4fa80e87a35319059aea8576b7bf7a32ef22ea9,Mbpp/615,44,average_tuple,G2_plus,ZeroDivisionError,6,,raised,result_received,exit_0,,,PASS,FAIL,PASS,PENDING_REVIEW,VALID_DIAGNOSTIC_EVIDENCE,true,true,,1,true,false,1,[],0,[],NONE,false,false,false,false,true,false,false,false,false,false,NOT_PRESENT_IN_FROZEN_COARSE_DIAGNOSTICS,NOT_PRESENT_IN_FROZEN_COARSE_DIAGNOSTICS,false,false,"[""module_execution_exception_signal""]",module_execution_exception_signal,true,,,
6,0c4c8a0096c96cacc5adea93589cc74bc53fcb5d9dad02c7a7e9a9c51d830483,fca03d4620eeac2dec66c0b3e719da2bd9c5b8e61987fa827987be7ae3bdb8a7,Mbpp/735,33,toggle_middle_bits,completed,,,,returned,result_received,exit_0,mixed,scalar,PASS,PASS,PASS,PENDING_REVIEW,VALID_DIAGNOSTIC_EVIDENCE,true,true,,1,true,false,1,"[""Assert""]",1,[],NONE,false,false,false,false,false,false,true,true,false,true,NOT_PRESENT_IN_FROZEN_COARSE_DIAGNOSTICS,NOT_PRESENT_IN_FROZEN_COARSE_DIAGNOSTICS,false,false,"[""output_or_contract_shape_signal"",""packaging_or_scaffold_residue_signal""]",output_or_contract_shape_signal,true,,,
7,0c9f29239bdf609a6306524184cfbb830eeb41becd9d31709931fb300234c7a3,31b792cedea418c685922e45dd67a843bf2ee51d06ab109510bc469dbd5f47eb,Mbpp/769,55,Diff,completed,,,,returned,result_received,exit_0,list,mixed,PASS,PASS,PASS,PENDING_REVIEW,VALID_DIAGNOSTIC_EVIDENCE,true,true,,1,true,false,2,[],0,[],NONE,false,false,false,false,false,false,true,true,false,false,NOT_PRESENT_IN_FROZEN_COARSE_DIAGNOSTICS,NOT_PRESENT_IN_FROZEN_COARSE_DIAGNOSTICS,false,false,"[""output_or_contract_shape_signal""]",output_or_contract_shape_signal,true,,,
8,0ccf0f940c52dbf90d4e25aa554e4a6cf41703658cc8dc88f380d32d585b7d45,c80fee2aec54305a6a1b0aa894d37662571ae757d40d92590bf6c21c68444104,Mbpp/279,22,is_num_decagonal,completed,,,,returned,result_received,exit_0,bool,scalar,PASS,PASS,PASS,PENDING_REVIEW,VALID_DIAGNOSTIC_EVIDENCE,true,true,,1,true,false,1,[],0,[],NONE,false,false,false,false,false,false,true,true,false,false,NOT_PRESENT_IN_FROZEN_COARSE_DIAGNOSTICS,NOT_PRESENT_IN_FROZEN_COARSE_DIAGNOSTICS,false,false,"[""output_or_contract_shape_signal""]",output_or_contract_shape_signal,true,,,
9,0d1b40c698eb61156fcd8273761fdde26c3a55ea65bd7874bf4c5dfa7bb15b57,81f83873ec0fb5a7103afd503dc25cca61aefc6326593d9933a0164e4d1d79c8,Mbpp/771,11,check_expression,completed,,,,returned,result_received,exit_0,bool,scalar,PASS,PASS,PASS,PENDING_REVIEW,VALID_DIAGNOSTIC_EVIDENCE,true,true,,1,true,false,1,[],0,[],NONE,false,false,false,false,false,false,true,true,false,false,NOT_PRESENT_IN_FROZEN_COARSE_DIAGNOSTICS,NOT_PRESENT_IN_FROZEN_COARSE_DIAGNOSTICS,false,false,"[""output_or_contract_shape_signal""]",output_or_contract_shape_signal,true,,,
10,0f51d44f44faf38d9fbe794eb4c86a316809d300c9a5e206289d459bb71cabbf,aa300eeb056475fd4aaf76bb1d25719d7469c63cfa8e22ecc569a3d274c205d5,Mbpp/748,55,capital_words_spaces,completed,,,,returned,result_received,exit_0,str,mixed,PASS,PASS,PASS,PENDING_REVIEW,VALID_DIAGNOSTIC_EVIDENCE,true,true,,1,true,false,1,[],0,[],NONE,false,false,false,false,false,false,true,true,false,false,NOT_PRESENT_IN_FROZEN_COARSE_DIAGNOSTICS,NOT_PRESENT_IN_FROZEN_COARSE_DIAGNOSTICS,false,false,"[""output_or_contract_shape_signal""]",output_or_contract_shape_signal,true,,,
11,12179f714d4beea5b64235cf46138bb8095c7170101cacbc268dbb8e53ed2f1d,7954722ad72657bceb71c62d2da95f427d04d6805cae1a8e2f51f080a33484bc,Mbpp/435,22,last_Digit,completed,,,,returned,result_received,exit_0,int,scalar,PASS,PASS,PASS,PENDING_REVIEW,VALID_DIAGNOSTIC_EVIDENCE,true,true,,1,true,false,1,[],0,[],NONE,false,false,false,false,false,false,true,true,false,false,NOT_PRESENT_IN_FROZEN_COARSE_DIAGNOSTICS,NOT_PRESENT_IN_FROZEN_COARSE_DIAGNOSTICS,false,false,"[""output_or_contract_shape_signal""]",output_or_contract_shape_signal,true,,,
12,125c6e3294d8d8284451ce7aa9cfe85e0fbffe5c6825436ab01e670ea86bd6e4,b6ca726bf60f1f49b7bb4ee839f882e1e8111a4af09b3146aa131c8d75bb6056,Mbpp/722,55,filter_data,G2_base,NameError,6,,raised,result_received,exit_0,,,PASS,FAIL,PASS,PENDING_REVIEW,VALID_DIAGNOSTIC_EVIDENCE,true,true,,1,true,false,3,[],0,[],NONE,false,false,true,true,true,false,false,false,false,false,NOT_PRESENT_IN_FROZEN_COARSE_DIAGNOSTICS,NOT_PRESENT_IN_FROZEN_COARSE_DIAGNOSTICS,false,false,"[""import_or_name_resolution_signal"",""module_execution_exception_signal""]",multiple_signal_chain,true,,,
13,151a1b3981da65abb7a94e2b2acac6491de4d6ad470da3c006f94b9a85273346,2ccb79dac76058aec69641c1829ce8f85e05dde153869cbe71776510180bc683,Mbpp/125,11,find_length,completed,,,,returned,result_received,exit_0,int,scalar,PASS,PASS,PASS,PENDING_REVIEW,VALID_DIAGNOSTIC_EVIDENCE,true,true,,1,true,false,1,[],0,[],NONE,false,false,false,false,false,false,true,true,false,false,NOT_PRESENT_IN_FROZEN_COARSE_DIAGNOSTICS,NOT_PRESENT_IN_FROZEN_COARSE_DIAGNOSTICS,false,false,"[""output_or_contract_shape_signal""]",output_or_contract_shape_signal,true,,,
14,1538fce8f0da403922caeaebb8afd96d129f6faf80378266f3b689bcdfd7231c,aa9f8483a1a5b674a7aa3302668b6084c9bac53a6aa95b977baf94acdaecdbfc,Mbpp/771,44,check_expression,completed,,,,returned,result_received,exit_0,bool,scalar,PASS,PASS,PASS,PENDING_REVIEW,VALID_DIAGNOSTIC_EVIDENCE,true,true,,1,true,false,1,[],0,[],NONE,false,false,false,false,false,false,true,true,false,false,NOT_PRESENT_IN_FROZEN_COARSE_DIAGNOSTICS,NOT_PRESENT_IN_FROZEN_COARSE_DIAGNOSTICS,false,false,"[""output_or_contract_shape_signal""]",output_or_contract_shape_signal,true,,,
15,15e92b97d59405977ea60125b6561bc1d30dd262ffe10eef4db8220e844f0345,9842778110ccdb37cb4e8dbf81ed2f0f53e26e00e0719190f07a4e77f6f60551,Mbpp/786,22,right_insertion,completed,,,,returned,result_received,exit_0,int,scalar,PASS,PASS,PASS,PENDING_REVIEW,VALID_DIAGNOSTIC_EVIDENCE,true,true,,1,true,false,2,"[""Assert""]",1,[],NONE,false,false,false,false,false,false,true,true,false,true,NOT_PRESENT_IN_FROZEN_COARSE_DIAGNOSTICS,NOT_PRESENT_IN_FROZEN_COARSE_DIAGNOSTICS,false,false,"[""output_or_contract_shape_signal"",""packaging_or_scaffold_residue_signal""]",output_or_contract_shape_signal,true,,,
16,165c873221f996a992adfe426b96e62865dddc2407ce93ba89df3ea882dfac54,c4bcbb8729f6f74581ec1e93757246cebabd8f8f89135fc1cf08330419d322ed,Mbpp/742,44,area_tetrahedron,completed,,,,returned,result_received,exit_0,float,scalar,PASS,PASS,PASS,PENDING_REVIEW,VALID_DIAGNOSTIC_EVIDENCE,true,true,,1,true,false,1,[],0,"[""math""]",math:STDLIB,true,false,false,false,false,false,true,true,false,false,NOT_PRESENT_IN_FROZEN_COARSE_DIAGNOSTICS,NOT_PRESENT_IN_FROZEN_COARSE_DIAGNOSTICS,false,false,"[""output_or_contract_shape_signal""]",output_or_contract_shape_signal,true,,,
17,17cde64daa996d2f0012be63d02b00b2cd54410f40fd90a1db803633bbc3b4d8,8ca20eb0c846a36174386b6cc57a3f87abe12ff035742f9449931500370496dd,Mbpp/72,44,dif_Square,G2_base,TypeError,10,,raised,result_received,exit_0,,,PASS,FAIL,PASS,PENDING_REVIEW,VALID_DIAGNOSTIC_EVIDENCE,true,true,,1,true,false,1,[],0,[],NONE,false,false,false,false,true,false,false,false,false,false,NOT_PRESENT_IN_FROZEN_COARSE_DIAGNOSTICS,NOT_PRESENT_IN_FROZEN_COARSE_DIAGNOSTICS,false,false,"[""module_execution_exception_signal""]",module_execution_exception_signal,true,,,
18,190a6f4d6f37fc027ca4c750047f26410391c75504d986687ffa4e4fdf237f7e,2bfee051144ead6e726cd8214c5b661cf5bf3b2bb86698fc4f77925bf103b331,Mbpp/67,55,bell_number,completed,,,,returned,result_received,exit_0,int,scalar,PASS,PASS,PASS,PENDING_REVIEW,VALID_DIAGNOSTIC_EVIDENCE,true,true,,1,true,false,1,"[""Assert""]",1,[],NONE,false,false,false,false,false,false,true,true,false,true,NOT_PRESENT_IN_FROZEN_COARSE_DIAGNOSTICS,NOT_PRESENT_IN_FROZEN_COARSE_DIAGNOSTICS,false,false,"[""output_or_contract_shape_signal"",""packaging_or_scaffold_residue_signal""]",output_or_contract_shape_signal,true,,,
19,1ad9aa1f3690e77628cb0d4db2bb1e46e3dd763ff73a464291e3f095b9f6a3cf,c22299cf0adcde1707569d3e388d01dcc783a0aa96c72e274688ca692c73ebae,Mbpp/769,44,Diff,completed,,,,returned,result_received,exit_0,list,mixed,PASS,PASS,PASS,PENDING_REVIEW,VALID_DIAGNOSTIC_EVIDENCE,true,true,,1,true,false,2,[],0,[],NONE,false,false,false,false,false,false,true,true,false,false,NOT_PRESENT_IN_FROZEN_COARSE_DIAGNOSTICS,NOT_PRESENT_IN_FROZEN_COARSE_DIAGNOSTICS,false,false,"[""output_or_contract_shape_signal""]",output_or_contract_shape_signal,true,,,
20,1b9aabce1a2e8f3075f28d50c19b12680bfd5ed66090a259eb756b911587cdab,eed04c0fcd82f2db36fee289a43842258864e8b9fd5a9d04b0c66f1970a2f70f,Mbpp/597,33,find_kth,G2_plus,TypeError,27,Constant,raised,result_received,exit_0,,,PASS,FAIL,PASS,PENDING_REVIEW,VALID_DIAGNOSTIC_EVIDENCE,true,true,,1,true,false,3,"[""Assert""]",1,[],NONE,false,false,false,false,true,false,false,false,false,true,NOT_PRESENT_IN_FROZEN_COARSE_DIAGNOSTICS,NOT_PRESENT_IN_FROZEN_COARSE_DIAGNOSTICS,false,false,"[""module_execution_exception_signal"",""packaging_or_scaffold_residue_signal""]",module_execution_exception_signal,true,,,
21,1c39a49b4005394ebfe1338e37cfef9e9db2b71dbd3a6114c1b0fda88ef8f4c8,d78c0e4fde7bf7e9341dddecd2df36323d61f4bb392f450b2a477423f4ee74f2,Mbpp/626,22,triangle_area,completed,,,,returned,result_received,exit_0,mixed,mixed,PASS,PASS,PASS,PENDING_REVIEW,VALID_DIAGNOSTIC_EVIDENCE,true,true,,1,true,false,1,[],0,[],NONE,false,false,false,false,false,false,true,true,false,false,NOT_PRESENT_IN_FROZEN_COARSE_DIAGNOSTICS,NOT_PRESENT_IN_FROZEN_COARSE_DIAGNOSTICS,false,false,"[""output_or_contract_shape_signal""]",output_or_contract_shape_signal,true,,,
22,1e808b1c61f92345c10814778fbcbd28d5a2234c3503895c07c7e7fd52af0818,b28ccf984167c24533abe94c4a3a01019c1b94038c47d28c61157d610a5c015f,Mbpp/581,33,surface_Area,completed,,,,returned,result_received,exit_0,float,scalar,PASS,PASS,PASS,PENDING_REVIEW,VALID_DIAGNOSTIC_EVIDENCE,true,true,,1,true,false,2,[],0,"[""math""]",math:STDLIB,true,false,false,false,false,false,true,true,false,false,NOT_PRESENT_IN_FROZEN_COARSE_DIAGNOSTICS,NOT_PRESENT_IN_FROZEN_COARSE_DIAGNOSTICS,false,false,"[""output_or_contract_shape_signal""]",output_or_contract_shape_signal,true,,,
23,2007ec98d098057747bdf3975c81264c967ff76547d3bac23e622cdfe8571bf6,6f8cc229ef77387402488ef7ed8f0e55c2221b15eb8f46ff8e31f26087cba48e,Mbpp/735,11,toggle_middle_bits,completed,,,,returned,result_received,exit_0,mixed,scalar,PASS,PASS,PASS,PENDING_REVIEW,VALID_DIAGNOSTIC_EVIDENCE,true,true,,1,true,false,1,"[""Assert""]",1,[],NONE,false,false,false,false,false,false,true,true,false,true,NOT_PRESENT_IN_FROZEN_COARSE_DIAGNOSTICS,NOT_PRESENT_IN_FROZEN_COARSE_DIAGNOSTICS,false,false,"[""output_or_contract_shape_signal"",""packaging_or_scaffold_residue_signal""]",output_or_contract_shape_signal,true,,,
24,24b1527f11421023266b2d27cf4e595d94ac9f7899dea442a361bba5d87d83b3,e361dec0562208f8b5054c45f5e6dedfdd29a250a905c0e74cbde61b9d746040,Mbpp/722,11,filter_data,G2_base,NameError,6,,raised,result_received,exit_0,,,PASS,FAIL,PASS,PENDING_REVIEW,VALID_DIAGNOSTIC_EVIDENCE,true,true,,1,true,false,3,[],0,[],NONE,false,false,true,true,true,false,false,false,false,false,NOT_PRESENT_IN_FROZEN_COARSE_DIAGNOSTICS,NOT_PRESENT_IN_FROZEN_COARSE_DIAGNOSTICS,false,false,"[""import_or_name_resolution_signal"",""module_execution_exception_signal""]",multiple_signal_chain,true,,,
25,24b5e295ca91e1fce3029be6f593ada79d255c2725fc40a02e5a512f4fdb8452,6c40a5cf139aa52a3c7141fd1fde3a079ab76a6949364a0cb69f52b1f3eb52d1,Mbpp/124,44,angle_complex,G2_base,TypeError,8,,raised,result_received,exit_0,,,PASS,FAIL,PASS,PENDING_REVIEW,VALID_DIAGNOSTIC_EVIDENCE,true,true,,1,true,false,2,[],0,"[""math""]",math:STDLIB,true,false,false,false,true,false,false,false,false,false,NOT_PRESENT_IN_FROZEN_COARSE_DIAGNOSTICS,NOT_PRESENT_IN_FROZEN_COARSE_DIAGNOSTICS,false,false,"[""module_execution_exception_signal""]",module_execution_exception_signal,true,,,
26,252857c7146e4e03a3ab17d02333bc99e89b8b38f5ed12e1c1a6f8ad88707eae,ab8ceeacb0ab3ce436de9d4cc117da459309012ef883baad17b00b1db340103c,Mbpp/759,22,is_decimal,completed,,,,returned,result_received,exit_0,bool,scalar,PASS,PASS,PASS,PENDING_REVIEW,VALID_DIAGNOSTIC_EVIDENCE,true,true,,1,true,false,1,[],0,[],NONE,false,false,false,false,false,false,true,true,false,false,NOT_PRESENT_IN_FROZEN_COARSE_DIAGNOSTICS,NOT_PRESENT_IN_FROZEN_COARSE_DIAGNOSTICS,false,false,"[""output_or_contract_shape_signal""]",output_or_contract_shape_signal,true,,,
27,26a25fbe4008e736db5684337d5d6b744a199a2cc7319535c3ea4dd83c546065,39ab5300ffbcc5c1c6d2e7f4abb743b39b41e45cad7dbb4824543a5ad513eadf,Mbpp/99,33,decimal_to_binary,completed,,,,returned,result_received,exit_0,str,mixed,PASS,PASS,PASS,PENDING_REVIEW,VALID_DIAGNOSTIC_EVIDENCE,true,true,,1,true,false,1,[],0,[],NONE,false,false,false,false,false,false,true,true,false,false,NOT_PRESENT_IN_FROZEN_COARSE_DIAGNOSTICS,NOT_PRESENT_IN_FROZEN_COARSE_DIAGNOSTICS,false,false,"[""output_or_contract_shape_signal""]",output_or_contract_shape_signal,true,,,
28,284533f93cc2a9c9012d005c206eb17d6cc6285ea8b17d997e50cb62fcabeafd,d23f22801c6c954208827d6267a5473f4bd802f5f9f9442a8a57d97c012b61cc,Mbpp/410,22,min_val,completed,,,,returned,result_received,exit_0,int,scalar,PASS,PASS,PASS,PENDING_REVIEW,VALID_DIAGNOSTIC_EVIDENCE,true,true,,1,true,false,1,[],0,[],NONE,false,false,false,false,false,false,true,true,false,false,NOT_PRESENT_IN_FROZEN_COARSE_DIAGNOSTICS,NOT_PRESENT_IN_FROZEN_COARSE_DIAGNOSTICS,false,false,"[""output_or_contract_shape_signal""]",output_or_contract_shape_signal,true,,,
29,295dfc28979e0fcaa5c908be8ba908d384b224f3ce89dc6044311ca04f12f88f,df9adf04ab52ba361972411351e6d4d260acbf1f3e8c7e8c8c552f14513fa9de,Mbpp/255,33,combinations_colors,G2_plus,MemoryError,8,,raised,result_received,exit_0,,,PASS,FAIL,PASS,PENDING_REVIEW,VALID_DIAGNOSTIC_EVIDENCE,true,true,,1,true,false,2,[],0,"[""itertools:product""]",itertools:product:STDLIB,true,false,false,false,true,false,false,false,false,false,NOT_PRESENT_IN_FROZEN_COARSE_DIAGNOSTICS,NOT_PRESENT_IN_FROZEN_COARSE_DIAGNOSTICS,false,false,"[""module_execution_exception_signal""]",module_execution_exception_signal,true,,,
30,29badcaa34166c620978b4f621aa3856859d296e210f7c7a38561b39849fe9cc,73c16e29a765e4b6b576f22b6a7ee3d1fc274624ffb34553bd484d0ca4448556,Mbpp/103,33,eulerian_num,completed,,,,returned,result_received,exit_0,int,scalar,PASS,PASS,PASS,PENDING_REVIEW,VALID_DIAGNOSTIC_EVIDENCE,true,true,,1,true,false,2,[],0,[],NONE,false,false,false,false,false,false,true,true,false,false,NOT_PRESENT_IN_FROZEN_COARSE_DIAGNOSTICS,NOT_PRESENT_IN_FROZEN_COARSE_DIAGNOSTICS,false,false,"[""output_or_contract_shape_signal""]",output_or_contract_shape_signal,true,,,
31,2a852f2b4fbd540de726aa6c79682744adf89211081a0bad86db8be05dca8d08,87b1ee6b938659da1a2bd2510913a8bbb2cb9fec90e693beb87918dcf9c982e5,Mbpp/432,33,median_trapezium,completed,,,,returned,result_received,exit_0,float,scalar,PASS,PASS,PASS,PENDING_REVIEW,VALID_DIAGNOSTIC_EVIDENCE,true,true,,1,true,false,3,[],0,[],NONE,false,false,false,false,false,false,true,true,false,false,NOT_PRESENT_IN_FROZEN_COARSE_DIAGNOSTICS,NOT_PRESENT_IN_FROZEN_COARSE_DIAGNOSTICS,false,false,"[""output_or_contract_shape_signal""]",output_or_contract_shape_signal,true,,,
32,2c3e0315fdaee4106bde69e7cbb8fdf7a0827cfabb24165dcf6197428338d83b,6044a7692b620f4f50bdeb7d648ddcf718f3d4910ff2f1f31441bdc53da19d6b,Mbpp/99,55,decimal_to_binary,completed,,,,returned,result_received,exit_0,str,mixed,PASS,PASS,PASS,PENDING_REVIEW,VALID_DIAGNOSTIC_EVIDENCE,true,true,,1,true,false,1,[],0,[],NONE,false,false,false,false,false,false,true,true,false,false,NOT_PRESENT_IN_FROZEN_COARSE_DIAGNOSTICS,NOT_PRESENT_IN_FROZEN_COARSE_DIAGNOSTICS,false,false,"[""output_or_contract_shape_signal""]",output_or_contract_shape_signal,true,,,
33,2c7db8ef79f3fb6f4877e45429a281e98b645f377f94b6d7912fb3d66f5847df,d8704af3cc16d7497ad40bd5936c3e767a5643a3b20d973dc7bd6144afdcd375,Mbpp/287,55,square_Sum,completed,,,,returned,result_received,exit_0,int,scalar,PASS,PASS,PASS,PENDING_REVIEW,VALID_DIAGNOSTIC_EVIDENCE,true,true,,1,true,false,1,"[""Assert""]",1,[],NONE,false,false,false,false,false,false,true,true,false,true,NOT_PRESENT_IN_FROZEN_COARSE_DIAGNOSTICS,NOT_PRESENT_IN_FROZEN_COARSE_DIAGNOSTICS,false,false,"[""output_or_contract_shape_signal"",""packaging_or_scaffold_residue_signal""]",output_or_contract_shape_signal,true,,,
34,2ce918fcbdb6d00efd2ed40243b601a3efbc5a849c1391961daf9b03717c7fba,de691dfc06c58a4a843b5fd3afef7754df3a33aeb4efe4727cd8e0b858f6d50e,Mbpp/287,33,square_Sum,completed,,,,returned,result_received,exit_0,int,scalar,PASS,PASS,PASS,PENDING_REVIEW,VALID_DIAGNOSTIC_EVIDENCE,true,true,,1,true,false,1,"[""Assert""]",1,[],NONE,false,false,false,false,false,false,true,true,false,true,NOT_PRESENT_IN_FROZEN_COARSE_DIAGNOSTICS,NOT_PRESENT_IN_FROZEN_COARSE_DIAGNOSTICS,false,false,"[""output_or_contract_shape_signal"",""packaging_or_scaffold_residue_signal""]",output_or_contract_shape_signal,true,,,
35,30f2df90febe8769b5db029b8b00959550855960e64ef7a41e570149744cad4a,8782b317de0c3d31bea12f17f40ba97ff7908ef0b47f3e00374ae4cc704a13a7,Mbpp/435,11,last_Digit,completed,,,,returned,result_received,exit_0,int,scalar,PASS,PASS,PASS,PENDING_REVIEW,VALID_DIAGNOSTIC_EVIDENCE,true,true,,1,true,false,1,[],0,[],NONE,false,false,false,false,false,false,true,true,false,false,NOT_PRESENT_IN_FROZEN_COARSE_DIAGNOSTICS,NOT_PRESENT_IN_FROZEN_COARSE_DIAGNOSTICS,false,false,"[""output_or_contract_shape_signal""]",output_or_contract_shape_signal,true,,,
36,31213b4e7d52c7e2991c5a31ed8d7d24e07a16b756a5bb326348e488aba8d5e9,c11c71121411f9a9741a4c6c88215b59a291f899c1561b16c8779bc5e2822622,Mbpp/633,55,pair_xor_Sum,completed,,,,returned,result_received,exit_0,int,scalar,PASS,PASS,PASS,PENDING_REVIEW,VALID_DIAGNOSTIC_EVIDENCE,true,true,,1,true,false,2,[],0,[],NONE,false,false,false,false,false,false,true,true,false,false,NOT_PRESENT_IN_FROZEN_COARSE_DIAGNOSTICS,NOT_PRESENT_IN_FROZEN_COARSE_DIAGNOSTICS,false,false,"[""output_or_contract_shape_signal""]",output_or_contract_shape_signal,true,,,
37,3162f7ce0a2214cadadba6f4903b5961215cda0f2d6eb3ea126a92f69e605640,e07a4e042fb409c3e65445e02695ce9590567d1256c1ad546705ccc577d2cc9d,Mbpp/279,11,is_num_decagonal,completed,,,,returned,result_received,exit_0,bool,scalar,PASS,PASS,PASS,PENDING_REVIEW,VALID_DIAGNOSTIC_EVIDENCE,true,true,,1,true,false,1,[],0,[],NONE,false,false,false,false,false,false,true,true,false,true,NOT_PRESENT_IN_FROZEN_COARSE_DIAGNOSTICS,NOT_PRESENT_IN_FROZEN_COARSE_DIAGNOSTICS,false,false,"[""output_or_contract_shape_signal"",""packaging_or_scaffold_residue_signal""]",output_or_contract_shape_signal,true,,,
38,318497f8b86f8aaf0ef2932e45dc33bcae8c9676c2df067bf1f27cd2f067510b,bef9a6225662bde772e076e4c3016b5927f45c56a3b60d8c6f9e08206defe062,Mbpp/615,33,average_tuple,G2_plus,ZeroDivisionError,6,,raised,result_received,exit_0,,,PASS,FAIL,PASS,PENDING_REVIEW,VALID_DIAGNOSTIC_EVIDENCE,true,true,,1,true,false,1,[],0,[],NONE,false,false,false,false,true,false,false,false,false,false,NOT_PRESENT_IN_FROZEN_COARSE_DIAGNOSTICS,NOT_PRESENT_IN_FROZEN_COARSE_DIAGNOSTICS,false,false,"[""module_execution_exception_signal""]",module_execution_exception_signal,true,,,
39,32d57f4a3d936a6e9c655af0f10d9b2a06578a1adedc54df98892a4d6b795bd3,e3fd6a7e24e377af99eba52bf6b30b9fecbf6c6d37a9760f9414f36266d667dc,Mbpp/287,22,square_Sum,completed,,,,returned,result_received,exit_0,int,scalar,PASS,PASS,PASS,PENDING_REVIEW,VALID_DIAGNOSTIC_EVIDENCE,true,true,,1,true,false,1,[],0,[],NONE,false,false,false,false,false,false,true,true,false,false,NOT_PRESENT_IN_FROZEN_COARSE_DIAGNOSTICS,NOT_PRESENT_IN_FROZEN_COARSE_DIAGNOSTICS,false,false,"[""output_or_contract_shape_signal""]",output_or_contract_shape_signal,true,,,
40,32edbe1532826de4a3416eb06e43c97bc8b4687cce8161729414d2811d583c85,5ea82285e792b34508b9a86f6c413242b5b627d093d86221c7d1a5f7dc7da4e8,Mbpp/769,22,Diff,completed,,,,returned,result_received,exit_0,list,mixed,PASS,PASS,PASS,PENDING_REVIEW,VALID_DIAGNOSTIC_EVIDENCE,true,true,,1,true,false,2,[],0,[],NONE,false,false,false,false,false,false,true,true,false,false,NOT_PRESENT_IN_FROZEN_COARSE_DIAGNOSTICS,NOT_PRESENT_IN_FROZEN_COARSE_DIAGNOSTICS,false,false,"[""output_or_contract_shape_signal""]",output_or_contract_shape_signal,true,,,
41,392899632bcf304144c5f48b7ac2120b6a200c6ce845b067a875cb427149c55a,b71af8cf5dd0a8271fa0527faa458e8ba8a3cef7b1e8de0f86bb2ce80492c227,Mbpp/759,55,is_decimal,completed,,,,returned,result_received,exit_0,bool,scalar,PASS,PASS,PASS,PENDING_REVIEW,VALID_DIAGNOSTIC_EVIDENCE,true,true,,1,true,false,1,[],0,[],NONE,false,false,false,false,false,false,true,true,false,false,NOT_PRESENT_IN_FROZEN_COARSE_DIAGNOSTICS,NOT_PRESENT_IN_FROZEN_COARSE_DIAGNOSTICS,false,false,"[""output_or_contract_shape_signal""]",output_or_contract_shape_signal,true,,,
42,3a39e4c2bc18d21f5ef6b152292331c536ec7a9fe591ef819c7ae8f215a015b6,cd0f41fca881d0149294da9449df84f6c7869bd5418d661ba551dc1f2b890a74,Mbpp/622,55,get_median,G2_plus,ValueError,8,,raised,result_received,exit_0,,,PASS,FAIL,PASS,PENDING_REVIEW,VALID_DIAGNOSTIC_EVIDENCE,true,true,,1,true,false,3,[],0,[],NONE,false,false,false,false,true,false,false,false,false,false,NOT_PRESENT_IN_FROZEN_COARSE_DIAGNOSTICS,NOT_PRESENT_IN_FROZEN_COARSE_DIAGNOSTICS,false,false,"[""module_execution_exception_signal""]",module_execution_exception_signal,true,,,
43,3a45ffef6c26dddc43c38babe1756cb674e65b3b7768249922aeea330cee1070,e54211cd37ade36a4c2a6d2bb5ed6c2ec2e2756e6785f618a36743842541f14b,Mbpp/572,33,two_unique_nums,completed,,,,returned,result_received,exit_0,list,mixed,PASS,PASS,PASS,PENDING_REVIEW,VALID_DIAGNOSTIC_EVIDENCE,true,true,,1,true,false,1,[],0,[],NONE,false,false,false,false,false,false,true,true,false,false,NOT_PRESENT_IN_FROZEN_COARSE_DIAGNOSTICS,NOT_PRESENT_IN_FROZEN_COARSE_DIAGNOSTICS,false,false,"[""output_or_contract_shape_signal""]",output_or_contract_shape_signal,true,,,
44,3b027c95ed6970ead1bf34a58e5e5968a842375728129f12e3233a5ef00aed89,8498f8272ddda6ed8b127472e6ecad575e0a0e7650d86c653cb1483c06034cf9,Mbpp/410,55,min_val,completed,,,,returned,result_received,exit_0,mixed,scalar,PASS,PASS,PASS,PENDING_REVIEW,VALID_DIAGNOSTIC_EVIDENCE,true,true,,1,true,false,1,[],0,[],NONE,false,false,false,false,false,false,true,true,false,false,NOT_PRESENT_IN_FROZEN_COARSE_DIAGNOSTICS,NOT_PRESENT_IN_FROZEN_COARSE_DIAGNOSTICS,false,false,"[""output_or_contract_shape_signal""]",output_or_contract_shape_signal,true,,,
45,3b802dcce09d236485df19d1c985675e091e74cbb5fcbf6e73f753d873f62e88,d6336d216b72d481778b0987bad329f58373eacbe048877b8b7f1f867a6f6108,Mbpp/777,11,find_sum,completed,,,,returned,result_received,exit_0,int,scalar,PASS,PASS,PASS,PENDING_REVIEW,VALID_DIAGNOSTIC_EVIDENCE,true,true,,1,true,false,1,[],0,"[""collections:Counter""]",collections:Counter:STDLIB,true,false,false,false,false,false,true,true,false,false,NOT_PRESENT_IN_FROZEN_COARSE_DIAGNOSTICS,NOT_PRESENT_IN_FROZEN_COARSE_DIAGNOSTICS,false,false,"[""output_or_contract_shape_signal""]",output_or_contract_shape_signal,true,,,
46,40c33be662bdff3a810ff1d30fdbb10b665c7d1d00a58e010245fba1f4ae091d,76fb21435bba2287224d4791aeae520e01cc8705477f1c329d67b777228b3ac3,Mbpp/138,11,is_Sum_Of_Powers_Of_Two,completed,,,,returned,result_received,exit_0,bool,scalar,PASS,PASS,PASS,PENDING_REVIEW,VALID_DIAGNOSTIC_EVIDENCE,true,true,,1,true,false,1,[],0,[],NONE,false,false,false,false,false,false,true,true,false,false,NOT_PRESENT_IN_FROZEN_COARSE_DIAGNOSTICS,NOT_PRESENT_IN_FROZEN_COARSE_DIAGNOSTICS,false,false,"[""output_or_contract_shape_signal""]",output_or_contract_shape_signal,true,,,
47,4378e8d490f8f3ec4fca63d29b42264fbfb25d6f05a847acf0868d3b54f7c1a9,7eb778e4adb4e778993a86edba725ed62e81ab0119b5aeeac9363fadfee818fe,Mbpp/759,33,is_decimal,completed,,,,returned,result_received,exit_0,bool,scalar,PASS,PASS,PASS,PENDING_REVIEW,VALID_DIAGNOSTIC_EVIDENCE,true,true,,1,true,false,1,[],0,[],NONE,false,false,false,false,false,false,true,true,false,false,NOT_PRESENT_IN_FROZEN_COARSE_DIAGNOSTICS,NOT_PRESENT_IN_FROZEN_COARSE_DIAGNOSTICS,false,false,"[""output_or_contract_shape_signal""]",output_or_contract_shape_signal,true,,,
48,4646a249b7fe3dcaeb8cbcfc0ce9f76bcbcdda03f74c6dd983397d8a5f0f3ec7,ef69d3d9fd2c9e47e2ad59d0a003bc25d503ad911fc6929c1c675d536818a8e5,Mbpp/11,33,remove_Occ,completed,,,,returned,result_received,exit_0,str,mixed,PASS,PASS,PASS,PENDING_REVIEW,VALID_DIAGNOSTIC_EVIDENCE,true,true,,1,true,false,2,[],0,[],NONE,false,false,false,false,false,false,true,true,false,false,NOT_PRESENT_IN_FROZEN_COARSE_DIAGNOSTICS,NOT_PRESENT_IN_FROZEN_COARSE_DIAGNOSTICS,false,false,"[""output_or_contract_shape_signal""]",output_or_contract_shape_signal,true,,,
49,488d43e2c4a8008d1e3a26b5867ad156317388c6c86aa94943e4db152e7b1091,c92dad51a488ad616b769e0c7d5ad8668d52278f61093f3c22a87ab88d9bfb72,Mbpp/722,33,filter_data,G2_base,NameError,6,,raised,result_received,exit_0,,,PASS,FAIL,PASS,PENDING_REVIEW,VALID_DIAGNOSTIC_EVIDENCE,true,true,,1,true,false,3,[],0,[],NONE,false,false,true,true,true,false,false,false,false,false,NOT_PRESENT_IN_FROZEN_COARSE_DIAGNOSTICS,NOT_PRESENT_IN_FROZEN_COARSE_DIAGNOSTICS,false,false,"[""import_or_name_resolution_signal"",""module_execution_exception_signal""]",multiple_signal_chain,true,,,
50,4e8e311abbfa06697db20b02b810ed3b5556d46c5c19274bd64ba2b9a2766f73,b72998535337cafa6f0788b5972f0121ecb87ba8c24b6cde61909bf017341fe5,Mbpp/16,55,text_lowercase_underscore,completed,,,,returned,result_received,exit_0,bool,scalar,PASS,PASS,PASS,PENDING_REVIEW,VALID_DIAGNOSTIC_EVIDENCE,true,true,,1,true,false,1,[],0,[],NONE,false,false,false,false,false,false,true,true,false,false,NOT_PRESENT_IN_FROZEN_COARSE_DIAGNOSTICS,NOT_PRESENT_IN_FROZEN_COARSE_DIAGNOSTICS,false,false,"[""output_or_contract_shape_signal""]",output_or_contract_shape_signal,true,,,
51,5019f72d2bc2fb86c03177d80a7816f6902d6a5bc4a087dacc99a57cd63baf06,cf8ef3b1fffcbe3ff03b0832de5663b5dff916bf43e9083acc92c2917e3ce605,Mbpp/255,11,combinations_colors,G2_plus,MemoryError,7,,raised,result_received,exit_0,,,PASS,FAIL,PASS,PENDING_REVIEW,VALID_DIAGNOSTIC_EVIDENCE,true,true,,1,true,false,2,[],0,"[""itertools:product""]",itertools:product:STDLIB,true,false,false,false,true,false,false,false,false,false,NOT_PRESENT_IN_FROZEN_COARSE_DIAGNOSTICS,NOT_PRESENT_IN_FROZEN_COARSE_DIAGNOSTICS,false,false,"[""module_execution_exception_signal""]",module_execution_exception_signal,true,,,
52,53e1494c968d9de1060a6f2704a8ca57d68b803f0afb1ab122539dfdb36dd039,473356d2bad7ac968c51216ff8f6ca983befafd59e45fbbd6a418f6d6ea6ebf7,Mbpp/786,33,right_insertion,completed,,,,returned,result_received,exit_0,int,scalar,PASS,PASS,PASS,PENDING_REVIEW,VALID_DIAGNOSTIC_EVIDENCE,true,true,,1,true,false,2,"[""Assert""]",1,[],NONE,false,false,false,false,false,false,true,true,false,true,NOT_PRESENT_IN_FROZEN_COARSE_DIAGNOSTICS,NOT_PRESENT_IN_FROZEN_COARSE_DIAGNOSTICS,false,false,"[""output_or_contract_shape_signal"",""packaging_or_scaffold_residue_signal""]",output_or_contract_shape_signal,true,,,
53,578c5bf9895c10e09e10e0c1194a2ddf6b87d783e19582571098150b36269dea,21c08b508eee0864b8e73e614838e190cbdf094e7565b4fea5f75598096b1974,Mbpp/769,11,Diff,completed,,,,returned,result_received,exit_0,list,mixed,PASS,PASS,PASS,PENDING_REVIEW,VALID_DIAGNOSTIC_EVIDENCE,true,true,,1,true,false,2,[],0,[],NONE,false,false,false,false,false,false,true,true,false,false,NOT_PRESENT_IN_FROZEN_COARSE_DIAGNOSTICS,NOT_PRESENT_IN_FROZEN_COARSE_DIAGNOSTICS,false,false,"[""output_or_contract_shape_signal""]",output_or_contract_shape_signal,true,,,
54,5b58236a8dd74781896f67d4a87859b04f6c7abba8fda28db27f116dbd4ccf8e,9dabd1f10c526ddbf3b4134596de2cede31c8bf9aef2ef7b16e6f310ffc966f7,Mbpp/72,22,dif_Square,completed,,,,returned,result_received,exit_0,bool,scalar,PASS,PASS,PASS,PENDING_REVIEW,VALID_DIAGNOSTIC_EVIDENCE,true,true,,1,true,false,1,[],0,[],NONE,false,false,false,false,false,false,true,true,false,false,NOT_PRESENT_IN_FROZEN_COARSE_DIAGNOSTICS,NOT_PRESENT_IN_FROZEN_COARSE_DIAGNOSTICS,false,false,"[""output_or_contract_shape_signal""]",output_or_contract_shape_signal,true,,,
55,5bf8a1f3934680a03fdc52a96fcca133f19f3a6885bcc6c4f81bd72ef2bdc6b4,6a474fda8107c02d822df23cbf5e06d344860896bab62d8b0886b7799787e6e9,Mbpp/427,22,change_date_format,completed,,,,returned,result_received,exit_0,str,nonempty_sequence,PASS,PASS,PASS,PENDING_REVIEW,VALID_DIAGNOSTIC_EVIDENCE,true,true,,1,true,false,1,"[""Assert""]",1,[],NONE,false,false,false,false,false,false,true,true,false,true,NOT_PRESENT_IN_FROZEN_COARSE_DIAGNOSTICS,NOT_PRESENT_IN_FROZEN_COARSE_DIAGNOSTICS,false,false,"[""output_or_contract_shape_signal"",""packaging_or_scaffold_residue_signal""]",output_or_contract_shape_signal,true,,,
56,5c195ebd425a3dd8b06b2403e00a815ad2538d6c9f54119448a585dac8c88715,2c9eccfdac6cf4ba905f338571a5d7dc34e7931a40515062510d6c83b86e3a97,Mbpp/103,22,eulerian_num,completed,,,,returned,result_received,exit_0,int,scalar,PASS,PASS,PASS,PENDING_REVIEW,VALID_DIAGNOSTIC_EVIDENCE,true,true,,1,true,false,2,[],0,[],NONE,false,false,false,false,false,false,true,true,false,false,NOT_PRESENT_IN_FROZEN_COARSE_DIAGNOSTICS,NOT_PRESENT_IN_FROZEN_COARSE_DIAGNOSTICS,false,false,"[""output_or_contract_shape_signal""]",output_or_contract_shape_signal,true,,,
57,5c2515e4827b878e031b8a5708c4d7559c29cceb035050637e32423b757c46cc,4902d77743e0dfc43df811a1cbde25cfbbec88adb1a5a2ac9dcba79e5de682c6,Mbpp/124,55,angle_complex,G2_base,TypeError,8,,raised,result_received,exit_0,,,PASS,FAIL,PASS,PENDING_REVIEW,VALID_DIAGNOSTIC_EVIDENCE,true,true,,1,true,false,2,[],0,"[""math""]",math:STDLIB,true,false,false,false,true,false,false,false,false,false,NOT_PRESENT_IN_FROZEN_COARSE_DIAGNOSTICS,NOT_PRESENT_IN_FROZEN_COARSE_DIAGNOSTICS,false,false,"[""module_execution_exception_signal""]",module_execution_exception_signal,true,,,
58,5e7b11eaaa932e83d0b496103cbe88e706d6b4edcbf5190b1395b7cdb7bc26a9,dcdeca11a45627cefc08c10e95293f82a9e54760056dbc3585d8ebd54fe5e34d,Mbpp/603,22,get_ludic,completed,,,,returned,result_received,exit_0,other,other,PASS,PASS,PASS,PENDING_REVIEW,VALID_DIAGNOSTIC_EVIDENCE,true,true,,1,true,false,1,[],0,[],NONE,false,false,false,false,false,false,true,true,false,false,NOT_PRESENT_IN_FROZEN_COARSE_DIAGNOSTICS,NOT_PRESENT_IN_FROZEN_COARSE_DIAGNOSTICS,false,false,"[""output_or_contract_shape_signal""]",output_or_contract_shape_signal,true,,,
59,5ed7bb37b7f3170d75713428f8354054a4844c9100019b561eb00fc00144aba2,af7f8852d5a16d95d9b2753983734806437fc97e46db04a4e5208c2e57588f4c,Mbpp/287,44,square_Sum,completed,,,,returned,result_received,exit_0,int,scalar,PASS,PASS,PASS,PENDING_REVIEW,VALID_DIAGNOSTIC_EVIDENCE,true,true,,1,true,false,1,"[""Assert""]",1,[],NONE,false,false,false,false,false,false,true,true,false,true,NOT_PRESENT_IN_FROZEN_COARSE_DIAGNOSTICS,NOT_PRESENT_IN_FROZEN_COARSE_DIAGNOSTICS,false,false,"[""output_or_contract_shape_signal"",""packaging_or_scaffold_residue_signal""]",output_or_contract_shape_signal,true,,,
60,60d1ea73f977e4c7f0a1af9894b615d332953a916aceaed7ecc75569bbd91ac2,d45549655e1f0a7c727c3f67783f9702669a64bbc1d96e99b2afa68aba95ea79,Mbpp/124,22,angle_complex,G2_base,TypeError,8,,raised,result_received,exit_0,,,PASS,FAIL,PASS,PENDING_REVIEW,VALID_DIAGNOSTIC_EVIDENCE,true,true,,1,true,false,2,[],0,"[""math""]",math:STDLIB,true,false,false,false,true,false,false,false,false,false,NOT_PRESENT_IN_FROZEN_COARSE_DIAGNOSTICS,NOT_PRESENT_IN_FROZEN_COARSE_DIAGNOSTICS,false,false,"[""module_execution_exception_signal""]",module_execution_exception_signal,true,,,
61,6107650d8a56ae0107d45b67e7571175e6698d84bc9f0ede8dff58f8f4929424,36b7833a573db99ab26d948857d02631b5f5a3fe974e83f1c283c9b7722dadc7,Mbpp/771,55,check_expression,completed,,,,returned,result_received,exit_0,bool,scalar,PASS,PASS,PASS,PENDING_REVIEW,VALID_DIAGNOSTIC_EVIDENCE,true,true,,1,true,false,1,[],0,[],NONE,false,false,false,false,false,false,true,true,false,false,NOT_PRESENT_IN_FROZEN_COARSE_DIAGNOSTICS,NOT_PRESENT_IN_FROZEN_COARSE_DIAGNOSTICS,false,false,"[""output_or_contract_shape_signal""]",output_or_contract_shape_signal,true,,,
62,643332a7c66f839f75e24546129bca2d4aacf4cdbd005fce6765c2e811855238,3ae8c9fea0e8c5289b47ee54c40382831ba0219197b3d8bfe141f91a2e7ae1c3,Mbpp/572,44,two_unique_nums,completed,,,,returned,result_received,exit_0,list,mixed,PASS,PASS,PASS,PENDING_REVIEW,VALID_DIAGNOSTIC_EVIDENCE,true,true,,1,true,false,1,[],0,[],NONE,false,false,false,false,false,false,true,true,false,false,NOT_PRESENT_IN_FROZEN_COARSE_DIAGNOSTICS,NOT_PRESENT_IN_FROZEN_COARSE_DIAGNOSTICS,false,false,"[""output_or_contract_shape_signal""]",output_or_contract_shape_signal,true,,,
63,65b945dcb63cfad531df7d56b1817fde397b27f6dff98c6581a337b4c41d31c3,40a428e02157a74dbd74f918efd21d186e074260932f2c6d1a4f2ea32a5b2c3c,Mbpp/748,33,capital_words_spaces,completed,,,,returned,result_received,exit_0,str,mixed,PASS,PASS,PASS,PENDING_REVIEW,VALID_DIAGNOSTIC_EVIDENCE,true,true,,1,true,false,1,[],0,[],NONE,false,false,false,false,false,false,true,true,false,false,NOT_PRESENT_IN_FROZEN_COARSE_DIAGNOSTICS,NOT_PRESENT_IN_FROZEN_COARSE_DIAGNOSTICS,false,false,"[""output_or_contract_shape_signal""]",output_or_contract_shape_signal,true,,,
64,667258041def23e75eba7f3d6081918553cec7b9115360a33a4b1f2a3245ef2b,3fb987e3c9354203a25442b186d4f5d9ac4e819f59eaf1427c7150c5a8a69840,Mbpp/11,11,remove_Occ,G2_base,IndexError,17,,raised,result_received,exit_0,,,PASS,FAIL,PASS,PENDING_REVIEW,VALID_DIAGNOSTIC_EVIDENCE,true,true,,1,true,false,2,[],0,[],NONE,false,false,false,false,true,false,false,false,false,false,NOT_PRESENT_IN_FROZEN_COARSE_DIAGNOSTICS,NOT_PRESENT_IN_FROZEN_COARSE_DIAGNOSTICS,false,false,"[""module_execution_exception_signal""]",module_execution_exception_signal,true,,,
65,67bb0a715bef627d5cfee1ef1d264236b521326aae40796ed497b905e52a2938,0c36c12be17f93c6fd50807729c6aeaa07fdfb485c5d4f5ac877dd09680fcedd,Mbpp/615,11,average_tuple,G2_plus,ZeroDivisionError,6,,raised,result_received,exit_0,,,PASS,FAIL,PASS,PENDING_REVIEW,VALID_DIAGNOSTIC_EVIDENCE,true,true,,1,true,false,1,[],0,[],NONE,false,false,false,false,true,false,false,false,false,false,NOT_PRESENT_IN_FROZEN_COARSE_DIAGNOSTICS,NOT_PRESENT_IN_FROZEN_COARSE_DIAGNOSTICS,false,false,"[""module_execution_exception_signal""]",module_execution_exception_signal,true,,,
66,69b535628ae6183c0aed1fc85d3a067903c30ff990129c5275093a345c723382,c0346a8236c339276d4bd0fa7f4466fe9272a77c25c9ce2766bcf3ef2fbeb0a1,Mbpp/124,11,angle_complex,G2_base,TypeError,8,,raised,result_received,exit_0,,,PASS,FAIL,PASS,PENDING_REVIEW,VALID_DIAGNOSTIC_EVIDENCE,true,true,,1,true,false,2,[],0,"[""math""]",math:STDLIB,true,false,false,false,true,false,false,false,false,false,NOT_PRESENT_IN_FROZEN_COARSE_DIAGNOSTICS,NOT_PRESENT_IN_FROZEN_COARSE_DIAGNOSTICS,false,false,"[""module_execution_exception_signal""]",module_execution_exception_signal,true,,,
67,6a3c32bd229b5b4d5db770fba3ef086213563289b97941b9bd12548c149831ec,683272d2dec36b18eb13c01f69f78097671311036dad87f3b5c83d0b4f490b02,Mbpp/255,44,combinations_colors,G2_plus,MemoryError,7,,raised,result_received,exit_0,,,PASS,FAIL,PASS,PENDING_REVIEW,VALID_DIAGNOSTIC_EVIDENCE,true,true,,1,true,false,2,[],0,"[""itertools:product""]",itertools:product:STDLIB,true,false,false,false,true,false,false,false,false,false,NOT_PRESENT_IN_FROZEN_COARSE_DIAGNOSTICS,NOT_PRESENT_IN_FROZEN_COARSE_DIAGNOSTICS,false,false,"[""module_execution_exception_signal""]",module_execution_exception_signal,true,,,
68,6d29dd4ee79a526d569748360106a53eb4e80487bd7e69eefe2cb8e0e714aed7,1340d914d65a1a62db31b75d5d99d8ecbe1380a45d4ce6ee66ff082fbcdf7ea9,Mbpp/786,44,right_insertion,completed,,,,returned,result_received,exit_0,int,scalar,PASS,PASS,PASS,PENDING_REVIEW,VALID_DIAGNOSTIC_EVIDENCE,true,true,,1,true,false,2,[],0,[],NONE,false,false,false,false,false,false,true,true,false,false,NOT_PRESENT_IN_FROZEN_COARSE_DIAGNOSTICS,NOT_PRESENT_IN_FROZEN_COARSE_DIAGNOSTICS,false,false,"[""output_or_contract_shape_signal""]",output_or_contract_shape_signal,true,,,
69,6d322d7901db24de0d45c8ba71525e66d011932474ab8aeae274058d5f8def35,32cf69c16869bbcf5491dbef1f7f183b82d83e418d3a11dd3485e98bf8c2af55,Mbpp/576,44,is_Sub_Array,completed,,,,returned,result_received,exit_0,bool,scalar,PASS,PASS,PASS,PENDING_REVIEW,VALID_DIAGNOSTIC_EVIDENCE,true,true,,1,true,false,2,[],0,[],NONE,false,false,false,false,false,false,true,true,false,false,NOT_PRESENT_IN_FROZEN_COARSE_DIAGNOSTICS,NOT_PRESENT_IN_FROZEN_COARSE_DIAGNOSTICS,false,false,"[""output_or_contract_shape_signal""]",output_or_contract_shape_signal,true,,,
70,6f38684ffaadcde4e2165ae9043a98afe30f777b49c3752269cec0e18417fdff,b4422da08924793610bd570d63bdb8be976bb962c48e539bb529f2c0aae94b90,Mbpp/119,33,search,completed,,,,returned,result_received,exit_0,mixed,mixed,PASS,PASS,PASS,PENDING_REVIEW,VALID_DIAGNOSTIC_EVIDENCE,true,true,,1,true,false,1,[],0,[],NONE,false,false,false,false,false,false,true,true,false,false,NOT_PRESENT_IN_FROZEN_COARSE_DIAGNOSTICS,NOT_PRESENT_IN_FROZEN_COARSE_DIAGNOSTICS,false,false,"[""output_or_contract_shape_signal""]",output_or_contract_shape_signal,true,,,
71,70f586aba6f3965fb1463303753ecf4040872364230be73de4b4e51b340b8fb9,2fca3bfc2a254ef65ba2134bb526eb3ea7d72cb64a01fb2ab29299a18dfe8a1a,Mbpp/237,44,check_occurences,completed,,,,returned,result_received,exit_0,dict,mixed,PASS,PASS,PASS,PENDING_REVIEW,VALID_DIAGNOSTIC_EVIDENCE,true,true,,1,true,false,1,[],0,"[""collections:Counter""]",collections:Counter:STDLIB,true,false,false,false,false,false,true,true,false,false,NOT_PRESENT_IN_FROZEN_COARSE_DIAGNOSTICS,NOT_PRESENT_IN_FROZEN_COARSE_DIAGNOSTICS,false,false,"[""output_or_contract_shape_signal""]",output_or_contract_shape_signal,true,,,
72,71012956073b53a6d9d9341681ec221238d2d1fe8cdd2dfc5a82291b2fb7d44f,d8532d3ff609df3444cc1928efba0cf5364de6ece138aaa7da3fa9c6bc825749,Mbpp/777,33,find_sum,completed,,,,returned,result_received,exit_0,int,scalar,PASS,PASS,PASS,PENDING_REVIEW,VALID_DIAGNOSTIC_EVIDENCE,true,true,,1,true,false,1,[],0,"[""collections:Counter""]",collections:Counter:STDLIB,true,false,false,false,false,false,true,true,false,false,NOT_PRESENT_IN_FROZEN_COARSE_DIAGNOSTICS,NOT_PRESENT_IN_FROZEN_COARSE_DIAGNOSTICS,false,false,"[""output_or_contract_shape_signal""]",output_or_contract_shape_signal,true,,,
73,7545d939bbed34004192b1b463e1d5afa7a76b846269f93dd9d178209f9ae1c0,0092d498eb446aed1baf94d861943fb58fe60c10a3ea160605ba7ae32076b294,Mbpp/473,55,tuple_intersection,G2_base,TypeError,8,,raised,result_received,exit_0,,,PASS,FAIL,PASS,PENDING_REVIEW,VALID_DIAGNOSTIC_EVIDENCE,true,true,,1,true,false,2,[],0,[],NONE,false,false,false,false,true,false,false,false,false,false,NOT_PRESENT_IN_FROZEN_COARSE_DIAGNOSTICS,NOT_PRESENT_IN_FROZEN_COARSE_DIAGNOSTICS,false,false,"[""module_execution_exception_signal""]",module_execution_exception_signal,true,,,
74,77223f4bbae7279a826f083779d37952881c8d4d61f1bb229600fefffcf4c5fd,53f1deec039eebf07aba03602a598777c7eeedc5f5928be387d2c129165e6845,Mbpp/432,44,median_trapezium,completed,,,,returned,result_received,exit_0,mixed,mixed,PASS,PASS,PASS,PENDING_REVIEW,VALID_DIAGNOSTIC_EVIDENCE,true,true,,1,true,false,3,[],0,[],NONE,false,false,false,false,false,false,true,true,false,false,NOT_PRESENT_IN_FROZEN_COARSE_DIAGNOSTICS,NOT_PRESENT_IN_FROZEN_COARSE_DIAGNOSTICS,false,false,"[""output_or_contract_shape_signal""]",output_or_contract_shape_signal,true,,,
75,782774eab651523e2edbb469876812fbc4ec136263429b1ff7ba40538884dcfd,f4c12e165a4583a1b105389ec36bfb0def37fdc55108645845dd5eb88b9fa284,Mbpp/244,44,next_Perfect_Square,G2_plus,ValueError,7,,raised,result_received,exit_0,,,PASS,FAIL,PASS,PENDING_REVIEW,VALID_DIAGNOSTIC_EVIDENCE,true,true,,1,true,false,1,[],0,"[""math""]",math:STDLIB,true,false,false,false,true,false,false,false,false,false,NOT_PRESENT_IN_FROZEN_COARSE_DIAGNOSTICS,NOT_PRESENT_IN_FROZEN_COARSE_DIAGNOSTICS,false,false,"[""module_execution_exception_signal""]",module_execution_exception_signal,true,,,
76,794b418dfbb6d97af9e2062fff770e1a4c2f85140a9b42ec6cc6b6fa589eb937,e39800df80f61e9035a6501942670ace15d88c1a7d10f066367d8673b78b39ca,Mbpp/118,33,string_to_list,completed,,,,returned,result_received,exit_0,list,mixed,PASS,PASS,PASS,PENDING_REVIEW,VALID_DIAGNOSTIC_EVIDENCE,true,true,,1,true,false,1,"[""Assert""]",1,[],NONE,false,false,false,false,false,false,true,true,false,true,NOT_PRESENT_IN_FROZEN_COARSE_DIAGNOSTICS,NOT_PRESENT_IN_FROZEN_COARSE_DIAGNOSTICS,false,false,"[""output_or_contract_shape_signal"",""packaging_or_scaffold_residue_signal""]",output_or_contract_shape_signal,true,,,
77,7a42d5510092e63637c51173576a5bbdd091d9fb18fbc36627f0cd73a6dc86a9,b18179a4c3b98f4d92a01fd6a535f6e8ef3f2056fc637972a463038733e8ecb0,Mbpp/786,11,right_insertion,completed,,,,returned,result_received,exit_0,int,scalar,PASS,PASS,PASS,PENDING_REVIEW,VALID_DIAGNOSTIC_EVIDENCE,true,true,,1,true,false,2,"[""Assert""]",1,[],NONE,false,false,false,false,false,false,true,true,false,true,NOT_PRESENT_IN_FROZEN_COARSE_DIAGNOSTICS,NOT_PRESENT_IN_FROZEN_COARSE_DIAGNOSTICS,false,false,"[""output_or_contract_shape_signal"",""packaging_or_scaffold_residue_signal""]",output_or_contract_shape_signal,true,,,
78,7c7bf358de0139c9688826eac3ca6414efd233291d4226cc2f656c58f9c3a8a3,a8d980815d4a52059b9178cb9cd61da6c61d25981538fcd8821cdbd59e44edef,Mbpp/735,22,toggle_middle_bits,completed,,,,returned,result_received,exit_0,mixed,scalar,PASS,PASS,PASS,PENDING_REVIEW,VALID_DIAGNOSTIC_EVIDENCE,true,true,,1,true,false,1,"[""Assert""]",1,[],NONE,false,false,false,false,false,false,true,true,false,true,NOT_PRESENT_IN_FROZEN_COARSE_DIAGNOSTICS,NOT_PRESENT_IN_FROZEN_COARSE_DIAGNOSTICS,false,false,"[""output_or_contract_shape_signal"",""packaging_or_scaffold_residue_signal""]",output_or_contract_shape_signal,true,,,
79,7d222fbf55bad2d3b5d9c780f0fab275d7a48eddfe0646b7aec968b0fb898d28,23165993fa308839e3195fdbe5b901e9ab91d2ff4c8255b09ba340048c55879c,Mbpp/125,55,find_length,completed,,,,returned,result_received,exit_0,mixed,scalar,PASS,PASS,PASS,PENDING_REVIEW,VALID_DIAGNOSTIC_EVIDENCE,true,true,,2,true,true,,"[""Assert""]",1,[],NONE,false,false,false,false,false,false,true,false,false,true,NOT_PRESENT_IN_FROZEN_COARSE_DIAGNOSTICS,NOT_PRESENT_IN_FROZEN_COARSE_DIAGNOSTICS,false,false,"[""missing_or_ambiguous_entry_point_signal"",""test_execution_failure_signal"",""packaging_or_scaffold_residue_signal""]",multiple_signal_chain,true,,,
80,7d66673b97fe97bcd362fd08195ad2524133a2bfeda9adbfd0ac17505536c035,d4937a9c2300047486147cafd87334059128d4422f53df0ac067a6da249ee1b4,Mbpp/244,33,next_Perfect_Square,G2_plus,ValueError,7,,raised,result_received,exit_0,,,PASS,FAIL,PASS,PENDING_REVIEW,VALID_DIAGNOSTIC_EVIDENCE,true,true,,1,true,false,1,"[""Assert""]",1,"[""math""]",math:STDLIB,true,false,false,false,true,false,false,false,false,true,NOT_PRESENT_IN_FROZEN_COARSE_DIAGNOSTICS,NOT_PRESENT_IN_FROZEN_COARSE_DIAGNOSTICS,false,false,"[""module_execution_exception_signal"",""packaging_or_scaffold_residue_signal""]",module_execution_exception_signal,true,,,
81,7e48bbab46a558a65bfcda696b6fdd192dd25600c5134c0ea8ae7040ae931298,2fba94e3d08df126f05c83cc548aef5172524202f05b06a701982c69c43d186a,Mbpp/430,33,parabola_directrix,G2_plus,ValueError,12,Constant,raised,result_received,exit_0,,,PASS,FAIL,PASS,PENDING_REVIEW,VALID_DIAGNOSTIC_EVIDENCE,true,true,,1,true,false,3,[],0,[],NONE,false,false,false,false,true,false,false,false,false,false,NOT_PRESENT_IN_FROZEN_COARSE_DIAGNOSTICS,NOT_PRESENT_IN_FROZEN_COARSE_DIAGNOSTICS,false,false,"[""module_execution_exception_signal""]",module_execution_exception_signal,true,,,
82,7e865e15f3bf0cfe4619ac724f009fa7a0d5134e1660e32f1a74469073da8824,fd2d48443692e1d2372ffafe345d4c1e508b2ca07af009d626009837fa7287a2,Mbpp/765,55,is_polite,completed,,,,returned,result_received,exit_0,bool,scalar,PASS,PASS,PASS,PENDING_REVIEW,VALID_DIAGNOSTIC_EVIDENCE,true,true,,1,true,false,1,"[""If""]",1,[],NONE,false,false,false,false,false,false,true,true,false,true,NOT_PRESENT_IN_FROZEN_COARSE_DIAGNOSTICS,NOT_PRESENT_IN_FROZEN_COARSE_DIAGNOSTICS,false,false,"[""output_or_contract_shape_signal"",""packaging_or_scaffold_residue_signal""]",output_or_contract_shape_signal,true,,,
83,80e9e1cc3a249dd8da36d260f934304728b7eb6a6438bdb0f851e45f47ab74bb,9b281fb9b3926030e8cbaf7c0ebb30a2726bed42fc9b96a10e985c9fcebcda2d,Mbpp/633,22,pair_xor_Sum,completed,,,,returned,result_received,exit_0,int,scalar,PASS,PASS,PASS,PENDING_REVIEW,VALID_DIAGNOSTIC_EVIDENCE,true,true,,1,true,false,2,[],0,[],NONE,false,false,false,false,false,false,true,true,false,false,NOT_PRESENT_IN_FROZEN_COARSE_DIAGNOSTICS,NOT_PRESENT_IN_FROZEN_COARSE_DIAGNOSTICS,false,false,"[""output_or_contract_shape_signal""]",output_or_contract_shape_signal,true,,,
84,81cd6f1d055d47e781e3d08c914571b1959ebc39655a00f7ecfd110508503b4e,22b562e628fd6ed91292ecef0fff928e454fb74ffcfa98e999b7a23bf8537313,Mbpp/427,11,change_date_format,completed,,,,returned,result_received,exit_0,str,nonempty_sequence,PASS,PASS,PASS,PENDING_REVIEW,VALID_DIAGNOSTIC_EVIDENCE,true,true,,1,true,false,1,[],0,[],NONE,false,false,false,false,false,false,true,true,false,false,NOT_PRESENT_IN_FROZEN_COARSE_DIAGNOSTICS,NOT_PRESENT_IN_FROZEN_COARSE_DIAGNOSTICS,false,false,"[""output_or_contract_shape_signal""]",output_or_contract_shape_signal,true,,,
85,83b0f95093eb347659aaf335ea129890f0d3be93e35b8a532e0d7968f916e795,83dfc0876a63e906de8bb54e034906dcb42539594f4e6b1281f1c014aef344c5,Mbpp/576,11,is_Sub_Array,completed,,,,returned,result_received,exit_0,bool,scalar,PASS,PASS,PASS,PENDING_REVIEW,VALID_DIAGNOSTIC_EVIDENCE,true,true,,1,true,false,2,[],0,[],NONE,false,false,false,false,false,false,true,true,false,false,NOT_PRESENT_IN_FROZEN_COARSE_DIAGNOSTICS,NOT_PRESENT_IN_FROZEN_COARSE_DIAGNOSTICS,false,false,"[""output_or_contract_shape_signal""]",output_or_contract_shape_signal,true,,,
86,8406e78362de082453800aa627d56e53b5170bf464a7358ed301f3612aeb1ff3,24867a12c4037245abad07430c183303744cdad3fc1bcd2dbd1448b830e78dcb,Mbpp/742,55,area_tetrahedron,completed,,,,returned,result_received,exit_0,float,scalar,PASS,PASS,PASS,PENDING_REVIEW,VALID_DIAGNOSTIC_EVIDENCE,true,true,,1,true,false,1,[],0,"[""math""]",math:STDLIB,true,false,false,false,false,false,true,true,false,false,NOT_PRESENT_IN_FROZEN_COARSE_DIAGNOSTICS,NOT_PRESENT_IN_FROZEN_COARSE_DIAGNOSTICS,false,false,"[""output_or_contract_shape_signal""]",output_or_contract_shape_signal,true,,,
87,866739b5b8f57631f1a69318ccccf5b802b31f0fc38b57e6a75e358d9ef9a9c2,c16ed9ba4e15b82b9fe7dcd774a24bdf5f16a90755f12fbcfb25ce45cd8283dd,Mbpp/748,11,capital_words_spaces,completed,,,,returned,result_received,exit_0,str,mixed,PASS,PASS,PASS,PENDING_REVIEW,VALID_DIAGNOSTIC_EVIDENCE,true,true,,1,true,false,1,[],0,[],NONE,false,false,false,false,false,false,true,true,false,false,NOT_PRESENT_IN_FROZEN_COARSE_DIAGNOSTICS,NOT_PRESENT_IN_FROZEN_COARSE_DIAGNOSTICS,false,false,"[""output_or_contract_shape_signal""]",output_or_contract_shape_signal,true,,,
88,8699ddc85623d70a3dbe7a1089a83253609f045283508b07921ba71c727553f2,4845f4759fad83d64a22714332f75ef86d49635bce20da601db5d30a617befbc,Mbpp/603,11,get_ludic,G2_base,MemoryError,18,,raised,result_received,exit_0,,,PASS,FAIL,PASS,PENDING_REVIEW,VALID_DIAGNOSTIC_EVIDENCE,true,true,,2,true,true,,[],0,[],NONE,false,false,false,false,true,false,false,false,false,false,NOT_PRESENT_IN_FROZEN_COARSE_DIAGNOSTICS,NOT_PRESENT_IN_FROZEN_COARSE_DIAGNOSTICS,false,false,"[""missing_or_ambiguous_entry_point_signal"",""module_execution_exception_signal""]",multiple_signal_chain,true,,,
89,8be467a87d48ada42b452f75670c330df1e5f4a334816d133ece971a93245e51,9a5f7a940a8945d8179614fd858fb8f30d496f59b46463f11d61931bc4672ae3,Mbpp/735,44,toggle_middle_bits,completed,,,,returned,result_received,exit_0,mixed,scalar,PASS,PASS,PASS,PENDING_REVIEW,VALID_DIAGNOSTIC_EVIDENCE,true,true,,1,true,false,1,"[""Assert""]",1,[],NONE,false,false,false,false,false,false,true,true,false,true,NOT_PRESENT_IN_FROZEN_COARSE_DIAGNOSTICS,NOT_PRESENT_IN_FROZEN_COARSE_DIAGNOSTICS,false,false,"[""output_or_contract_shape_signal"",""packaging_or_scaffold_residue_signal""]",output_or_contract_shape_signal,true,,,
90,8c4a86b4c5c2dc7f2ec53338538b0859c10c4920752c5d3fe775a0332148cd44,84260197534c1cb9b3823ddc721720f63d94d04c34154f9b50b2b77e70364872,Mbpp/742,11,area_tetrahedron,completed,,,,returned,result_received,exit_0,float,scalar,PASS,PASS,PASS,PENDING_REVIEW,VALID_DIAGNOSTIC_EVIDENCE,true,true,,1,true,false,1,[],0,"[""math""]",math:STDLIB,true,false,false,false,false,false,true,true,false,false,NOT_PRESENT_IN_FROZEN_COARSE_DIAGNOSTICS,NOT_PRESENT_IN_FROZEN_COARSE_DIAGNOSTICS,false,false,"[""output_or_contract_shape_signal""]",output_or_contract_shape_signal,true,,,
91,8d29dd7b90d6f6d5d40952fa779359cdfdffae349a2878878b394031ed030d8a,9cf54fdc17fc86eed6bf65e2028baf1419eba9ba9cf06ac1fb82ba43369c952f,Mbpp/259,11,maximize_elements,G2_base,TypeError,15,,raised,result_received,exit_0,,,PASS,FAIL,PASS,PENDING_REVIEW,VALID_DIAGNOSTIC_EVIDENCE,true,true,,2,true,true,,[],0,[],NONE,false,false,false,false,true,false,false,false,false,false,NOT_PRESENT_IN_FROZEN_COARSE_DIAGNOSTICS,NOT_PRESENT_IN_FROZEN_COARSE_DIAGNOSTICS,false,false,"[""missing_or_ambiguous_entry_point_signal"",""module_execution_exception_signal""]",multiple_signal_chain,true,,,
92,8ef0641f265717551638f61f1daf725c93f863842cab36e6f422970e23d7f298,6bb9614447a5671030c03b27a40d4b90179658ec1d3885de21cce4f200ee996e,Mbpp/576,22,is_Sub_Array,completed,,,,returned,result_received,exit_0,bool,scalar,PASS,PASS,PASS,PENDING_REVIEW,VALID_DIAGNOSTIC_EVIDENCE,true,true,,1,true,false,2,[],0,[],NONE,false,false,false,false,false,false,true,true,false,false,NOT_PRESENT_IN_FROZEN_COARSE_DIAGNOSTICS,NOT_PRESENT_IN_FROZEN_COARSE_DIAGNOSTICS,false,false,"[""output_or_contract_shape_signal""]",output_or_contract_shape_signal,true,,,
93,8efb7dab63074d068958eb903bb89b857440f1025c119a6035c2c9a841f50742,6a2db72bceff5726fa913d531b8adab1b10cc9ce0cf51301a0abce0b22cdcb2b,Mbpp/607,55,find_literals,G2_plus,ValueError,11,,raised,result_received,exit_0,,,PASS,FAIL,PASS,PENDING_REVIEW,VALID_DIAGNOSTIC_EVIDENCE,true,true,,1,true,false,2,[],0,"[""re""]",re:STDLIB,true,false,false,false,true,false,false,false,false,false,NOT_PRESENT_IN_FROZEN_COARSE_DIAGNOSTICS,NOT_PRESENT_IN_FROZEN_COARSE_DIAGNOSTICS,false,false,"[""module_execution_exception_signal""]",module_execution_exception_signal,true,,,
94,8f2e043d3ef8a94ec9db97c703ff778ec9a46582d481a979e5cf806434f470fc,ab3b1362ab61c4d85830ef0b6f01d188598ea0266bfff4af42e9033ec03baaef,Mbpp/622,22,get_median,completed,,,,returned,result_received,exit_0,mixed,scalar,PASS,PASS,PASS,PENDING_REVIEW,VALID_DIAGNOSTIC_EVIDENCE,true,true,,1,true,false,3,[],0,[],NONE,false,false,false,false,false,false,true,true,false,false,NOT_PRESENT_IN_FROZEN_COARSE_DIAGNOSTICS,NOT_PRESENT_IN_FROZEN_COARSE_DIAGNOSTICS,false,false,"[""output_or_contract_shape_signal""]",output_or_contract_shape_signal,true,,,
95,911004db3b2b2b4724d3fdf4eef002f43f6e501788d6d24dc9a463d615182161,ffc0c64bd967ba070c27259e075a50b9c599faddf7530e6caf043d84b50fb9fa,Mbpp/244,55,next_Perfect_Square,G2_plus,ValueError,7,Constant,raised,result_received,exit_0,,,PASS,FAIL,PASS,PENDING_REVIEW,VALID_DIAGNOSTIC_EVIDENCE,true,true,,1,true,false,1,[],0,[],NONE,false,false,false,false,true,false,false,false,false,false,NOT_PRESENT_IN_FROZEN_COARSE_DIAGNOSTICS,NOT_PRESENT_IN_FROZEN_COARSE_DIAGNOSTICS,false,false,"[""module_execution_exception_signal""]",module_execution_exception_signal,true,,,
96,94ad97956f46bf1c8310acc9ba772d28e446fd47a066ac3a10c19733cdb80eb5,6d448f6ee482f0b06f544eae6aee82486a45720beb1b365a3ccf12ac4a961529,Mbpp/237,11,check_occurences,completed,,,,returned,result_received,exit_0,dict,mixed,PASS,PASS,PASS,PENDING_REVIEW,VALID_DIAGNOSTIC_EVIDENCE,true,true,,1,true,false,1,[],0,"[""collections:Counter""]",collections:Counter:STDLIB,true,false,false,false,false,false,true,true,false,false,NOT_PRESENT_IN_FROZEN_COARSE_DIAGNOSTICS,NOT_PRESENT_IN_FROZEN_COARSE_DIAGNOSTICS,false,false,"[""output_or_contract_shape_signal""]",output_or_contract_shape_signal,true,,,
97,951a8909d85003fe8b785bf08c8afa0e476f67af5544a8a0896405b66444e9e7,e13be2283afccf5185e894a95dd497cd654a795d3175d93f1a555087540fdd27,Mbpp/244,11,next_Perfect_Square,G2_plus,ValueError,7,,raised,result_received,exit_0,,,PASS,FAIL,PASS,PENDING_REVIEW,VALID_DIAGNOSTIC_EVIDENCE,true,true,,1,true,false,1,[],0,"[""math""]",math:STDLIB,true,false,false,false,true,false,false,false,false,false,NOT_PRESENT_IN_FROZEN_COARSE_DIAGNOSTICS,NOT_PRESENT_IN_FROZEN_COARSE_DIAGNOSTICS,false,false,"[""module_execution_exception_signal""]",module_execution_exception_signal,true,,,
98,988e14a3191e7bc858a23195cd2356a37acd3408f288a68fe062cc838aa4d738,35b12710bfad9bfa5a5ea8abdb9c91e900953b4200d7a37d1b8671062725406d,Mbpp/427,44,change_date_format,completed,,,,returned,result_received,exit_0,str,nonempty_sequence,PASS,PASS,PASS,PENDING_REVIEW,VALID_DIAGNOSTIC_EVIDENCE,true,true,,1,true,false,1,[],0,[],NONE,false,false,false,false,false,false,true,true,false,false,NOT_PRESENT_IN_FROZEN_COARSE_DIAGNOSTICS,NOT_PRESENT_IN_FROZEN_COARSE_DIAGNOSTICS,false,false,"[""output_or_contract_shape_signal""]",output_or_contract_shape_signal,true,,,
99,9ad0aec70e9293ceb0bd48dd62d61cd09be24b487b3158726bf9b037a4c72d20,9f19842ed34c05829437885dfb23561a4fda71695b5f5c8c1534ccc1928ee182,Mbpp/633,44,pair_xor_Sum,completed,,,,returned,result_received,exit_0,int,scalar,PASS,PASS,PASS,PENDING_REVIEW,VALID_DIAGNOSTIC_EVIDENCE,true,true,,1,true,false,2,[],0,[],NONE,false,false,false,false,false,false,true,true,false,false,NOT_PRESENT_IN_FROZEN_COARSE_DIAGNOSTICS,NOT_PRESENT_IN_FROZEN_COARSE_DIAGNOSTICS,false,false,"[""output_or_contract_shape_signal""]",output_or_contract_shape_signal,true,,,
100,9cecbec0d7bbabf0c9111cd5a25e8a8bf100bd34a82e191b68129e9bbef557a3,843c0bc687467ac48c49abce0adca2ceafd1d7794bc16ff79052f1c9d3fc515b,Mbpp/620,44,largest_subset,completed,,,,returned,result_received,exit_0,int,scalar,PASS,PASS,PASS,PENDING_REVIEW,VALID_DIAGNOSTIC_EVIDENCE,true,true,,1,true,false,1,[],0,[],NONE,false,false,false,false,false,false,true,true,false,false,NOT_PRESENT_IN_FROZEN_COARSE_DIAGNOSTICS,NOT_PRESENT_IN_FROZEN_COARSE_DIAGNOSTICS,false,false,"[""output_or_contract_shape_signal""]",output_or_contract_shape_signal,true,,,
101,9dbe9166f6ac22cedfafb269276c88ee25a37cf84044e736f7be00d8089464ba,f990caa97fc4b1447cfa35646de2dcce481e8f847e51c9507abd8c0b9adf4cf5,Mbpp/777,22,find_sum,completed,,,,returned,result_received,exit_0,int,scalar,PASS,PASS,PASS,PENDING_REVIEW,VALID_DIAGNOSTIC_EVIDENCE,true,true,,1,true,false,1,[],0,"[""collections:Counter""]",collections:Counter:STDLIB,true,false,false,false,false,false,true,true,false,false,NOT_PRESENT_IN_FROZEN_COARSE_DIAGNOSTICS,NOT_PRESENT_IN_FROZEN_COARSE_DIAGNOSTICS,false,false,"[""output_or_contract_shape_signal""]",output_or_contract_shape_signal,true,,,
102,9e18ea3b77dec3889b77aee7d178f530cc35c7395c53cb0e6d2c87af57c80dd6,e77b2ac4cbbc9a70fbf74ecab624f3c014de9e2f1f1f2d84df40172272b3cf17,Mbpp/597,55,find_kth,G2_plus,IndexError,32,Name,raised,result_received,exit_0,,,PASS,FAIL,PASS,PENDING_REVIEW,VALID_DIAGNOSTIC_EVIDENCE,true,true,,2,true,true,,[],0,[],NONE,false,false,false,false,true,false,false,false,false,false,NOT_PRESENT_IN_FROZEN_COARSE_DIAGNOSTICS,NOT_PRESENT_IN_FROZEN_COARSE_DIAGNOSTICS,false,false,"[""missing_or_ambiguous_entry_point_signal"",""module_execution_exception_signal""]",multiple_signal_chain,true,,,
103,a06202ce4039e2b576f621e42a728c6dc065f9b126fd037f86a6c12666543a32,823b9facc6608bc103c06991ecc55aa2bdafb8d1aa79ae2cb02cd443f3b4e4cd,Mbpp/430,55,parabola_directrix,G2_plus,ValueError,7,Name,raised,result_received,exit_0,,,PASS,FAIL,PASS,PENDING_REVIEW,VALID_DIAGNOSTIC_EVIDENCE,true,true,,1,true,false,3,[],0,[],NONE,false,false,false,false,true,false,false,false,false,false,NOT_PRESENT_IN_FROZEN_COARSE_DIAGNOSTICS,NOT_PRESENT_IN_FROZEN_COARSE_DIAGNOSTICS,false,false,"[""module_execution_exception_signal""]",module_execution_exception_signal,true,,,
104,a1f89435d65b81afbd0d0ba1668834d6ab0b9b50a9a57e28e91b1f4e34e7f713,ab31bc2d1c7545491e9e8c5b72f2e3607c3a053cd89834497f50b65839732819,Mbpp/722,22,filter_data,G2_base,NameError,6,,raised,result_received,exit_0,,,PASS,FAIL,PASS,PENDING_REVIEW,VALID_DIAGNOSTIC_EVIDENCE,true,true,,1,true,false,3,[],0,[],NONE,false,false,true,true,true,false,false,false,false,false,NOT_PRESENT_IN_FROZEN_COARSE_DIAGNOSTICS,NOT_PRESENT_IN_FROZEN_COARSE_DIAGNOSTICS,false,false,"[""import_or_name_resolution_signal"",""module_execution_exception_signal""]",multiple_signal_chain,true,,,
105,a2dc45257f6a71f7d31a1b9dd5c14e57129eefbe2d06e48dfa1ebb6199e88be3,7a995724835a6cdd9ab35c5a9a5b13f6709ba65736191b99be0d4f62176a412d,Mbpp/581,11,surface_Area,completed,,,,returned,result_received,exit_0,float,scalar,PASS,PASS,PASS,PENDING_REVIEW,VALID_DIAGNOSTIC_EVIDENCE,true,true,,1,true,false,2,"[""If""]",1,"[""math""]",math:STDLIB,true,false,false,false,false,false,true,true,false,true,NOT_PRESENT_IN_FROZEN_COARSE_DIAGNOSTICS,NOT_PRESENT_IN_FROZEN_COARSE_DIAGNOSTICS,false,false,"[""output_or_contract_shape_signal"",""packaging_or_scaffold_residue_signal""]",output_or_contract_shape_signal,true,,,
106,a4fb31fb0a9e1c4080e4c75cc53a842c29cfd030ea1cd5ba7d6f29a34bd605ee,6895eb6c891d360a719f45a565c59db90cc2a4abcb23c31e2d5b294299603f68,Mbpp/138,55,is_Sum_Of_Powers_Of_Two,completed,,,,returned,result_received,exit_0,bool,scalar,PASS,PASS,PASS,PENDING_REVIEW,VALID_DIAGNOSTIC_EVIDENCE,true,true,,1,true,false,1,"[""Assert""]",1,[],NONE,false,false,false,false,false,false,true,true,false,true,NOT_PRESENT_IN_FROZEN_COARSE_DIAGNOSTICS,NOT_PRESENT_IN_FROZEN_COARSE_DIAGNOSTICS,false,false,"[""output_or_contract_shape_signal"",""packaging_or_scaffold_residue_signal""]",output_or_contract_shape_signal,true,,,
107,a63f9d97cba10e46cb00cd363e9f3de9cec93661af43258ddfd7f9deda1dae91,1df0c8bb6adddd65adb92e94fd9d23b782f6cb26d5bffb6a4df978c96084a9d9,Mbpp/287,11,square_Sum,completed,,,,returned,result_received,exit_0,int,scalar,PASS,PASS,PASS,PENDING_REVIEW,VALID_DIAGNOSTIC_EVIDENCE,true,true,,1,true,false,1,"[""Assert""]",1,[],NONE,false,false,false,false,false,false,true,true,false,true,NOT_PRESENT_IN_FROZEN_COARSE_DIAGNOSTICS,NOT_PRESENT_IN_FROZEN_COARSE_DIAGNOSTICS,false,false,"[""output_or_contract_shape_signal"",""packaging_or_scaffold_residue_signal""]",output_or_contract_shape_signal,true,,,
108,a6a4398773853bd405ef18d191a8182c599b3467aabc2b417f070a11fc93044b,63b84dfb1236589e70f8844624f69f6a0f0e9ae50419969ae400cd9ef8f14b21,Mbpp/576,33,is_Sub_Array,completed,,,,returned,result_received,exit_0,bool,scalar,PASS,PASS,PASS,PENDING_REVIEW,VALID_DIAGNOSTIC_EVIDENCE,true,true,,1,true,false,2,[],0,[],NONE,false,false,false,false,false,false,true,true,false,false,NOT_PRESENT_IN_FROZEN_COARSE_DIAGNOSTICS,NOT_PRESENT_IN_FROZEN_COARSE_DIAGNOSTICS,false,false,"[""output_or_contract_shape_signal""]",output_or_contract_shape_signal,true,,,
109,a6b26635210ce9147ed93f1b67d5770d814ac10f06a4819332de022287d457a8,0a0200ca0a5c129ac66741f4d1539a09c128327f1db6d24926fc7cee43d0fb24,Mbpp/786,55,right_insertion,completed,,,,returned,result_received,exit_0,int,scalar,PASS,PASS,PASS,PENDING_REVIEW,VALID_DIAGNOSTIC_EVIDENCE,true,true,,1,true,false,2,"[""Assert""]",1,[],NONE,false,false,false,false,false,false,true,true,false,true,NOT_PRESENT_IN_FROZEN_COARSE_DIAGNOSTICS,NOT_PRESENT_IN_FROZEN_COARSE_DIAGNOSTICS,false,false,"[""output_or_contract_shape_signal"",""packaging_or_scaffold_residue_signal""]",output_or_contract_shape_signal,true,,,
110,a6f3b32f10e03fb5ebe7025f863b1bff932bf5459b3d9aae070a3497d37ed62a,cc5968165ae1f3b1203b4b1e26a86e9747e1c27f1520d4dbc521458644ab2560,Mbpp/119,22,search,infrastructure,WorkerProcessExit,,,not_run,result_eof,signal_exit,,,PASS,NOT_ASSESSED,PASS,INVALID_INFRASTRUCTURE,INVALID_INFRASTRUCTURE,true,true,,1,true,false,1,[],0,[],NONE,false,false,false,false,false,false,false,false,false,false,NOT_PRESENT_IN_FROZEN_COARSE_DIAGNOSTICS,NOT_PRESENT_IN_FROZEN_COARSE_DIAGNOSTICS,false,false,"[""no_decisive_machine_signal""]",no_decisive_machine_signal,true,,,
111,a8954da149cf2b2798c61370566a7ffae02a90b9b497e047e36999d7a77a653d,ec0e321f57a63dbd85cb113ae59547885390b7d92791f5840b704a5296856496,Mbpp/748,44,capital_words_spaces,G2_plus,IndexError,39,,raised,result_received,exit_0,,,PASS,FAIL,PASS,PENDING_REVIEW,VALID_DIAGNOSTIC_EVIDENCE,true,true,,2,true,true,,[],0,[],NONE,false,false,false,false,true,false,false,false,false,false,NOT_PRESENT_IN_FROZEN_COARSE_DIAGNOSTICS,NOT_PRESENT_IN_FROZEN_COARSE_DIAGNOSTICS,false,false,"[""missing_or_ambiguous_entry_point_signal"",""module_execution_exception_signal""]",multiple_signal_chain,true,,,
112,a89776d747b376e8bde41df0d5026a882931a14a9669e84814607c6153de428f,fb6d392d1c679f9cca16da5fa241746cfbfd7a8363711d243e91e834c0178fb0,Mbpp/615,22,average_tuple,G2_plus,ZeroDivisionError,6,,raised,result_received,exit_0,,,PASS,FAIL,PASS,PENDING_REVIEW,VALID_DIAGNOSTIC_EVIDENCE,true,true,,1,true,false,1,[],0,[],NONE,false,false,false,false,true,false,false,false,false,false,NOT_PRESENT_IN_FROZEN_COARSE_DIAGNOSTICS,NOT_PRESENT_IN_FROZEN_COARSE_DIAGNOSTICS,false,false,"[""module_execution_exception_signal""]",module_execution_exception_signal,true,,,
113,ad4c43603b9f8b7f5b6a3a777940c6c799881fc2fb043e193e3237bcaf3af7f9,e14323a5124c81f25e7463c24a0fc1d351bfdf8533849b97af702d996908e5c1,Mbpp/103,55,eulerian_num,completed,,,,returned,result_received,exit_0,mixed,scalar,PASS,PASS,PASS,PENDING_REVIEW,VALID_DIAGNOSTIC_EVIDENCE,true,true,,1,true,false,2,[],0,[],NONE,false,false,false,false,false,false,true,true,false,false,NOT_PRESENT_IN_FROZEN_COARSE_DIAGNOSTICS,NOT_PRESENT_IN_FROZEN_COARSE_DIAGNOSTICS,false,false,"[""output_or_contract_shape_signal""]",output_or_contract_shape_signal,true,,,
114,ae0ea3edc7597b91f18d21dae1503c2333353a0b9686af9742afd8e1f056e10a,e6a43d41f541ecd6759cfff0ba9f05c9c9c92fb816db866b9372a33a26f231fb,Mbpp/410,44,min_val,completed,,,,returned,result_received,exit_0,mixed,scalar,PASS,PASS,PASS,PENDING_REVIEW,VALID_DIAGNOSTIC_EVIDENCE,true,true,,1,true,false,1,[],0,[],NONE,false,false,false,false,false,false,true,true,false,false,NOT_PRESENT_IN_FROZEN_COARSE_DIAGNOSTICS,NOT_PRESENT_IN_FROZEN_COARSE_DIAGNOSTICS,false,false,"[""output_or_contract_shape_signal""]",output_or_contract_shape_signal,true,,,
115,af469fe5ae58e9b111c2a5b1d78741fe0dfb9ed0d54b43f939e23ae28c87bcea,eccbcae14c5f0f675a8ac39bf59c6ae697ade7053870dc772ba46d61821207e3,Mbpp/237,22,check_occurences,completed,,,,returned,result_received,exit_0,dict,mixed,PASS,PASS,PASS,PENDING_REVIEW,VALID_DIAGNOSTIC_EVIDENCE,true,true,,1,true,false,1,"[""Assert""]",1,"[""collections:Counter""]",collections:Counter:STDLIB,true,false,false,false,false,false,true,true,false,true,NOT_PRESENT_IN_FROZEN_COARSE_DIAGNOSTICS,NOT_PRESENT_IN_FROZEN_COARSE_DIAGNOSTICS,false,false,"[""output_or_contract_shape_signal"",""packaging_or_scaffold_residue_signal""]",output_or_contract_shape_signal,true,,,
116,b53eb5394646562e9018fd62140757c361be7e8f56c700b0a93d00b9368a19f9,16ed10d25162c8f084fb61dc32523141377e480a601e1b7395c576a10479d54b,Mbpp/622,44,get_median,G2_plus,IndexError,24,,raised,result_received,exit_0,,,PASS,FAIL,PASS,PENDING_REVIEW,VALID_DIAGNOSTIC_EVIDENCE,true,true,,1,true,false,3,[],0,[],NONE,false,false,false,false,true,false,false,false,false,false,NOT_PRESENT_IN_FROZEN_COARSE_DIAGNOSTICS,NOT_PRESENT_IN_FROZEN_COARSE_DIAGNOSTICS,false,false,"[""module_execution_exception_signal""]",module_execution_exception_signal,true,,,
117,b63e3c913c74a74a79cca769520da9b92a2d6bcb640882d2df8a189812e67ef6,39b7ff9ca018f42ade578c6f5da42b4320ed73a0588ccd00c37407313cacd616,Mbpp/410,11,min_val,completed,,,,returned,result_received,exit_0,mixed,scalar,PASS,PASS,PASS,PENDING_REVIEW,VALID_DIAGNOSTIC_EVIDENCE,true,true,,1,true,false,1,[],0,[],NONE,false,false,false,false,false,false,true,true,false,false,NOT_PRESENT_IN_FROZEN_COARSE_DIAGNOSTICS,NOT_PRESENT_IN_FROZEN_COARSE_DIAGNOSTICS,false,false,"[""output_or_contract_shape_signal""]",output_or_contract_shape_signal,true,,,
118,b677e7ee4faca0108c29317a74d6acd3c5f699de647fe062c61ad5efc6dbb2e5,aa7fe1e9d2b221dbfdd356772ce9c454cb22c0d44d9881029fc4d1587f28a1de,Mbpp/748,22,capital_words_spaces,completed,,,,returned,result_received,exit_0,str,mixed,PASS,PASS,PASS,PENDING_REVIEW,VALID_DIAGNOSTIC_EVIDENCE,true,true,,1,true,false,1,[],0,[],NONE,false,false,false,false,false,false,true,true,false,false,NOT_PRESENT_IN_FROZEN_COARSE_DIAGNOSTICS,NOT_PRESENT_IN_FROZEN_COARSE_DIAGNOSTICS,false,false,"[""output_or_contract_shape_signal""]",output_or_contract_shape_signal,true,,,
119,b6e2db7b77ea67e9897812741b8ed2e18bd37201bdcee87bfa2eb6548dabaaa2,1fcb507151c33a26ccb4e07dfe52b9c7f797829df51e94d4cd4b00730edaf496,Mbpp/607,22,find_literals,G2_plus,ValueError,11,,raised,result_received,exit_0,,,PASS,FAIL,PASS,PENDING_REVIEW,VALID_DIAGNOSTIC_EVIDENCE,true,true,,1,true,false,2,[],0,"[""re""]",re:STDLIB,true,false,false,false,true,false,false,false,false,false,NOT_PRESENT_IN_FROZEN_COARSE_DIAGNOSTICS,NOT_PRESENT_IN_FROZEN_COARSE_DIAGNOSTICS,false,false,"[""module_execution_exception_signal""]",module_execution_exception_signal,true,,,
120,b7f7b3ad0cd0e64a4a89bfab78560985393b23746de0bfb589d3e5539e1041f2,08b8b9d40d6490a428d6618da09386342bd1f3118f1179d818dc285388c4a40e,Mbpp/244,22,next_Perfect_Square,G2_plus,ValueError,7,,raised,result_received,exit_0,,,PASS,FAIL,PASS,PENDING_REVIEW,VALID_DIAGNOSTIC_EVIDENCE,true,true,,1,true,false,1,"[""Assert""]",1,"[""math""]",math:STDLIB,true,false,false,false,true,false,false,false,false,true,NOT_PRESENT_IN_FROZEN_COARSE_DIAGNOSTICS,NOT_PRESENT_IN_FROZEN_COARSE_DIAGNOSTICS,false,false,"[""module_execution_exception_signal"",""packaging_or_scaffold_residue_signal""]",module_execution_exception_signal,true,,,
121,b977ada54f0a13704e4e0f3507761d860242d6b745c9d9f44e0750c972d28e2c,6ab47cd5276f3de2583496c8dcb360bc024c116fee3c51084e12955f82978e4e,Mbpp/99,44,decimal_to_binary,completed,,,,returned,result_received,exit_0,str,mixed,PASS,PASS,PASS,PENDING_REVIEW,VALID_DIAGNOSTIC_EVIDENCE,true,true,,1,true,false,1,[],0,[],NONE,false,false,false,false,false,false,true,true,false,false,NOT_PRESENT_IN_FROZEN_COARSE_DIAGNOSTICS,NOT_PRESENT_IN_FROZEN_COARSE_DIAGNOSTICS,false,false,"[""output_or_contract_shape_signal""]",output_or_contract_shape_signal,true,,,
122,ba78506a3e44c95de2ee2e90bcfbebfc58b91703227e9ec65aaf922d046c31cd,6dbfd61b687633646a0df075291426241b9c44f46153d0770573ae1d9708974e,Mbpp/237,33,check_occurences,completed,,,,returned,result_received,exit_0,dict,mixed,PASS,PASS,PASS,PENDING_REVIEW,VALID_DIAGNOSTIC_EVIDENCE,true,true,,1,true,false,1,[],0,"[""collections:Counter""]",collections:Counter:STDLIB,true,false,false,false,false,false,true,true,false,false,NOT_PRESENT_IN_FROZEN_COARSE_DIAGNOSTICS,NOT_PRESENT_IN_FROZEN_COARSE_DIAGNOSTICS,false,false,"[""output_or_contract_shape_signal""]",output_or_contract_shape_signal,true,,,
123,bbcfbf7cb6786406b7dde275f718e2fcc2b980043166bfc200703d5cbef2b8dc,ebcb92e0b808fd8b1d94f96b4d6d038da28bab2f431f191bb1e6ac586d224796,Mbpp/16,44,text_lowercase_underscore,completed,,,,returned,result_received,exit_0,bool,scalar,PASS,PASS,PASS,PENDING_REVIEW,VALID_DIAGNOSTIC_EVIDENCE,true,true,,1,true,false,1,[],0,[],NONE,false,false,false,false,false,false,true,true,false,false,NOT_PRESENT_IN_FROZEN_COARSE_DIAGNOSTICS,NOT_PRESENT_IN_FROZEN_COARSE_DIAGNOSTICS,false,false,"[""output_or_contract_shape_signal""]",output_or_contract_shape_signal,true,,,
124,bce7d06fe15d627115b96c241688d603b61450245867becd7f426917dfcfa2a9,360a2c67148106e27b0843679632450b896475ac92f1ffd64379bbb3db883d0c,Mbpp/138,44,is_Sum_Of_Powers_Of_Two,completed,,,,returned,result_received,exit_0,bool,scalar,PASS,PASS,PASS,PENDING_REVIEW,VALID_DIAGNOSTIC_EVIDENCE,true,true,,1,true,false,1,"[""Assert""]",1,[],NONE,false,false,false,false,false,false,true,true,false,true,NOT_PRESENT_IN_FROZEN_COARSE_DIAGNOSTICS,NOT_PRESENT_IN_FROZEN_COARSE_DIAGNOSTICS,false,false,"[""output_or_contract_shape_signal"",""packaging_or_scaffold_residue_signal""]",output_or_contract_shape_signal,true,,,
125,bdaf6b291abc934fa2ad02af1beddbeba53acd1b5911b00024085d7072919efa,16b483131142684b4885a2983b02cd01679d56ba4c0859c6e33f9fab8cf32682,Mbpp/255,22,combinations_colors,G2_plus,MemoryError,8,,raised,result_received,exit_0,,,PASS,FAIL,PASS,PENDING_REVIEW,VALID_DIAGNOSTIC_EVIDENCE,true,true,,1,true,false,2,[],0,"[""itertools:product""]",itertools:product:STDLIB,true,false,false,false,true,false,false,false,false,false,NOT_PRESENT_IN_FROZEN_COARSE_DIAGNOSTICS,NOT_PRESENT_IN_FROZEN_COARSE_DIAGNOSTICS,false,false,"[""module_execution_exception_signal""]",module_execution_exception_signal,true,,,
126,be02f058d52c050cf5574665a7ed4d56e20d6afde2ef686be3c6c59cc8878352,1f4e9f5e17acec093ee41fc4fe86b3ae27b521a5859f2085523cfead8a2ebd25,Mbpp/72,11,dif_Square,completed,,,,returned,result_received,exit_0,bool,scalar,PASS,PASS,PASS,PENDING_REVIEW,VALID_DIAGNOSTIC_EVIDENCE,true,true,,1,true,false,1,[],0,[],NONE,false,false,false,false,false,false,true,true,false,false,NOT_PRESENT_IN_FROZEN_COARSE_DIAGNOSTICS,NOT_PRESENT_IN_FROZEN_COARSE_DIAGNOSTICS,false,false,"[""output_or_contract_shape_signal""]",output_or_contract_shape_signal,true,,,
127,bf89a824ca07792fc9d14d89cd30b82b2d94122c012226a5b6d6519f19d60cfe,c3ae1f243b6163aea793b5487d48a94d8aaad6356c30b6641c8bb406f4091d01,Mbpp/99,22,decimal_to_binary,completed,,,,returned,result_received,exit_0,str,mixed,PASS,PASS,PASS,PENDING_REVIEW,VALID_DIAGNOSTIC_EVIDENCE,true,true,,1,true,false,1,[],0,[],NONE,false,false,false,false,false,false,true,true,false,false,NOT_PRESENT_IN_FROZEN_COARSE_DIAGNOSTICS,NOT_PRESENT_IN_FROZEN_COARSE_DIAGNOSTICS,false,false,"[""output_or_contract_shape_signal""]",output_or_contract_shape_signal,true,,,
128,bfa80269cd8ac74c1987bbbac1e79a24054e0e85f65cf1a4afe972f89b56e57b,0b022ac7499d438587247188eb4d83ed24b12b30b34aa9ca0a4bbdf643cb4e85,Mbpp/103,44,eulerian_num,completed,,,,returned,result_received,exit_0,int,scalar,PASS,PASS,PASS,PENDING_REVIEW,VALID_DIAGNOSTIC_EVIDENCE,true,true,,1,true,false,2,[],0,[],NONE,false,false,false,false,false,false,true,true,false,false,NOT_PRESENT_IN_FROZEN_COARSE_DIAGNOSTICS,NOT_PRESENT_IN_FROZEN_COARSE_DIAGNOSTICS,false,false,"[""output_or_contract_shape_signal""]",output_or_contract_shape_signal,true,,,
129,c0c06f6fcb5b4dee869e572fda5e23ee98116f5e4c3d5d6a3d3cc96161a7bab0,75e3bbb18942ab42fbc4f003ace3bfca3236d592edfd1e30709573d29d9f331e,Mbpp/615,55,average_tuple,G2_plus,ZeroDivisionError,6,,raised,result_received,exit_0,,,PASS,FAIL,PASS,PENDING_REVIEW,VALID_DIAGNOSTIC_EVIDENCE,true,true,,1,true,false,1,[],0,[],NONE,false,false,false,false,true,false,false,false,false,false,NOT_PRESENT_IN_FROZEN_COARSE_DIAGNOSTICS,NOT_PRESENT_IN_FROZEN_COARSE_DIAGNOSTICS,false,false,"[""module_execution_exception_signal""]",module_execution_exception_signal,true,,,
130,c0c3cb24fc5d28ad23b148ccbebed6139d95e7086ae028e689fc30b7c0413d4a,0418307de212019d39c5fa5d1513a7d6bb5f93e36160483b3e39ad114dcb8f8b,Mbpp/633,33,pair_xor_Sum,completed,,,,returned,result_received,exit_0,int,scalar,PASS,PASS,PASS,PENDING_REVIEW,VALID_DIAGNOSTIC_EVIDENCE,true,true,,2,true,true,,[],0,[],NONE,false,false,false,false,false,false,true,false,false,false,NOT_PRESENT_IN_FROZEN_COARSE_DIAGNOSTICS,NOT_PRESENT_IN_FROZEN_COARSE_DIAGNOSTICS,false,false,"[""missing_or_ambiguous_entry_point_signal"",""test_execution_failure_signal""]",multiple_signal_chain,true,,,
131,c1a7d197c7708b5d9494be779a7ed9b43d38dd7e02feba17c9ca255fa9a9b9df,1807b80850bd5e68dd5e691a35970cbc8a713d678d186a05ed17b666da2faeed,Mbpp/99,11,decimal_to_binary,completed,,,,returned,result_received,exit_0,str,mixed,PASS,PASS,PASS,PENDING_REVIEW,VALID_DIAGNOSTIC_EVIDENCE,true,true,,1,true,false,1,[],0,[],NONE,false,false,false,false,false,false,true,true,false,false,NOT_PRESENT_IN_FROZEN_COARSE_DIAGNOSTICS,NOT_PRESENT_IN_FROZEN_COARSE_DIAGNOSTICS,false,false,"[""output_or_contract_shape_signal""]",output_or_contract_shape_signal,true,,,
132,c28319db61e1533961266cde4482f7ff82ea45618db4181d2744e4fc81c0e5df,6d704ca73eff8bd70955c04a185ddce25dfdf056648ed164c2f42c965cb9ce60,Mbpp/622,33,get_median,G2_plus,IndexError,40,,raised,result_received,exit_0,,,PASS,FAIL,PASS,PENDING_REVIEW,VALID_DIAGNOSTIC_EVIDENCE,true,true,,1,true,false,3,[],0,[],NONE,false,false,false,false,true,false,false,false,false,false,NOT_PRESENT_IN_FROZEN_COARSE_DIAGNOSTICS,NOT_PRESENT_IN_FROZEN_COARSE_DIAGNOSTICS,false,false,"[""module_execution_exception_signal""]",module_execution_exception_signal,true,,,
133,c2d651467e7abc045cfc9a4c523081d3f7dd86ed356ac965a3793a3b2998e2ed,61105f4af52e1da6742854c5ea3c22bfde3086d41028fc98a7d2bac0db86e64e,Mbpp/11,22,remove_Occ,G2_base,IndexError,17,,raised,result_received,exit_0,,,PASS,FAIL,PASS,PENDING_REVIEW,VALID_DIAGNOSTIC_EVIDENCE,true,true,,1,true,false,2,[],0,[],NONE,false,false,false,false,true,false,false,false,false,false,NOT_PRESENT_IN_FROZEN_COARSE_DIAGNOSTICS,NOT_PRESENT_IN_FROZEN_COARSE_DIAGNOSTICS,false,false,"[""module_execution_exception_signal""]",module_execution_exception_signal,true,,,
134,c4f9f49c8d060762aa98890c7ea383334cc4f4a5aed06d1f105f579dd9a9097b,e45f863ee86fd661a608ab496bcd1095e0372e264aa30f85de3285b1f9558528,Mbpp/792,22,count_list,completed,,,,returned,result_received,exit_0,int,scalar,PASS,PASS,PASS,PENDING_REVIEW,VALID_DIAGNOSTIC_EVIDENCE,true,true,,1,true,false,1,"[""Assert""]",1,[],NONE,false,false,false,false,false,false,true,true,false,true,NOT_PRESENT_IN_FROZEN_COARSE_DIAGNOSTICS,NOT_PRESENT_IN_FROZEN_COARSE_DIAGNOSTICS,false,false,"[""output_or_contract_shape_signal"",""packaging_or_scaffold_residue_signal""]",output_or_contract_shape_signal,true,,,
135,ccbf8fba0e7b409c9570fc1574519a6d4f122847a490ecf0fc62396fcd4e3a22,162317db3d25164ef5bc4bda72ebfa440b267105e57e357ee61bf5af4fce7af9,Mbpp/597,44,find_kth,G2_plus,IndexError,20,Name,raised,result_received,exit_0,,,PASS,FAIL,PASS,PENDING_REVIEW,VALID_DIAGNOSTIC_EVIDENCE,true,true,,1,true,false,3,"[""Assert""]",1,[],NONE,false,false,false,false,true,false,false,false,false,true,NOT_PRESENT_IN_FROZEN_COARSE_DIAGNOSTICS,NOT_PRESENT_IN_FROZEN_COARSE_DIAGNOSTICS,false,false,"[""module_execution_exception_signal"",""packaging_or_scaffold_residue_signal""]",module_execution_exception_signal,true,,,
136,cd5cfd344314f6730c9a7f680d7dd55ffb98b7b3562126fbe7929ed3b8ca636d,67d27f7d5487a3330f660c5e805260f58bc969b1e4f4b11b7458164fa9627209,Mbpp/759,11,is_decimal,completed,,,,returned,result_received,exit_0,bool,scalar,PASS,PASS,PASS,PENDING_REVIEW,VALID_DIAGNOSTIC_EVIDENCE,true,true,,1,true,false,1,[],0,[],NONE,false,false,false,false,false,false,true,true,false,false,NOT_PRESENT_IN_FROZEN_COARSE_DIAGNOSTICS,NOT_PRESENT_IN_FROZEN_COARSE_DIAGNOSTICS,false,false,"[""output_or_contract_shape_signal""]",output_or_contract_shape_signal,true,,,
137,cefff3d8a490047c757f7779c27204cf684a5b89df2223e5b7b447475b3f30af,7f4bce3588e433594bd3ce0e9d2789dcfe27d272d53bd461bc5327ba8ccbaec1,Mbpp/16,33,text_lowercase_underscore,completed,,,,returned,result_received,exit_0,bool,scalar,PASS,PASS,PASS,PENDING_REVIEW,VALID_DIAGNOSTIC_EVIDENCE,true,true,,1,true,false,1,[],0,[],NONE,false,false,false,false,false,false,true,true,false,false,NOT_PRESENT_IN_FROZEN_COARSE_DIAGNOSTICS,NOT_PRESENT_IN_FROZEN_COARSE_DIAGNOSTICS,false,false,"[""output_or_contract_shape_signal""]",output_or_contract_shape_signal,true,,,
138,d0e24140080d838b0fa411a6c6fbf72fd3607bd41044aa70a54a3dc5a2652917,f4bd543ec38cc80a1c41f729031320d6cf3d3504a27a78d66ea893256171b1eb,Mbpp/620,55,largest_subset,completed,,,,returned,result_received,exit_0,int,scalar,PASS,PASS,PASS,PENDING_REVIEW,VALID_DIAGNOSTIC_EVIDENCE,true,true,,1,true,false,1,"[""Expr""]",1,[],NONE,false,false,false,false,false,false,true,true,false,true,NOT_PRESENT_IN_FROZEN_COARSE_DIAGNOSTICS,NOT_PRESENT_IN_FROZEN_COARSE_DIAGNOSTICS,false,false,"[""output_or_contract_shape_signal"",""packaging_or_scaffold_residue_signal""]",output_or_contract_shape_signal,true,,,
139,d10c4c3a33cf290555e5024a1d00fb1c827d72ea862ad8e9e70f618e6665cdc1,bebc9d4517eb814ebda7c97c58437ceeac779e888b03f9cc158b87d2621a5556,Mbpp/427,33,change_date_format,completed,,,,returned,result_received,exit_0,str,nonempty_sequence,PASS,PASS,PASS,PENDING_REVIEW,VALID_DIAGNOSTIC_EVIDENCE,true,true,,1,true,false,1,[],0,[],NONE,false,false,false,false,false,false,true,true,false,false,NOT_PRESENT_IN_FROZEN_COARSE_DIAGNOSTICS,NOT_PRESENT_IN_FROZEN_COARSE_DIAGNOSTICS,false,false,"[""output_or_contract_shape_signal""]",output_or_contract_shape_signal,true,,,
140,d37bbdccd21d7370a58c1513ddc24b3566c318fd31f0e3b2c724ebc6608f853f,a8591b50f54c9253f443ba7967df3a6bf277cb5d932a16aa396139679a30640d,Mbpp/430,22,parabola_directrix,G2_plus,ValueError,11,,raised,result_received,exit_0,,,PASS,FAIL,PASS,PENDING_REVIEW,VALID_DIAGNOSTIC_EVIDENCE,true,true,,1,true,false,3,[],0,[],NONE,false,false,false,false,true,false,false,false,false,false,NOT_PRESENT_IN_FROZEN_COARSE_DIAGNOSTICS,NOT_PRESENT_IN_FROZEN_COARSE_DIAGNOSTICS,false,false,"[""module_execution_exception_signal""]",module_execution_exception_signal,true,,,
141,d6cc3d6bdcc0be8b24448e7ba5b9808a9e505adf3b7dccbde8d30259c2d18cad,b77bdc9f23f0358a534ae4a83548b6715d981aaf6508eee5b7c110626faca8cd,Mbpp/581,55,surface_Area,completed,,,,returned,result_received,exit_0,float,scalar,PASS,PASS,PASS,PENDING_REVIEW,VALID_DIAGNOSTIC_EVIDENCE,true,true,,1,true,false,2,[],0,"[""math""]",math:STDLIB,true,false,false,false,false,false,true,true,false,false,NOT_PRESENT_IN_FROZEN_COARSE_DIAGNOSTICS,NOT_PRESENT_IN_FROZEN_COARSE_DIAGNOSTICS,false,false,"[""output_or_contract_shape_signal""]",output_or_contract_shape_signal,true,,,
142,d6e8952a09372c813254372d7efdba2f1a1f9ad01529ec71bb61af90062df885,c3fca0ce50613b11b594fe830b547bc66579a43a2c158c7b3218e4e8cec5e76b,Mbpp/572,22,two_unique_nums,completed,,,,returned,result_received,exit_0,list,mixed,PASS,PASS,PASS,PENDING_REVIEW,VALID_DIAGNOSTIC_EVIDENCE,true,true,,1,true,false,1,[],0,[],NONE,false,false,false,false,false,false,true,true,false,false,NOT_PRESENT_IN_FROZEN_COARSE_DIAGNOSTICS,NOT_PRESENT_IN_FROZEN_COARSE_DIAGNOSTICS,false,false,"[""output_or_contract_shape_signal""]",output_or_contract_shape_signal,true,,,
143,d79469f17725693a3dbdb8ab981bddf8ed4375e802134524cfa94961d2f17f0f,59753dba56f0d2a7ed39dd194d1a282d744e93ecbb4293cc49622ad6a0e08894,Mbpp/11,55,remove_Occ,G2_base,IndexError,17,,raised,result_received,exit_0,,,PASS,FAIL,PASS,PENDING_REVIEW,VALID_DIAGNOSTIC_EVIDENCE,true,true,,1,true,false,2,[],0,[],NONE,false,false,false,false,true,false,false,false,false,false,NOT_PRESENT_IN_FROZEN_COARSE_DIAGNOSTICS,NOT_PRESENT_IN_FROZEN_COARSE_DIAGNOSTICS,false,false,"[""module_execution_exception_signal""]",module_execution_exception_signal,true,,,
144,d8697d88e8233dbbb610e6740b9ded49ddc74701f7c33f8628731fdd58777019,8b64f5b7c826bd77c710a702f66040722a18dde24c3c9d5f5473f0669c2b73ae,Mbpp/622,11,get_median,G2_plus,IndexError,13,Name,raised,result_received,exit_0,,,PASS,FAIL,PASS,PENDING_REVIEW,VALID_DIAGNOSTIC_EVIDENCE,true,true,,1,true,false,3,"[""If""]",1,[],NONE,false,false,false,false,true,false,false,false,false,true,NOT_PRESENT_IN_FROZEN_COARSE_DIAGNOSTICS,NOT_PRESENT_IN_FROZEN_COARSE_DIAGNOSTICS,false,false,"[""module_execution_exception_signal"",""packaging_or_scaffold_residue_signal""]",module_execution_exception_signal,true,,,
145,da311e11ff87b49bcd2ed4eb7456c07e4b43560eb1890a9a1d1e1bfcc2d8ae54,cffc1b0819f84e4bf908fd407066e1a41553788afdb4698de54a88c730fa5a93,Mbpp/435,55,last_Digit,completed,,,,returned,result_received,exit_0,int,scalar,PASS,PASS,PASS,PENDING_REVIEW,VALID_DIAGNOSTIC_EVIDENCE,true,true,,1,true,false,1,"[""Assert""]",1,[],NONE,false,false,false,false,false,false,true,true,false,true,NOT_PRESENT_IN_FROZEN_COARSE_DIAGNOSTICS,NOT_PRESENT_IN_FROZEN_COARSE_DIAGNOSTICS,false,false,"[""output_or_contract_shape_signal"",""packaging_or_scaffold_residue_signal""]",output_or_contract_shape_signal,true,,,
146,da3b306e10fbd0e391950f9383ce978a7f07519334207d52f0738fadb1c4b7f6,8fae4685154b12c0ac4c7456c2de80fa40c582f2be261ab918ceb24310411c80,Mbpp/118,44,string_to_list,completed,,,,returned,result_received,exit_0,list,mixed,PASS,PASS,PASS,PENDING_REVIEW,VALID_DIAGNOSTIC_EVIDENCE,true,true,,1,true,false,1,"[""Assert""]",1,[],NONE,false,false,false,false,false,false,true,true,false,true,NOT_PRESENT_IN_FROZEN_COARSE_DIAGNOSTICS,NOT_PRESENT_IN_FROZEN_COARSE_DIAGNOSTICS,false,false,"[""output_or_contract_shape_signal"",""packaging_or_scaffold_residue_signal""]",output_or_contract_shape_signal,true,,,
147,dbea2d3c0b5e91a70f0542ed83acc2c8a81ea79d742dd76b0bf4327fb71dd259,18381c473abe3cc335d0f20ad720e4006d66a43e08531742a8aa0890d413d435,Mbpp/72,55,dif_Square,completed,,,,returned,result_received,exit_0,bool,scalar,PASS,PASS,PASS,PENDING_REVIEW,VALID_DIAGNOSTIC_EVIDENCE,true,true,,1,true,false,1,[],0,[],NONE,false,false,false,false,false,false,true,true,false,false,NOT_PRESENT_IN_FROZEN_COARSE_DIAGNOSTICS,NOT_PRESENT_IN_FROZEN_COARSE_DIAGNOSTICS,false,false,"[""output_or_contract_shape_signal""]",output_or_contract_shape_signal,true,,,
148,df59c7d238b574cc10029a2d5c026996fa8af2e08ecc1c9af6c527261d8dc344,b60f34ba8a568a2823ffe7f13f76114d06f40eef55ed197a375a088eedf3f456,Mbpp/473,11,tuple_intersection,completed,,,,returned,result_received,exit_0,set,mixed,PASS,PASS,PASS,PENDING_REVIEW,VALID_DIAGNOSTIC_EVIDENCE,true,true,,1,true,false,2,[],0,[],NONE,false,false,false,false,false,false,true,true,false,false,NOT_PRESENT_IN_FROZEN_COARSE_DIAGNOSTICS,NOT_PRESENT_IN_FROZEN_COARSE_DIAGNOSTICS,false,false,"[""output_or_contract_shape_signal""]",output_or_contract_shape_signal,true,,,
149,e035127c59926787770cf7d09e6e5737a0ab5885884d7b5eec7fc0fa8dbe9dd9,32c6810fcd449d9892f7f91436be83a7308e5ae7e4b4f60fe105e0d646f10ea6,Mbpp/792,55,count_list,completed,,,,returned,result_received,exit_0,int,scalar,PASS,PASS,PASS,PENDING_REVIEW,VALID_DIAGNOSTIC_EVIDENCE,true,true,,1,true,false,1,[],0,[],NONE,false,false,false,false,false,false,true,true,false,false,NOT_PRESENT_IN_FROZEN_COARSE_DIAGNOSTICS,NOT_PRESENT_IN_FROZEN_COARSE_DIAGNOSTICS,false,false,"[""output_or_contract_shape_signal""]",output_or_contract_shape_signal,true,,,
150,e12feb3667f7a809b689e3e42dafe4383bdfdde20626cc3ba890655d92a61d7f,8102e77bccb9d4f6f0f89006441a8d679471982f8e8fd57671e9d20d7b4c69f5,Mbpp/259,44,maximize_elements,G2_base,NameError,26,,raised,result_received,exit_0,,,PASS,FAIL,PASS,PENDING_REVIEW,VALID_DIAGNOSTIC_EVIDENCE,true,true,,1,true,false,2,[],0,[],NONE,false,false,true,true,true,false,false,false,false,true,NOT_PRESENT_IN_FROZEN_COARSE_DIAGNOSTICS,NOT_PRESENT_IN_FROZEN_COARSE_DIAGNOSTICS,false,false,"[""import_or_name_resolution_signal"",""module_execution_exception_signal"",""packaging_or_scaffold_residue_signal""]",multiple_signal_chain,true,,,
151,e20c3fb73759ea13d9ef3f60125bb1cbffb65ce442d305984a4026dde7b46e8e,65e8f4ae6ec81981c42b2378df60f74f62e7d5a008273504a14c8eab49847375,Mbpp/237,55,check_occurences,completed,,,,returned,result_received,exit_0,dict,mixed,PASS,PASS,PASS,PENDING_REVIEW,VALID_DIAGNOSTIC_EVIDENCE,true,true,,1,true,false,1,[],0,"[""collections:Counter""]",collections:Counter:STDLIB,true,false,false,false,false,false,true,true,false,false,NOT_PRESENT_IN_FROZEN_COARSE_DIAGNOSTICS,NOT_PRESENT_IN_FROZEN_COARSE_DIAGNOSTICS,false,false,"[""output_or_contract_shape_signal""]",output_or_contract_shape_signal,true,,,
152,e34035942f49279e74cc7c14da61099ae2325ec0c816ed64d6e8c2d44e9ad594,b844aa9aaf5a3780e42a405f3cd025a47eec35d811429c5013a8234eabf9fc99,Mbpp/119,55,search,infrastructure,WorkerProcessExit,,,not_run,result_eof,signal_exit,,,PASS,NOT_ASSESSED,PASS,INVALID_INFRASTRUCTURE,INVALID_INFRASTRUCTURE,true,true,,1,true,false,1,[],0,[],NONE,false,false,false,false,false,false,false,false,false,false,NOT_PRESENT_IN_FROZEN_COARSE_DIAGNOSTICS,NOT_PRESENT_IN_FROZEN_COARSE_DIAGNOSTICS,false,false,"[""no_decisive_machine_signal""]",no_decisive_machine_signal,true,,,
153,e46a657fce3ecde2ac8078af376204deab08196894a3a0db8c3029e317c0a95c,106ea34c17e55e41e161d66e0ab4e7a85536bd7add63a01b556982ca6409bcc5,Mbpp/473,33,tuple_intersection,completed,,,,returned,result_received,exit_0,set,mixed,PASS,PASS,PASS,PENDING_REVIEW,VALID_DIAGNOSTIC_EVIDENCE,true,true,,1,true,false,2,"[""If""]",1,[],NONE,false,false,false,false,false,false,true,true,false,true,NOT_PRESENT_IN_FROZEN_COARSE_DIAGNOSTICS,NOT_PRESENT_IN_FROZEN_COARSE_DIAGNOSTICS,false,false,"[""output_or_contract_shape_signal"",""packaging_or_scaffold_residue_signal""]",output_or_contract_shape_signal,true,,,
154,e62f5c9713692a4bae0ae1ba5077e0b37b46e00fcaf9312de4d72a4c05f849ef,530d1ccc4c380c95b8722921ca3bc44bfdb0fee1e94524ce7240234964bff2b5,Mbpp/769,33,Diff,completed,,,,returned,result_received,exit_0,list,mixed,PASS,PASS,PASS,PENDING_REVIEW,VALID_DIAGNOSTIC_EVIDENCE,true,true,,1,true,false,2,"[""Assert""]",1,[],NONE,false,false,false,false,false,false,true,true,false,true,NOT_PRESENT_IN_FROZEN_COARSE_DIAGNOSTICS,NOT_PRESENT_IN_FROZEN_COARSE_DIAGNOSTICS,false,false,"[""output_or_contract_shape_signal"",""packaging_or_scaffold_residue_signal""]",output_or_contract_shape_signal,true,,,
155,e762c7d5362d7c213d760547ce6d9f8bce9b515216b1b80877c78733f20520af,5a0a5a897eec0f270a2c121d6cdf0ca7168318a219de17b58f8d2f054d760f06,Mbpp/14,55,find_Volume,completed,,,,returned,result_received,exit_0,mixed,scalar,PASS,PASS,PASS,PENDING_REVIEW,VALID_DIAGNOSTIC_EVIDENCE,true,true,,1,true,false,3,"[""Assert""]",1,[],NONE,false,false,false,false,false,false,true,true,false,true,NOT_PRESENT_IN_FROZEN_COARSE_DIAGNOSTICS,NOT_PRESENT_IN_FROZEN_COARSE_DIAGNOSTICS,false,false,"[""output_or_contract_shape_signal"",""packaging_or_scaffold_residue_signal""]",output_or_contract_shape_signal,true,,,
156,e85ead3e256d45a98dff7ed90ae9a1eb27937f9afe035676cc884f01ae13669a,3cbf2b6965e1664e403696800f79f2c5a05796a2e53e684325e6f1316917610e,Mbpp/16,22,text_lowercase_underscore,completed,,,,returned,result_received,exit_0,bool,scalar,PASS,PASS,PASS,PENDING_REVIEW,VALID_DIAGNOSTIC_EVIDENCE,true,true,,1,true,false,1,[],0,[],NONE,false,false,false,false,false,false,true,true,false,false,NOT_PRESENT_IN_FROZEN_COARSE_DIAGNOSTICS,NOT_PRESENT_IN_FROZEN_COARSE_DIAGNOSTICS,false,false,"[""output_or_contract_shape_signal""]",output_or_contract_shape_signal,true,,,
157,e913935149eda6911282b2a55b7d9d5cae085f851c495a40ae567a9ffeccd7a8,7482ea7aa585770b896f49e51dbe99aef59bd0b1e7844ab31055d706a1c1bf56,Mbpp/603,33,get_ludic,G2_base,NameError,16,,raised,result_received,exit_0,,,PASS,FAIL,PASS,PENDING_REVIEW,VALID_DIAGNOSTIC_EVIDENCE,true,true,,1,true,false,1,"[""Assign""]",1,[],NONE,false,false,true,true,true,false,false,false,false,true,NOT_PRESENT_IN_FROZEN_COARSE_DIAGNOSTICS,NOT_PRESENT_IN_FROZEN_COARSE_DIAGNOSTICS,false,false,"[""import_or_name_resolution_signal"",""module_execution_exception_signal"",""packaging_or_scaffold_residue_signal""]",multiple_signal_chain,true,,,
158,ece76238dc23e4c6ac96b346c685f1846406516726a1310a5427ae189f79cad6,01382bbb873bec949cdfd837b6cdbf14e2cf62c1e746c28feeb28ed93fe7e019,Mbpp/721,33,maxAverageOfPath,completed,,,,returned,result_received,exit_0,float,scalar,PASS,PASS,PASS,PENDING_REVIEW,VALID_DIAGNOSTIC_EVIDENCE,true,true,,1,true,false,1,[],0,[],NONE,false,false,false,false,false,false,true,true,false,false,NOT_PRESENT_IN_FROZEN_COARSE_DIAGNOSTICS,NOT_PRESENT_IN_FROZEN_COARSE_DIAGNOSTICS,false,false,"[""output_or_contract_shape_signal""]",output_or_contract_shape_signal,true,,,
159,f14d52366f2dcbb7a33abeeac05c19a43cb0fccd515244e688d7a3ee885a8b34,6cc8fd79ca46379af9f10cea6ded62fac391fd08e2fe2845067189a1d0f9047a,Mbpp/11,44,remove_Occ,completed,,,,returned,result_received,exit_0,str,mixed,PASS,PASS,PASS,PENDING_REVIEW,VALID_DIAGNOSTIC_EVIDENCE,true,true,,1,true,false,2,[],0,[],NONE,false,false,false,false,false,false,true,true,false,false,NOT_PRESENT_IN_FROZEN_COARSE_DIAGNOSTICS,NOT_PRESENT_IN_FROZEN_COARSE_DIAGNOSTICS,false,false,"[""output_or_contract_shape_signal""]",output_or_contract_shape_signal,true,,,
160,f3b152a48d3151267f448c854339f602b1fd0606d6e2fe4e20a774f029079bbb,b6b40f87a0fca96c133abf996c156d05fa45f85dd74b17a8de976afc1156b72b,Mbpp/771,33,check_expression,completed,,,,returned,result_received,exit_0,bool,scalar,PASS,PASS,PASS,PENDING_REVIEW,VALID_DIAGNOSTIC_EVIDENCE,true,true,,1,true,false,1,[],0,[],NONE,false,false,false,false,false,false,true,true,false,false,NOT_PRESENT_IN_FROZEN_COARSE_DIAGNOSTICS,NOT_PRESENT_IN_FROZEN_COARSE_DIAGNOSTICS,false,false,"[""output_or_contract_shape_signal""]",output_or_contract_shape_signal,true,,,
161,f47af857ade246797c519ba56642b4e03a657f7e005e46f28e08bc78ee364bac,717366fb46574cae765e411dfab3eae97b6f158146e9ba7308ded64bea7b1b04,Mbpp/255,55,combinations_colors,G2_plus,MemoryError,8,,raised,result_received,exit_0,,,PASS,FAIL,PASS,PENDING_REVIEW,VALID_DIAGNOSTIC_EVIDENCE,true,true,,1,true,false,2,[],0,"[""itertools:product""]",itertools:product:STDLIB,true,false,false,false,true,false,false,false,false,false,NOT_PRESENT_IN_FROZEN_COARSE_DIAGNOSTICS,NOT_PRESENT_IN_FROZEN_COARSE_DIAGNOSTICS,false,false,"[""module_execution_exception_signal""]",module_execution_exception_signal,true,,,
162,f577c29f018779bba4ba02e683fcf7b285700559c10036f5f262d3580b694455,c07fe7f853408eaa06180ce0f35a30d663848fb8f48bab8738b5f469c5005848,Mbpp/771,22,check_expression,completed,,,,returned,result_received,exit_0,bool,scalar,PASS,PASS,PASS,PENDING_REVIEW,VALID_DIAGNOSTIC_EVIDENCE,true,true,,1,true,false,1,[],0,[],NONE,false,false,false,false,false,false,true,true,false,false,NOT_PRESENT_IN_FROZEN_COARSE_DIAGNOSTICS,NOT_PRESENT_IN_FROZEN_COARSE_DIAGNOSTICS,false,false,"[""output_or_contract_shape_signal""]",output_or_contract_shape_signal,true,,,
163,f5a3924eae1972d3f71b287a379e069295aa377283d8429a352416ccd3ed6243,fd222255aa7bb1ea12cc1ff2803e97dfbea14dd5e0b66c1f0fc6d47525cbf496,Mbpp/765,22,is_polite,completed,,,,returned,result_received,exit_0,bool,scalar,PASS,PASS,PASS,PENDING_REVIEW,VALID_DIAGNOSTIC_EVIDENCE,true,true,,1,true,false,1,"[""If""]",1,[],NONE,false,false,false,false,false,false,true,true,false,true,NOT_PRESENT_IN_FROZEN_COARSE_DIAGNOSTICS,NOT_PRESENT_IN_FROZEN_COARSE_DIAGNOSTICS,false,false,"[""output_or_contract_shape_signal"",""packaging_or_scaffold_residue_signal""]",output_or_contract_shape_signal,true,,,
164,f75a5f9e85fedf004490ef33fc901124086d40f1abc734a904f25afb49a03992,4b657347adedbfd66f25a071bcdf2879ccad6f55aba4919267ab6333073e4862,Mbpp/72,33,dif_Square,G2_plus,TypeError,10,,raised,result_received,exit_0,,,PASS,FAIL,PASS,PENDING_REVIEW,VALID_DIAGNOSTIC_EVIDENCE,true,true,,1,true,false,1,[],0,[],NONE,false,false,false,false,true,false,false,false,false,false,NOT_PRESENT_IN_FROZEN_COARSE_DIAGNOSTICS,NOT_PRESENT_IN_FROZEN_COARSE_DIAGNOSTICS,false,false,"[""module_execution_exception_signal""]",module_execution_exception_signal,true,,,
165,fa5a49bae5aacc269bbba5a927d4839d1c04e0afa4d2d508cfc95d34df05c877,79f2f92bf28f4b2a000e2c6208c349e3b70a07edc232a72287fcd3f4554f928f,Mbpp/440,55,find_adverb_position,completed,,,,returned,result_received,exit_0,mixed,mixed,PASS,PASS,PASS,PENDING_REVIEW,VALID_DIAGNOSTIC_EVIDENCE,true,true,,1,true,false,1,[],0,"[""re""]",re:STDLIB,true,false,false,false,false,false,true,true,false,false,NOT_PRESENT_IN_FROZEN_COARSE_DIAGNOSTICS,NOT_PRESENT_IN_FROZEN_COARSE_DIAGNOSTICS,false,false,"[""output_or_contract_shape_signal""]",output_or_contract_shape_signal,true,,,
166,faa92ffdc441f230379bf7175f22c7be6f3c25340f9473e28d57a579698c3b6d,9d8163821b833c86eba9f076a8f5960898a0e211ee784ce38ffc8ee69d444ea5,Mbpp/620,11,largest_subset,completed,,,,returned,result_received,exit_0,int,scalar,PASS,PASS,PASS,PENDING_REVIEW,VALID_DIAGNOSTIC_EVIDENCE,true,true,,1,true,false,1,[],0,[],NONE,false,false,false,false,false,false,true,true,false,false,NOT_PRESENT_IN_FROZEN_COARSE_DIAGNOSTICS,NOT_PRESENT_IN_FROZEN_COARSE_DIAGNOSTICS,false,false,"[""output_or_contract_shape_signal""]",output_or_contract_shape_signal,true,,,
167,fab2363176ff08eb4050cfd8bed0ddd21793185ed25dbec2e8f54dde571ae77a,e913f388d031f822e2242f3a6bd58ad889319788f48a88ef57511e02ae942f5e,Mbpp/759,44,is_decimal,completed,,,,returned,result_received,exit_0,bool,scalar,PASS,PASS,PASS,PENDING_REVIEW,VALID_DIAGNOSTIC_EVIDENCE,true,true,,1,true,false,1,[],0,[],NONE,false,false,false,false,false,false,true,true,false,false,NOT_PRESENT_IN_FROZEN_COARSE_DIAGNOSTICS,NOT_PRESENT_IN_FROZEN_COARSE_DIAGNOSTICS,false,false,"[""output_or_contract_shape_signal""]",output_or_contract_shape_signal,true,,,
168,fb762e37725ef76332c7c76243702f91d0378326ba55e4bba0db5890ecbc0cc1,c14c961c0f588ed2afde67691878d0c69dc285fabb7cf9946306f9f99156b37a,Mbpp/16,11,text_lowercase_underscore,completed,,,,returned,result_received,exit_0,bool,scalar,PASS,PASS,PASS,PENDING_REVIEW,VALID_DIAGNOSTIC_EVIDENCE,true,true,,1,true,false,1,[],0,[],NONE,false,false,false,false,false,false,true,true,false,false,NOT_PRESENT_IN_FROZEN_COARSE_DIAGNOSTICS,NOT_PRESENT_IN_FROZEN_COARSE_DIAGNOSTICS,false,false,"[""output_or_contract_shape_signal""]",output_or_contract_shape_signal,true,,,
169,fc6fa5bd9f3b1dd6835220a2af4c7324cdff749be841c8753292bd778a3c657f,f988417709fb8231162928b761900a611f5c2fcddd376f43abe6404e592be69b,Mbpp/633,11,pair_xor_Sum,completed,,,,returned,result_received,exit_0,int,scalar,PASS,PASS,PASS,PENDING_REVIEW,VALID_DIAGNOSTIC_EVIDENCE,true,true,,1,true,false,2,[],0,[],NONE,false,false,false,false,false,false,true,true,false,false,NOT_PRESENT_IN_FROZEN_COARSE_DIAGNOSTICS,NOT_PRESENT_IN_FROZEN_COARSE_DIAGNOSTICS,false,false,"[""output_or_contract_shape_signal""]",output_or_contract_shape_signal,true,,,
170,fe973455ae8aa6d18d84cc677a9789d83520d0257a3d01fa61fa796a4371ac12,039cb0be94945980ffb1a0fa552bf08b728787bed5178c3a31f20c0155e40e02,Mbpp/722,44,filter_data,G2_base,NameError,6,,raised,result_received,exit_0,,,PASS,FAIL,PASS,PENDING_REVIEW,VALID_DIAGNOSTIC_EVIDENCE,true,true,,1,true,false,3,[],0,[],NONE,false,false,true,true,true,false,false,false,false,false,NOT_PRESENT_IN_FROZEN_COARSE_DIAGNOSTICS,NOT_PRESENT_IN_FROZEN_COARSE_DIAGNOSTICS,false,false,"[""import_or_name_resolution_signal"",""module_execution_exception_signal""]",multiple_signal_chain,true,,,
171,fecb44add792a30c7498be505f3bddc0c50ecf8b0f769420488d6743ed2158c8,9949052811c7aa1cc2afe6f8b3b792027930d4e100965db568d88ff52fbb3db5,Mbpp/427,55,change_date_format,completed,,,,returned,result_received,exit_0,str,nonempty_sequence,PASS,PASS,PASS,PENDING_REVIEW,VALID_DIAGNOSTIC_EVIDENCE,true,true,,1,true,false,1,[],0,[],NONE,false,false,false,false,false,false,true,true,false,false,NOT_PRESENT_IN_FROZEN_COARSE_DIAGNOSTICS,NOT_PRESENT_IN_FROZEN_COARSE_DIAGNOSTICS,false,false,"[""output_or_contract_shape_signal""]",output_or_contract_shape_signal,true,,,
