selection_rank,remaining61_rank,source_roster_rank,program_id,cell_identity_sha256,dataset,task_id,task_identity_sha256,model,condition,seed,generation_id,source_artifact_path,source_sha256,evaluation_source_sha256,selection_rule,selection_rule_citation,selection_disposition,after_batch03_remaining_rank
1,1,26,32d57f4a3d936a6e9c655af0f10d9b2a06578a1adedc54df98892a4d6b795bd3,e3fd6a7e24e377af99eba52bf6b30b9fecbf6c6d37a9760f9414f36266d667dc,MBPP+,Mbpp/287,ef9bb68a021c16f1fe432bfd728da94269e8161db9b469e9c66fafa78b475860,Qwen2.5-Coder-3B-Instruct/q35_9b_replay_r003,Candidate_B/H0,22,41149ffa52d6cda83eb16cf0cc11fdcf624ec2cd0978543f7e9a68cc7e25174b,artifacts/public_benchmark_development/mbpp_candidate_b_development60/runs/mbpp_q35_9b_candidate_b_development60_replay_r003/h0_h1_accounts.jsonl#program_id=32d57f4a3d936a6e9c655af0f10d9b2a06578a1adedc54df98892a4d6b795bd3;healer_account=H0,30ae6b411b35d14943e1c54f2237883ff7cbb0ddaf655800fa9500ea0168ef9e,30ae6b411b35d14943e1c54f2237883ff7cbb0ddaf655800fa9500ea0168ef9e,remaining101_fixed_order_excluding_frozen_batch01_and_batch02_take_first20,artifacts/public_benchmark_governance/candidate_b_r003_taxonomy_v31_remaining81_batch02_20cell_roster_v1/remaining61_roster.csv#remaining_rank=1,BATCH03_SELECTED,
2,2,27,32edbe1532826de4a3416eb06e43c97bc8b4687cce8161729414d2811d583c85,5ea82285e792b34508b9a86f6c413242b5b627d093d86221c7d1a5f7dc7da4e8,MBPP+,Mbpp/769,4350e2e93381b2af82ef1928288b20148c92ea23bfa83a14939df05cc5d3ef04,Qwen2.5-Coder-3B-Instruct/q35_9b_replay_r003,Candidate_B/H0,22,0d2d6a24942fea0b3a04b21d32ab90df6681d6467a6e2ad0092b2feb5558564b,artifacts/public_benchmark_development/mbpp_candidate_b_development60/runs/mbpp_q35_9b_candidate_b_development60_replay_r003/h0_h1_accounts.jsonl#program_id=32edbe1532826de4a3416eb06e43c97bc8b4687cce8161729414d2811d583c85;healer_account=H0,9c73960f4d24aa953a7530bc6e3411f71d38f0ce414fc1fb21b268e1d23edd5a,9c73960f4d24aa953a7530bc6e3411f71d38f0ce414fc1fb21b268e1d23edd5a,remaining101_fixed_order_excluding_frozen_batch01_and_batch02_take_first20,artifacts/public_benchmark_governance/candidate_b_r003_taxonomy_v31_remaining81_batch02_20cell_roster_v1/remaining61_roster.csv#remaining_rank=2,BATCH03_SELECTED,
3,3,28,392899632bcf304144c5f48b7ac2120b6a200c6ce845b067a875cb427149c55a,b71af8cf5dd0a8271fa0527faa458e8ba8a3cef7b1e8de0f86bb2ce80492c227,MBPP+,Mbpp/759,5d17bcb1c7697ef8f8f6bd6bbb1173195495679fe5b0ef80a5fc08452c6f8093,Qwen2.5-Coder-3B-Instruct/q35_9b_replay_r003,Candidate_B/H0,55,916393fab66fc76e2cad50ed8f2be1938ea077c81c11c8297332f214f249779d,artifacts/public_benchmark_development/mbpp_candidate_b_development60/runs/mbpp_q35_9b_candidate_b_development60_replay_r003/h0_h1_accounts.jsonl#program_id=392899632bcf304144c5f48b7ac2120b6a200c6ce845b067a875cb427149c55a;healer_account=H0,4635f02319c650377095cde796688cc7c3a61a08407884bccae596b4455710ab,4635f02319c650377095cde796688cc7c3a61a08407884bccae596b4455710ab,remaining101_fixed_order_excluding_frozen_batch01_and_batch02_take_first20,artifacts/public_benchmark_governance/candidate_b_r003_taxonomy_v31_remaining81_batch02_20cell_roster_v1/remaining61_roster.csv#remaining_rank=3,BATCH03_SELECTED,
4,4,30,3b802dcce09d236485df19d1c985675e091e74cbb5fcbf6e73f753d873f62e88,d6336d216b72d481778b0987bad329f58373eacbe048877b8b7f1f867a6f6108,MBPP+,Mbpp/777,c25d1fe3b2e4f6d9c3505001aad034ed972eda83d2307f5df5f3302beb594319,Qwen2.5-Coder-3B-Instruct/q35_9b_replay_r003,Candidate_B/H0,11,e66a188ef068563913683ec14e0670c4fb8d5df4fb40dc00644109901020aff9,artifacts/public_benchmark_development/mbpp_candidate_b_development60/runs/mbpp_q35_9b_candidate_b_development60_replay_r003/h0_h1_accounts.jsonl#program_id=3b802dcce09d236485df19d1c985675e091e74cbb5fcbf6e73f753d873f62e88;healer_account=H0,cb1af19e1fa01ea4684aabac3b4308abf204e5baaffe3a2b92e515ef1a02326b,cb1af19e1fa01ea4684aabac3b4308abf204e5baaffe3a2b92e515ef1a02326b,remaining101_fixed_order_excluding_frozen_batch01_and_batch02_take_first20,artifacts/public_benchmark_governance/candidate_b_r003_taxonomy_v31_remaining81_batch02_20cell_roster_v1/remaining61_roster.csv#remaining_rank=4,BATCH03_SELECTED,
5,5,31,4378e8d490f8f3ec4fca63d29b42264fbfb25d6f05a847acf0868d3b54f7c1a9,7eb778e4adb4e778993a86edba725ed62e81ab0119b5aeeac9363fadfee818fe,MBPP+,Mbpp/759,5d17bcb1c7697ef8f8f6bd6bbb1173195495679fe5b0ef80a5fc08452c6f8093,Qwen2.5-Coder-3B-Instruct/q35_9b_replay_r003,Candidate_B/H0,33,57da36304b1d07eb02838d69b9f7dda72145379537c0234c6986a0d5e76b7efe,artifacts/public_benchmark_development/mbpp_candidate_b_development60/runs/mbpp_q35_9b_candidate_b_development60_replay_r003/h0_h1_accounts.jsonl#program_id=4378e8d490f8f3ec4fca63d29b42264fbfb25d6f05a847acf0868d3b54f7c1a9;healer_account=H0,7f227ca941b3751dc9cf1c0801569df1a85f8515d23dc74b32c42dc038125e34,7f227ca941b3751dc9cf1c0801569df1a85f8515d23dc74b32c42dc038125e34,remaining101_fixed_order_excluding_frozen_batch01_and_batch02_take_first20,artifacts/public_benchmark_governance/candidate_b_r003_taxonomy_v31_remaining81_batch02_20cell_roster_v1/remaining61_roster.csv#remaining_rank=5,BATCH03_SELECTED,
6,6,32,53e1494c968d9de1060a6f2704a8ca57d68b803f0afb1ab122539dfdb36dd039,473356d2bad7ac968c51216ff8f6ca983befafd59e45fbbd6a418f6d6ea6ebf7,MBPP+,Mbpp/786,66c65c1ab4c7d18af51e33ad9e82728fed2a2059f1285e803290eee623a18fee,Qwen2.5-Coder-3B-Instruct/q35_9b_replay_r003,Candidate_B/H0,33,63ff9982ea56cc775354ac0a3bcf418d879387b9cfe0c45bb1dae72b0bfee3d7,artifacts/public_benchmark_development/mbpp_candidate_b_development60/runs/mbpp_q35_9b_candidate_b_development60_replay_r003/h0_h1_accounts.jsonl#program_id=53e1494c968d9de1060a6f2704a8ca57d68b803f0afb1ab122539dfdb36dd039;healer_account=H0,f05986f0c81f3760c08b797b209b852d23dfa5ed46513e9659009857313f509d,f05986f0c81f3760c08b797b209b852d23dfa5ed46513e9659009857313f509d,remaining101_fixed_order_excluding_frozen_batch01_and_batch02_take_first20,artifacts/public_benchmark_governance/candidate_b_r003_taxonomy_v31_remaining81_batch02_20cell_roster_v1/remaining61_roster.csv#remaining_rank=6,BATCH03_SELECTED,
7,7,33,578c5bf9895c10e09e10e0c1194a2ddf6b87d783e19582571098150b36269dea,21c08b508eee0864b8e73e614838e190cbdf094e7565b4fea5f75598096b1974,MBPP+,Mbpp/769,4350e2e93381b2af82ef1928288b20148c92ea23bfa83a14939df05cc5d3ef04,Qwen2.5-Coder-3B-Instruct/q35_9b_replay_r003,Candidate_B/H0,11,3a633232a760ef424985b1f6ad16cbb3a8a75962a6e57f7bdf28c14cf2adcc3f,artifacts/public_benchmark_development/mbpp_candidate_b_development60/runs/mbpp_q35_9b_candidate_b_development60_replay_r003/h0_h1_accounts.jsonl#program_id=578c5bf9895c10e09e10e0c1194a2ddf6b87d783e19582571098150b36269dea;healer_account=H0,fc786c85d2c43c870eeda640acb50dc586ec39c880d8e71deda68818d8dcb2b1,fc786c85d2c43c870eeda640acb50dc586ec39c880d8e71deda68818d8dcb2b1,remaining101_fixed_order_excluding_frozen_batch01_and_batch02_take_first20,artifacts/public_benchmark_governance/candidate_b_r003_taxonomy_v31_remaining81_batch02_20cell_roster_v1/remaining61_roster.csv#remaining_rank=7,BATCH03_SELECTED,
8,8,34,5b58236a8dd74781896f67d4a87859b04f6c7abba8fda28db27f116dbd4ccf8e,9dabd1f10c526ddbf3b4134596de2cede31c8bf9aef2ef7b16e6f310ffc966f7,MBPP+,Mbpp/72,8f76874dcbdaec3f549bcf6bc2de2a29ae5dd7de9da5da3e47061c8e5e1780d8,Qwen2.5-Coder-3B-Instruct/q35_9b_replay_r003,Candidate_B/H0,22,a4cf6b2de4588594aae13377739c46fce8e9f322ddb438088226be77f89ab2cf,artifacts/public_benchmark_development/mbpp_candidate_b_development60/runs/mbpp_q35_9b_candidate_b_development60_replay_r003/h0_h1_accounts.jsonl#program_id=5b58236a8dd74781896f67d4a87859b04f6c7abba8fda28db27f116dbd4ccf8e;healer_account=H0,c4bc8fad8ece36374bb4be065a76a8f423219633182f6d0a7fd3a8bd28855366,c4bc8fad8ece36374bb4be065a76a8f423219633182f6d0a7fd3a8bd28855366,remaining101_fixed_order_excluding_frozen_batch01_and_batch02_take_first20,artifacts/public_benchmark_governance/candidate_b_r003_taxonomy_v31_remaining81_batch02_20cell_roster_v1/remaining61_roster.csv#remaining_rank=8,BATCH03_SELECTED,
9,9,36,5ed7bb37b7f3170d75713428f8354054a4844c9100019b561eb00fc00144aba2,af7f8852d5a16d95d9b2753983734806437fc97e46db04a4e5208c2e57588f4c,MBPP+,Mbpp/287,ef9bb68a021c16f1fe432bfd728da94269e8161db9b469e9c66fafa78b475860,Qwen2.5-Coder-3B-Instruct/q35_9b_replay_r003,Candidate_B/H0,44,74fd8a545081c2f93c4e03ffa1727cb726d4dc430b474c9ef8552de019c08b02,artifacts/public_benchmark_development/mbpp_candidate_b_development60/runs/mbpp_q35_9b_candidate_b_development60_replay_r003/h0_h1_accounts.jsonl#program_id=5ed7bb37b7f3170d75713428f8354054a4844c9100019b561eb00fc00144aba2;healer_account=H0,ae6c09a25f6362175124006d4d507dc906c10e2c73d4e38ef11e338b56ead6e8,ae6c09a25f6362175124006d4d507dc906c10e2c73d4e38ef11e338b56ead6e8,remaining101_fixed_order_excluding_frozen_batch01_and_batch02_take_first20,artifacts/public_benchmark_governance/candidate_b_r003_taxonomy_v31_remaining81_batch02_20cell_roster_v1/remaining61_roster.csv#remaining_rank=9,BATCH03_SELECTED,
10,10,37,6107650d8a56ae0107d45b67e7571175e6698d84bc9f0ede8dff58f8f4929424,36b7833a573db99ab26d948857d02631b5f5a3fe974e83f1c283c9b7722dadc7,MBPP+,Mbpp/771,55848b4bf9efb65240be334730d17c1b44c4c4497f73bc3c091764df8df9f471,Qwen2.5-Coder-3B-Instruct/q35_9b_replay_r003,Candidate_B/H0,55,7cae6d2a8f18161c1990df102258f05b7419622a7455db47b043ecb2720b479c,artifacts/public_benchmark_development/mbpp_candidate_b_development60/runs/mbpp_q35_9b_candidate_b_development60_replay_r003/h0_h1_accounts.jsonl#program_id=6107650d8a56ae0107d45b67e7571175e6698d84bc9f0ede8dff58f8f4929424;healer_account=H0,5af1260a6ecd5d94add9345805c9ef88fdec3c3c72bf4d09fe95eb196a4262ab,5af1260a6ecd5d94add9345805c9ef88fdec3c3c72bf4d09fe95eb196a4262ab,remaining101_fixed_order_excluding_frozen_batch01_and_batch02_take_first20,artifacts/public_benchmark_governance/candidate_b_r003_taxonomy_v31_remaining81_batch02_20cell_roster_v1/remaining61_roster.csv#remaining_rank=10,BATCH03_SELECTED,
11,11,39,65b945dcb63cfad531df7d56b1817fde397b27f6dff98c6581a337b4c41d31c3,40a428e02157a74dbd74f918efd21d186e074260932f2c6d1a4f2ea32a5b2c3c,MBPP+,Mbpp/748,5565bf7df6dce4c0b3f1ebc1d91f3a64326a4292315a5d006c22bd6b99ca7e76,Qwen2.5-Coder-3B-Instruct/q35_9b_replay_r003,Candidate_B/H0,33,4df5cb45a4862587ac042abd2caa5ac816b4a8ae15b8bea88b526619d9fe99c5,artifacts/public_benchmark_development/mbpp_candidate_b_development60/runs/mbpp_q35_9b_candidate_b_development60_replay_r003/h0_h1_accounts.jsonl#program_id=65b945dcb63cfad531df7d56b1817fde397b27f6dff98c6581a337b4c41d31c3;healer_account=H0,a39da894f1d65920c59b150b57dac729576980fada5a7b464dda90f96e6209a6,a39da894f1d65920c59b150b57dac729576980fada5a7b464dda90f96e6209a6,remaining101_fixed_order_excluding_frozen_batch01_and_batch02_take_first20,artifacts/public_benchmark_governance/candidate_b_r003_taxonomy_v31_remaining81_batch02_20cell_roster_v1/remaining61_roster.csv#remaining_rank=11,BATCH03_SELECTED,
12,12,40,6d29dd4ee79a526d569748360106a53eb4e80487bd7e69eefe2cb8e0e714aed7,1340d914d65a1a62db31b75d5d99d8ecbe1380a45d4ce6ee66ff082fbcdf7ea9,MBPP+,Mbpp/786,66c65c1ab4c7d18af51e33ad9e82728fed2a2059f1285e803290eee623a18fee,Qwen2.5-Coder-3B-Instruct/q35_9b_replay_r003,Candidate_B/H0,44,3c2c189694117bfc5ce037f63ea357edbfd493efafd8294641e984baecf5eb6b,artifacts/public_benchmark_development/mbpp_candidate_b_development60/runs/mbpp_q35_9b_candidate_b_development60_replay_r003/h0_h1_accounts.jsonl#program_id=6d29dd4ee79a526d569748360106a53eb4e80487bd7e69eefe2cb8e0e714aed7;healer_account=H0,56944df173dec29fc7dd4a7db739aad9aa2db83cf0a6c4e405e26c40777b1624,56944df173dec29fc7dd4a7db739aad9aa2db83cf0a6c4e405e26c40777b1624,remaining101_fixed_order_excluding_frozen_batch01_and_batch02_take_first20,artifacts/public_benchmark_governance/candidate_b_r003_taxonomy_v31_remaining81_batch02_20cell_roster_v1/remaining61_roster.csv#remaining_rank=12,BATCH03_SELECTED,
13,13,41,6d322d7901db24de0d45c8ba71525e66d011932474ab8aeae274058d5f8def35,32cf69c16869bbcf5491dbef1f7f183b82d83e418d3a11dd3485e98bf8c2af55,MBPP+,Mbpp/576,377fc2cd6fc6ce9172ff7701092debaba8d3f38940a7ea729f63bd438c1478f4,Qwen2.5-Coder-3B-Instruct/q35_9b_replay_r003,Candidate_B/H0,44,3ab0dd3aa062e9eaf34b86fb0d29351d605b0eaad0cc182c6a82b73f06f8a05b,artifacts/public_benchmark_development/mbpp_candidate_b_development60/runs/mbpp_q35_9b_candidate_b_development60_replay_r003/h0_h1_accounts.jsonl#program_id=6d322d7901db24de0d45c8ba71525e66d011932474ab8aeae274058d5f8def35;healer_account=H0,33d72f31564d3871f89a913a9c97c8b1c6a859511ba048de77018a77b86ce99b,33d72f31564d3871f89a913a9c97c8b1c6a859511ba048de77018a77b86ce99b,remaining101_fixed_order_excluding_frozen_batch01_and_batch02_take_first20,artifacts/public_benchmark_governance/candidate_b_r003_taxonomy_v31_remaining81_batch02_20cell_roster_v1/remaining61_roster.csv#remaining_rank=13,BATCH03_SELECTED,
14,14,42,71012956073b53a6d9d9341681ec221238d2d1fe8cdd2dfc5a82291b2fb7d44f,d8532d3ff609df3444cc1928efba0cf5364de6ece138aaa7da3fa9c6bc825749,MBPP+,Mbpp/777,c25d1fe3b2e4f6d9c3505001aad034ed972eda83d2307f5df5f3302beb594319,Qwen2.5-Coder-3B-Instruct/q35_9b_replay_r003,Candidate_B/H0,33,817d2fd9146a91697e0671ee5bede5b6404924bf0d901623d74fd228585ddaa8,artifacts/public_benchmark_development/mbpp_candidate_b_development60/runs/mbpp_q35_9b_candidate_b_development60_replay_r003/h0_h1_accounts.jsonl#program_id=71012956073b53a6d9d9341681ec221238d2d1fe8cdd2dfc5a82291b2fb7d44f;healer_account=H0,cb1af19e1fa01ea4684aabac3b4308abf204e5baaffe3a2b92e515ef1a02326b,cb1af19e1fa01ea4684aabac3b4308abf204e5baaffe3a2b92e515ef1a02326b,remaining101_fixed_order_excluding_frozen_batch01_and_batch02_take_first20,artifacts/public_benchmark_governance/candidate_b_r003_taxonomy_v31_remaining81_batch02_20cell_roster_v1/remaining61_roster.csv#remaining_rank=14,BATCH03_SELECTED,
15,15,43,77223f4bbae7279a826f083779d37952881c8d4d61f1bb229600fefffcf4c5fd,53f1deec039eebf07aba03602a598777c7eeedc5f5928be387d2c129165e6845,MBPP+,Mbpp/432,706ef381051aefe33da34b9c9cf0c52805db8178333f688986eb32786c0674c6,Qwen2.5-Coder-3B-Instruct/q35_9b_replay_r003,Candidate_B/H0,44,887869b51163aa22c22dfc2a481ec6260e9c3eda465850d22ded4344220c8eb9,artifacts/public_benchmark_development/mbpp_candidate_b_development60/runs/mbpp_q35_9b_candidate_b_development60_replay_r003/h0_h1_accounts.jsonl#program_id=77223f4bbae7279a826f083779d37952881c8d4d61f1bb229600fefffcf4c5fd;healer_account=H0,5316b08654622c2a2c5697de4983747a25336f5ed6ffb4782a014e7b32685f0b,5316b08654622c2a2c5697de4983747a25336f5ed6ffb4782a014e7b32685f0b,remaining101_fixed_order_excluding_frozen_batch01_and_batch02_take_first20,artifacts/public_benchmark_governance/candidate_b_r003_taxonomy_v31_remaining81_batch02_20cell_roster_v1/remaining61_roster.csv#remaining_rank=15,BATCH03_SELECTED,
16,16,44,7a42d5510092e63637c51173576a5bbdd091d9fb18fbc36627f0cd73a6dc86a9,b18179a4c3b98f4d92a01fd6a535f6e8ef3f2056fc637972a463038733e8ecb0,MBPP+,Mbpp/786,66c65c1ab4c7d18af51e33ad9e82728fed2a2059f1285e803290eee623a18fee,Qwen2.5-Coder-3B-Instruct/q35_9b_replay_r003,Candidate_B/H0,11,c986ce69ac1807aa308aa433d5aafb6d89b6d500faa4b083da1cdf6fc9d628ce,artifacts/public_benchmark_development/mbpp_candidate_b_development60/runs/mbpp_q35_9b_candidate_b_development60_replay_r003/h0_h1_accounts.jsonl#program_id=7a42d5510092e63637c51173576a5bbdd091d9fb18fbc36627f0cd73a6dc86a9;healer_account=H0,c56bec069269094d467466bfb56701887b576de490367dddb8baaa35815182d9,c56bec069269094d467466bfb56701887b576de490367dddb8baaa35815182d9,remaining101_fixed_order_excluding_frozen_batch01_and_batch02_take_first20,artifacts/public_benchmark_governance/candidate_b_r003_taxonomy_v31_remaining81_batch02_20cell_roster_v1/remaining61_roster.csv#remaining_rank=16,BATCH03_SELECTED,
17,17,45,7c7bf358de0139c9688826eac3ca6414efd233291d4226cc2f656c58f9c3a8a3,a8d980815d4a52059b9178cb9cd61da6c61d25981538fcd8821cdbd59e44edef,MBPP+,Mbpp/735,c90f4209d4899c50d57432bc86676eb740a9746aca6d4cea7be02269ab5ab6f0,Qwen2.5-Coder-3B-Instruct/q35_9b_replay_r003,Candidate_B/H0,22,dd51f0374eaefc906c1c78bcd7e500804baced03c8b4eb9513d2d0cfdf6548e2,artifacts/public_benchmark_development/mbpp_candidate_b_development60/runs/mbpp_q35_9b_candidate_b_development60_replay_r003/h0_h1_accounts.jsonl#program_id=7c7bf358de0139c9688826eac3ca6414efd233291d4226cc2f656c58f9c3a8a3;healer_account=H0,d10258400b3be7a57e1714c5ca377a05a255988df140ddf83ffcc6ba6f3bf468,d10258400b3be7a57e1714c5ca377a05a255988df140ddf83ffcc6ba6f3bf468,remaining101_fixed_order_excluding_frozen_batch01_and_batch02_take_first20,artifacts/public_benchmark_governance/candidate_b_r003_taxonomy_v31_remaining81_batch02_20cell_roster_v1/remaining61_roster.csv#remaining_rank=17,BATCH03_SELECTED,
18,18,46,7e865e15f3bf0cfe4619ac724f009fa7a0d5134e1660e32f1a74469073da8824,fd2d48443692e1d2372ffafe345d4c1e508b2ca07af009d626009837fa7287a2,MBPP+,Mbpp/765,383f7e0dc8fec2534e96c291ed66943eb4e8d398d4863daf99b3bbd09a36bf8c,Qwen2.5-Coder-3B-Instruct/q35_9b_replay_r003,Candidate_B/H0,55,4cd9739ee80474d843b8914397082c97fac70338b4d2a2948e5fee3232335401,artifacts/public_benchmark_development/mbpp_candidate_b_development60/runs/mbpp_q35_9b_candidate_b_development60_replay_r003/h0_h1_accounts.jsonl#program_id=7e865e15f3bf0cfe4619ac724f009fa7a0d5134e1660e32f1a74469073da8824;healer_account=H0,8a231d3dc4d836642549037d8740873758afcdadcecb8f7d777df5f71dda724e,8a231d3dc4d836642549037d8740873758afcdadcecb8f7d777df5f71dda724e,remaining101_fixed_order_excluding_frozen_batch01_and_batch02_take_first20,artifacts/public_benchmark_governance/candidate_b_r003_taxonomy_v31_remaining81_batch02_20cell_roster_v1/remaining61_roster.csv#remaining_rank=18,BATCH03_SELECTED,
19,19,47,80e9e1cc3a249dd8da36d260f934304728b7eb6a6438bdb0f851e45f47ab74bb,9b281fb9b3926030e8cbaf7c0ebb30a2726bed42fc9b96a10e985c9fcebcda2d,MBPP+,Mbpp/633,554d20d61ea148a15fd42e3dbfc44239258388245423c47fd76d652230ff84b4,Qwen2.5-Coder-3B-Instruct/q35_9b_replay_r003,Candidate_B/H0,22,30ea39bf6fcf347e245935183f657c9077daa52f75d3fc07a6301c664d42a033,artifacts/public_benchmark_development/mbpp_candidate_b_development60/runs/mbpp_q35_9b_candidate_b_development60_replay_r003/h0_h1_accounts.jsonl#program_id=80e9e1cc3a249dd8da36d260f934304728b7eb6a6438bdb0f851e45f47ab74bb;healer_account=H0,8091229a4f06f27a90ff4f19e74c15f59bf1d810415db39b240f3a8a76135947,8091229a4f06f27a90ff4f19e74c15f59bf1d810415db39b240f3a8a76135947,remaining101_fixed_order_excluding_frozen_batch01_and_batch02_take_first20,artifacts/public_benchmark_governance/candidate_b_r003_taxonomy_v31_remaining81_batch02_20cell_roster_v1/remaining61_roster.csv#remaining_rank=19,BATCH03_SELECTED,
20,20,49,83b0f95093eb347659aaf335ea129890f0d3be93e35b8a532e0d7968f916e795,83dfc0876a63e906de8bb54e034906dcb42539594f4e6b1281f1c014aef344c5,MBPP+,Mbpp/576,377fc2cd6fc6ce9172ff7701092debaba8d3f38940a7ea729f63bd438c1478f4,Qwen2.5-Coder-3B-Instruct/q35_9b_replay_r003,Candidate_B/H0,11,928f469acbfc5ae6284e30d11c9cb6079d3da9de62f5bcfa89f342e2c5bb9714,artifacts/public_benchmark_development/mbpp_candidate_b_development60/runs/mbpp_q35_9b_candidate_b_development60_replay_r003/h0_h1_accounts.jsonl#program_id=83b0f95093eb347659aaf335ea129890f0d3be93e35b8a532e0d7968f916e795;healer_account=H0,8d185875060d8ecc20021eea582a378ccd00e2a5901105f471ee9928748a11d5,8d185875060d8ecc20021eea582a378ccd00e2a5901105f471ee9928748a11d5,remaining101_fixed_order_excluding_frozen_batch01_and_batch02_take_first20,artifacts/public_benchmark_governance/candidate_b_r003_taxonomy_v31_remaining81_batch02_20cell_roster_v1/remaining61_roster.csv#remaining_rank=20,BATCH03_SELECTED,
,21,50,8406e78362de082453800aa627d56e53b5170bf464a7358ed301f3612aeb1ff3,24867a12c4037245abad07430c183303744cdad3fc1bcd2dbd1448b830e78dcb,MBPP+,Mbpp/742,d205dee40d6dcc401e0d5ea0101580268e94626a441d6a7816a4dc1dfa7c1a11,Qwen2.5-Coder-3B-Instruct/q35_9b_replay_r003,Candidate_B/H0,55,1ab0af16d424491f126c04369a356f39b681ccfd427ad1534f6dd9f2a9d57c0a,artifacts/public_benchmark_development/mbpp_candidate_b_development60/runs/mbpp_q35_9b_candidate_b_development60_replay_r003/h0_h1_accounts.jsonl#program_id=8406e78362de082453800aa627d56e53b5170bf464a7358ed301f3612aeb1ff3;healer_account=H0,3e66023365706e3411fd45ed91862f4388607bdf2ad1e7e75415681f9db16b81,3e66023365706e3411fd45ed91862f4388607bdf2ad1e7e75415681f9db16b81,remaining101_fixed_order_excluding_frozen_batch01_and_batch02_take_first20,artifacts/public_benchmark_governance/candidate_b_r003_taxonomy_v31_remaining81_batch02_20cell_roster_v1/remaining61_roster.csv#remaining_rank=21,PLANNED_REMAINING_AFTER_BATCH03,1
,22,51,866739b5b8f57631f1a69318ccccf5b802b31f0fc38b57e6a75e358d9ef9a9c2,c16ed9ba4e15b82b9fe7dcd774a24bdf5f16a90755f12fbcfb25ce45cd8283dd,MBPP+,Mbpp/748,5565bf7df6dce4c0b3f1ebc1d91f3a64326a4292315a5d006c22bd6b99ca7e76,Qwen2.5-Coder-3B-Instruct/q35_9b_replay_r003,Candidate_B/H0,11,e5eb872b024620dcc3ae3e93a142be097d60df7fd510b00d1eb9535af3e55ab4,artifacts/public_benchmark_development/mbpp_candidate_b_development60/runs/mbpp_q35_9b_candidate_b_development60_replay_r003/h0_h1_accounts.jsonl#program_id=866739b5b8f57631f1a69318ccccf5b802b31f0fc38b57e6a75e358d9ef9a9c2;healer_account=H0,e90098ad2d9146729054842c76873d3e89b0d2b8f064d2079219cd621cd3e126,e90098ad2d9146729054842c76873d3e89b0d2b8f064d2079219cd621cd3e126,remaining101_fixed_order_excluding_frozen_batch01_and_batch02_take_first20,artifacts/public_benchmark_governance/candidate_b_r003_taxonomy_v31_remaining81_batch02_20cell_roster_v1/remaining61_roster.csv#remaining_rank=22,PLANNED_REMAINING_AFTER_BATCH03,2
,23,52,8be467a87d48ada42b452f75670c330df1e5f4a334816d133ece971a93245e51,9a5f7a940a8945d8179614fd858fb8f30d496f59b46463f11d61931bc4672ae3,MBPP+,Mbpp/735,c90f4209d4899c50d57432bc86676eb740a9746aca6d4cea7be02269ab5ab6f0,Qwen2.5-Coder-3B-Instruct/q35_9b_replay_r003,Candidate_B/H0,44,b88abc10bc005cfb412e90108d2217d8db084dd72b157ecad0659b1653bc05fa,artifacts/public_benchmark_development/mbpp_candidate_b_development60/runs/mbpp_q35_9b_candidate_b_development60_replay_r003/h0_h1_accounts.jsonl#program_id=8be467a87d48ada42b452f75670c330df1e5f4a334816d133ece971a93245e51;healer_account=H0,2d509aaab032a6457998d5aa050fbc40dd8e9fc848828590618d52dda1177c11,2d509aaab032a6457998d5aa050fbc40dd8e9fc848828590618d52dda1177c11,remaining101_fixed_order_excluding_frozen_batch01_and_batch02_take_first20,artifacts/public_benchmark_governance/candidate_b_r003_taxonomy_v31_remaining81_batch02_20cell_roster_v1/remaining61_roster.csv#remaining_rank=23,PLANNED_REMAINING_AFTER_BATCH03,3
,24,53,8c4a86b4c5c2dc7f2ec53338538b0859c10c4920752c5d3fe775a0332148cd44,84260197534c1cb9b3823ddc721720f63d94d04c34154f9b50b2b77e70364872,MBPP+,Mbpp/742,d205dee40d6dcc401e0d5ea0101580268e94626a441d6a7816a4dc1dfa7c1a11,Qwen2.5-Coder-3B-Instruct/q35_9b_replay_r003,Candidate_B/H0,11,5297b3cef90d468db31234a15094238e0e2cf4df7d5cc1623dddd6e7b15ef97d,artifacts/public_benchmark_development/mbpp_candidate_b_development60/runs/mbpp_q35_9b_candidate_b_development60_replay_r003/h0_h1_accounts.jsonl#program_id=8c4a86b4c5c2dc7f2ec53338538b0859c10c4920752c5d3fe775a0332148cd44;healer_account=H0,f4490808899e16947fcb70c38e43256419b4ea33bf5b57630cce463b73f54ea9,f4490808899e16947fcb70c38e43256419b4ea33bf5b57630cce463b73f54ea9,remaining101_fixed_order_excluding_frozen_batch01_and_batch02_take_first20,artifacts/public_benchmark_governance/candidate_b_r003_taxonomy_v31_remaining81_batch02_20cell_roster_v1/remaining61_roster.csv#remaining_rank=24,PLANNED_REMAINING_AFTER_BATCH03,4
,25,54,8ef0641f265717551638f61f1daf725c93f863842cab36e6f422970e23d7f298,6bb9614447a5671030c03b27a40d4b90179658ec1d3885de21cce4f200ee996e,MBPP+,Mbpp/576,377fc2cd6fc6ce9172ff7701092debaba8d3f38940a7ea729f63bd438c1478f4,Qwen2.5-Coder-3B-Instruct/q35_9b_replay_r003,Candidate_B/H0,22,74b2eaefe9caf613226afef1c2d191f2ab834a3439dde5452ae8b3b7c437963c,artifacts/public_benchmark_development/mbpp_candidate_b_development60/runs/mbpp_q35_9b_candidate_b_development60_replay_r003/h0_h1_accounts.jsonl#program_id=8ef0641f265717551638f61f1daf725c93f863842cab36e6f422970e23d7f298;healer_account=H0,33d72f31564d3871f89a913a9c97c8b1c6a859511ba048de77018a77b86ce99b,33d72f31564d3871f89a913a9c97c8b1c6a859511ba048de77018a77b86ce99b,remaining101_fixed_order_excluding_frozen_batch01_and_batch02_take_first20,artifacts/public_benchmark_governance/candidate_b_r003_taxonomy_v31_remaining81_batch02_20cell_roster_v1/remaining61_roster.csv#remaining_rank=25,PLANNED_REMAINING_AFTER_BATCH03,5
,26,55,8f2e043d3ef8a94ec9db97c703ff778ec9a46582d481a979e5cf806434f470fc,ab3b1362ab61c4d85830ef0b6f01d188598ea0266bfff4af42e9033ec03baaef,MBPP+,Mbpp/622,2686444ebbd00870783bbcf6346b657fdfe6a2dc1764f566d6748b651e7b9975,Qwen2.5-Coder-3B-Instruct/q35_9b_replay_r003,Candidate_B/H0,22,ae43da2242c16938a41d5c0f5b141bc22c02f0dcf9f515938def40d818a7c95e,artifacts/public_benchmark_development/mbpp_candidate_b_development60/runs/mbpp_q35_9b_candidate_b_development60_replay_r003/h0_h1_accounts.jsonl#program_id=8f2e043d3ef8a94ec9db97c703ff778ec9a46582d481a979e5cf806434f470fc;healer_account=H0,2cabf126d33108173ed3369c6a89006e41d9773560104bdc2d6c52f98e3581e1,2cabf126d33108173ed3369c6a89006e41d9773560104bdc2d6c52f98e3581e1,remaining101_fixed_order_excluding_frozen_batch01_and_batch02_take_first20,artifacts/public_benchmark_governance/candidate_b_r003_taxonomy_v31_remaining81_batch02_20cell_roster_v1/remaining61_roster.csv#remaining_rank=26,PLANNED_REMAINING_AFTER_BATCH03,6
,27,57,988e14a3191e7bc858a23195cd2356a37acd3408f288a68fe062cc838aa4d738,35b12710bfad9bfa5a5ea8abdb9c91e900953b4200d7a37d1b8671062725406d,MBPP+,Mbpp/427,53306d3862cde482a73943f7923a03dc960d47e2c9e1dc7df426dce2627dca6c,Qwen2.5-Coder-3B-Instruct/q35_9b_replay_r003,Candidate_B/H0,44,980f91ef443ecc090871f4ca238f1987b1e71219d9b687ad55e57e3d902007b3,artifacts/public_benchmark_development/mbpp_candidate_b_development60/runs/mbpp_q35_9b_candidate_b_development60_replay_r003/h0_h1_accounts.jsonl#program_id=988e14a3191e7bc858a23195cd2356a37acd3408f288a68fe062cc838aa4d738;healer_account=H0,e620cba770bcd2fb047bc27efae8eed206cb95f8f0a5e89631dd65d5fbda3d34,e620cba770bcd2fb047bc27efae8eed206cb95f8f0a5e89631dd65d5fbda3d34,remaining101_fixed_order_excluding_frozen_batch01_and_batch02_take_first20,artifacts/public_benchmark_governance/candidate_b_r003_taxonomy_v31_remaining81_batch02_20cell_roster_v1/remaining61_roster.csv#remaining_rank=27,PLANNED_REMAINING_AFTER_BATCH03,7
,28,58,9ad0aec70e9293ceb0bd48dd62d61cd09be24b487b3158726bf9b037a4c72d20,9f19842ed34c05829437885dfb23561a4fda71695b5f5c8c1534ccc1928ee182,MBPP+,Mbpp/633,554d20d61ea148a15fd42e3dbfc44239258388245423c47fd76d652230ff84b4,Qwen2.5-Coder-3B-Instruct/q35_9b_replay_r003,Candidate_B/H0,44,11f8cd859618dd283e5e5021045c23ddbad887b18ea0e62aa21a2309b0d8e9aa,artifacts/public_benchmark_development/mbpp_candidate_b_development60/runs/mbpp_q35_9b_candidate_b_development60_replay_r003/h0_h1_accounts.jsonl#program_id=9ad0aec70e9293ceb0bd48dd62d61cd09be24b487b3158726bf9b037a4c72d20;healer_account=H0,0bf3841b521e73bf38c8d932108b3f2bbd2598b9a557d4c021ccc680fa781fea,0bf3841b521e73bf38c8d932108b3f2bbd2598b9a557d4c021ccc680fa781fea,remaining101_fixed_order_excluding_frozen_batch01_and_batch02_take_first20,artifacts/public_benchmark_governance/candidate_b_r003_taxonomy_v31_remaining81_batch02_20cell_roster_v1/remaining61_roster.csv#remaining_rank=28,PLANNED_REMAINING_AFTER_BATCH03,8
,29,59,9cecbec0d7bbabf0c9111cd5a25e8a8bf100bd34a82e191b68129e9bbef557a3,843c0bc687467ac48c49abce0adca2ceafd1d7794bc16ff79052f1c9d3fc515b,MBPP+,Mbpp/620,43e172f8899e9bc893b8bfd521ea0c36e81b03dba3b999a0a838dbaccd854411,Qwen2.5-Coder-3B-Instruct/q35_9b_replay_r003,Candidate_B/H0,44,272e426eafdbe3dbeaa178806cbad144e6f23d5a8ec4d8d3495b89f6b6d32e8a,artifacts/public_benchmark_development/mbpp_candidate_b_development60/runs/mbpp_q35_9b_candidate_b_development60_replay_r003/h0_h1_accounts.jsonl#program_id=9cecbec0d7bbabf0c9111cd5a25e8a8bf100bd34a82e191b68129e9bbef557a3;healer_account=H0,836fcfdf6d445da2563a21a147687e11df7eac6ae4f9fffd26710f42d632f976,836fcfdf6d445da2563a21a147687e11df7eac6ae4f9fffd26710f42d632f976,remaining101_fixed_order_excluding_frozen_batch01_and_batch02_take_first20,artifacts/public_benchmark_governance/candidate_b_r003_taxonomy_v31_remaining81_batch02_20cell_roster_v1/remaining61_roster.csv#remaining_rank=29,PLANNED_REMAINING_AFTER_BATCH03,9
,30,60,9dbe9166f6ac22cedfafb269276c88ee25a37cf84044e736f7be00d8089464ba,f990caa97fc4b1447cfa35646de2dcce481e8f847e51c9507abd8c0b9adf4cf5,MBPP+,Mbpp/777,c25d1fe3b2e4f6d9c3505001aad034ed972eda83d2307f5df5f3302beb594319,Qwen2.5-Coder-3B-Instruct/q35_9b_replay_r003,Candidate_B/H0,22,2bd3c65cc097133d799a95e6270abe507512c4da91c3781ae9a7b4a4e28db0d5,artifacts/public_benchmark_development/mbpp_candidate_b_development60/runs/mbpp_q35_9b_candidate_b_development60_replay_r003/h0_h1_accounts.jsonl#program_id=9dbe9166f6ac22cedfafb269276c88ee25a37cf84044e736f7be00d8089464ba;healer_account=H0,cb1af19e1fa01ea4684aabac3b4308abf204e5baaffe3a2b92e515ef1a02326b,cb1af19e1fa01ea4684aabac3b4308abf204e5baaffe3a2b92e515ef1a02326b,remaining101_fixed_order_excluding_frozen_batch01_and_batch02_take_first20,artifacts/public_benchmark_governance/candidate_b_r003_taxonomy_v31_remaining81_batch02_20cell_roster_v1/remaining61_roster.csv#remaining_rank=30,PLANNED_REMAINING_AFTER_BATCH03,10
,31,61,a63f9d97cba10e46cb00cd363e9f3de9cec93661af43258ddfd7f9deda1dae91,1df0c8bb6adddd65adb92e94fd9d23b782f6cb26d5bffb6a4df978c96084a9d9,MBPP+,Mbpp/287,ef9bb68a021c16f1fe432bfd728da94269e8161db9b469e9c66fafa78b475860,Qwen2.5-Coder-3B-Instruct/q35_9b_replay_r003,Candidate_B/H0,11,5652babbb5e65456dab681f6c0c704a0481e1b1b55a6b7e6ca9b13b2ca5112b2,artifacts/public_benchmark_development/mbpp_candidate_b_development60/runs/mbpp_q35_9b_candidate_b_development60_replay_r003/h0_h1_accounts.jsonl#program_id=a63f9d97cba10e46cb00cd363e9f3de9cec93661af43258ddfd7f9deda1dae91;healer_account=H0,ae6c09a25f6362175124006d4d507dc906c10e2c73d4e38ef11e338b56ead6e8,ae6c09a25f6362175124006d4d507dc906c10e2c73d4e38ef11e338b56ead6e8,remaining101_fixed_order_excluding_frozen_batch01_and_batch02_take_first20,artifacts/public_benchmark_governance/candidate_b_r003_taxonomy_v31_remaining81_batch02_20cell_roster_v1/remaining61_roster.csv#remaining_rank=31,PLANNED_REMAINING_AFTER_BATCH03,11
,32,62,a6a4398773853bd405ef18d191a8182c599b3467aabc2b417f070a11fc93044b,63b84dfb1236589e70f8844624f69f6a0f0e9ae50419969ae400cd9ef8f14b21,MBPP+,Mbpp/576,377fc2cd6fc6ce9172ff7701092debaba8d3f38940a7ea729f63bd438c1478f4,Qwen2.5-Coder-3B-Instruct/q35_9b_replay_r003,Candidate_B/H0,33,35520ce62a6f6847970c2150fae11f3d3571f3a52eec488bd2715b005e508803,artifacts/public_benchmark_development/mbpp_candidate_b_development60/runs/mbpp_q35_9b_candidate_b_development60_replay_r003/h0_h1_accounts.jsonl#program_id=a6a4398773853bd405ef18d191a8182c599b3467aabc2b417f070a11fc93044b;healer_account=H0,33d72f31564d3871f89a913a9c97c8b1c6a859511ba048de77018a77b86ce99b,33d72f31564d3871f89a913a9c97c8b1c6a859511ba048de77018a77b86ce99b,remaining101_fixed_order_excluding_frozen_batch01_and_batch02_take_first20,artifacts/public_benchmark_governance/candidate_b_r003_taxonomy_v31_remaining81_batch02_20cell_roster_v1/remaining61_roster.csv#remaining_rank=32,PLANNED_REMAINING_AFTER_BATCH03,12
,33,63,a6b26635210ce9147ed93f1b67d5770d814ac10f06a4819332de022287d457a8,0a0200ca0a5c129ac66741f4d1539a09c128327f1db6d24926fc7cee43d0fb24,MBPP+,Mbpp/786,66c65c1ab4c7d18af51e33ad9e82728fed2a2059f1285e803290eee623a18fee,Qwen2.5-Coder-3B-Instruct/q35_9b_replay_r003,Candidate_B/H0,55,5ddb7edb35e1e6af988f69728e2f0af79f65266dbc4dca9d21a216d78762f88c,artifacts/public_benchmark_development/mbpp_candidate_b_development60/runs/mbpp_q35_9b_candidate_b_development60_replay_r003/h0_h1_accounts.jsonl#program_id=a6b26635210ce9147ed93f1b67d5770d814ac10f06a4819332de022287d457a8;healer_account=H0,4c96bec37a7b887ab6b25f6083598a27fc0ab5b2b6a8a04b794ace9247bc93f5,4c96bec37a7b887ab6b25f6083598a27fc0ab5b2b6a8a04b794ace9247bc93f5,remaining101_fixed_order_excluding_frozen_batch01_and_batch02_take_first20,artifacts/public_benchmark_governance/candidate_b_r003_taxonomy_v31_remaining81_batch02_20cell_roster_v1/remaining61_roster.csv#remaining_rank=33,PLANNED_REMAINING_AFTER_BATCH03,13
,34,64,a6f3b32f10e03fb5ebe7025f863b1bff932bf5459b3d9aae070a3497d37ed62a,cc5968165ae1f3b1203b4b1e26a86e9747e1c27f1520d4dbc521458644ab2560,MBPP+,Mbpp/119,df37fa63e6dfe2f11a303bdf76b3cf80bb982066d92bfa497c754e452f6c54c9,Qwen2.5-Coder-3B-Instruct/q35_9b_replay_r003,Candidate_B/H0,22,3084416fa6c5f8ac9e8cf51d2d4805db9b4da2df88d5efb979855d277af09119,artifacts/public_benchmark_development/mbpp_candidate_b_development60/runs/mbpp_q35_9b_candidate_b_development60_replay_r003/h0_h1_accounts.jsonl#program_id=a6f3b32f10e03fb5ebe7025f863b1bff932bf5459b3d9aae070a3497d37ed62a;healer_account=H0,375577b78614df12d4d2d234df1242cdd765157a3899a860380824d84bfb7e45,375577b78614df12d4d2d234df1242cdd765157a3899a860380824d84bfb7e45,remaining101_fixed_order_excluding_frozen_batch01_and_batch02_take_first20,artifacts/public_benchmark_governance/candidate_b_r003_taxonomy_v31_remaining81_batch02_20cell_roster_v1/remaining61_roster.csv#remaining_rank=34,PLANNED_REMAINING_AFTER_BATCH03,14
,35,66,b63e3c913c74a74a79cca769520da9b92a2d6bcb640882d2df8a189812e67ef6,39b7ff9ca018f42ade578c6f5da42b4320ed73a0588ccd00c37407313cacd616,MBPP+,Mbpp/410,ad4ebc1c78cdf7331cb6493a96ea7c686586239927440759db33797cf355959a,Qwen2.5-Coder-3B-Instruct/q35_9b_replay_r003,Candidate_B/H0,11,e03f2c7f48666b3f14c1d527cbae2b3ac85a19471d2fe167d6c916017ef2344d,artifacts/public_benchmark_development/mbpp_candidate_b_development60/runs/mbpp_q35_9b_candidate_b_development60_replay_r003/h0_h1_accounts.jsonl#program_id=b63e3c913c74a74a79cca769520da9b92a2d6bcb640882d2df8a189812e67ef6;healer_account=H0,7f61b30cfdadcfc365c6cf6daaa79170942e69f2f3c1dabf2d87ae549cdedefe,7f61b30cfdadcfc365c6cf6daaa79170942e69f2f3c1dabf2d87ae549cdedefe,remaining101_fixed_order_excluding_frozen_batch01_and_batch02_take_first20,artifacts/public_benchmark_governance/candidate_b_r003_taxonomy_v31_remaining81_batch02_20cell_roster_v1/remaining61_roster.csv#remaining_rank=35,PLANNED_REMAINING_AFTER_BATCH03,15
,36,67,b677e7ee4faca0108c29317a74d6acd3c5f699de647fe062c61ad5efc6dbb2e5,aa7fe1e9d2b221dbfdd356772ce9c454cb22c0d44d9881029fc4d1587f28a1de,MBPP+,Mbpp/748,5565bf7df6dce4c0b3f1ebc1d91f3a64326a4292315a5d006c22bd6b99ca7e76,Qwen2.5-Coder-3B-Instruct/q35_9b_replay_r003,Candidate_B/H0,22,4d10568b777bd459ba84b93d0968e12257622ddfc57fbefb89565dfd56bcd4d7,artifacts/public_benchmark_development/mbpp_candidate_b_development60/runs/mbpp_q35_9b_candidate_b_development60_replay_r003/h0_h1_accounts.jsonl#program_id=b677e7ee4faca0108c29317a74d6acd3c5f699de647fe062c61ad5efc6dbb2e5;healer_account=H0,3be5279fad8d88ccd74c20a43ade6ea38016287d64772325a78e524f4ae9e798,3be5279fad8d88ccd74c20a43ade6ea38016287d64772325a78e524f4ae9e798,remaining101_fixed_order_excluding_frozen_batch01_and_batch02_take_first20,artifacts/public_benchmark_governance/candidate_b_r003_taxonomy_v31_remaining81_batch02_20cell_roster_v1/remaining61_roster.csv#remaining_rank=36,PLANNED_REMAINING_AFTER_BATCH03,16
,37,68,b977ada54f0a13704e4e0f3507761d860242d6b745c9d9f44e0750c972d28e2c,6ab47cd5276f3de2583496c8dcb360bc024c116fee3c51084e12955f82978e4e,MBPP+,Mbpp/99,4b1c33ab408416636a15967c25fbc262ca7acc648521e8a73e9993030faa9806,Qwen2.5-Coder-3B-Instruct/q35_9b_replay_r003,Candidate_B/H0,44,17cea48e18c5bbe4fa439c7b4872815515f35f9f8467186d7e1757cba8a4f97f,artifacts/public_benchmark_development/mbpp_candidate_b_development60/runs/mbpp_q35_9b_candidate_b_development60_replay_r003/h0_h1_accounts.jsonl#program_id=b977ada54f0a13704e4e0f3507761d860242d6b745c9d9f44e0750c972d28e2c;healer_account=H0,5d42e07b73cd94f1566f80d4c314ba907073729b2db4e850e167eb184853b68d,5d42e07b73cd94f1566f80d4c314ba907073729b2db4e850e167eb184853b68d,remaining101_fixed_order_excluding_frozen_batch01_and_batch02_take_first20,artifacts/public_benchmark_governance/candidate_b_r003_taxonomy_v31_remaining81_batch02_20cell_roster_v1/remaining61_roster.csv#remaining_rank=37,PLANNED_REMAINING_AFTER_BATCH03,17
,38,69,ba78506a3e44c95de2ee2e90bcfbebfc58b91703227e9ec65aaf922d046c31cd,6dbfd61b687633646a0df075291426241b9c44f46153d0770573ae1d9708974e,MBPP+,Mbpp/237,c272e9932ce1dc358a2533892588782901a1e1b0dabac38ce47ea5c64b3f871b,Qwen2.5-Coder-3B-Instruct/q35_9b_replay_r003,Candidate_B/H0,33,b7b3a388e3f23341206d183eda4ac82f10bd2c31f547c98ab80c421cdcb6112b,artifacts/public_benchmark_development/mbpp_candidate_b_development60/runs/mbpp_q35_9b_candidate_b_development60_replay_r003/h0_h1_accounts.jsonl#program_id=ba78506a3e44c95de2ee2e90bcfbebfc58b91703227e9ec65aaf922d046c31cd;healer_account=H0,4232a0988257265f142d08fb6513e8204bbcc3ad620c2ada06b255b92b695d62,4232a0988257265f142d08fb6513e8204bbcc3ad620c2ada06b255b92b695d62,remaining101_fixed_order_excluding_frozen_batch01_and_batch02_take_first20,artifacts/public_benchmark_governance/candidate_b_r003_taxonomy_v31_remaining81_batch02_20cell_roster_v1/remaining61_roster.csv#remaining_rank=38,PLANNED_REMAINING_AFTER_BATCH03,18
,39,72,be02f058d52c050cf5574665a7ed4d56e20d6afde2ef686be3c6c59cc8878352,1f4e9f5e17acec093ee41fc4fe86b3ae27b521a5859f2085523cfead8a2ebd25,MBPP+,Mbpp/72,8f76874dcbdaec3f549bcf6bc2de2a29ae5dd7de9da5da3e47061c8e5e1780d8,Qwen2.5-Coder-3B-Instruct/q35_9b_replay_r003,Candidate_B/H0,11,27b277660192f42dbcc576e8d792e86670b5ca1c6d2d46d94fc8d9882956e611,artifacts/public_benchmark_development/mbpp_candidate_b_development60/runs/mbpp_q35_9b_candidate_b_development60_replay_r003/h0_h1_accounts.jsonl#program_id=be02f058d52c050cf5574665a7ed4d56e20d6afde2ef686be3c6c59cc8878352;healer_account=H0,05355fdab3c38a38d24107c09555a4612c688211b4b41c683d4cabb3a5e218ed,05355fdab3c38a38d24107c09555a4612c688211b4b41c683d4cabb3a5e218ed,remaining101_fixed_order_excluding_frozen_batch01_and_batch02_take_first20,artifacts/public_benchmark_governance/candidate_b_r003_taxonomy_v31_remaining81_batch02_20cell_roster_v1/remaining61_roster.csv#remaining_rank=39,PLANNED_REMAINING_AFTER_BATCH03,19
,40,73,bf89a824ca07792fc9d14d89cd30b82b2d94122c012226a5b6d6519f19d60cfe,c3ae1f243b6163aea793b5487d48a94d8aaad6356c30b6641c8bb406f4091d01,MBPP+,Mbpp/99,4b1c33ab408416636a15967c25fbc262ca7acc648521e8a73e9993030faa9806,Qwen2.5-Coder-3B-Instruct/q35_9b_replay_r003,Candidate_B/H0,22,4d94d7b98233ccc9c1d3b7b62e4ca84e7ef8f9925b4b7d995f46dc73e500338d,artifacts/public_benchmark_development/mbpp_candidate_b_development60/runs/mbpp_q35_9b_candidate_b_development60_replay_r003/h0_h1_accounts.jsonl#program_id=bf89a824ca07792fc9d14d89cd30b82b2d94122c012226a5b6d6519f19d60cfe;healer_account=H0,dcbff47648a49899f678bdd5dc8b310ab600a5f4b0eefda8103982d28506dda0,dcbff47648a49899f678bdd5dc8b310ab600a5f4b0eefda8103982d28506dda0,remaining101_fixed_order_excluding_frozen_batch01_and_batch02_take_first20,artifacts/public_benchmark_governance/candidate_b_r003_taxonomy_v31_remaining81_batch02_20cell_roster_v1/remaining61_roster.csv#remaining_rank=40,PLANNED_REMAINING_AFTER_BATCH03,20
,41,75,c1a7d197c7708b5d9494be779a7ed9b43d38dd7e02feba17c9ca255fa9a9b9df,1807b80850bd5e68dd5e691a35970cbc8a713d678d186a05ed17b666da2faeed,MBPP+,Mbpp/99,4b1c33ab408416636a15967c25fbc262ca7acc648521e8a73e9993030faa9806,Qwen2.5-Coder-3B-Instruct/q35_9b_replay_r003,Candidate_B/H0,11,63eaaf545845bc24c3b6e80422ff8bf13fe83d7c5926e7e54532c904641b56dd,artifacts/public_benchmark_development/mbpp_candidate_b_development60/runs/mbpp_q35_9b_candidate_b_development60_replay_r003/h0_h1_accounts.jsonl#program_id=c1a7d197c7708b5d9494be779a7ed9b43d38dd7e02feba17c9ca255fa9a9b9df;healer_account=H0,5d42e07b73cd94f1566f80d4c314ba907073729b2db4e850e167eb184853b68d,5d42e07b73cd94f1566f80d4c314ba907073729b2db4e850e167eb184853b68d,remaining101_fixed_order_excluding_frozen_batch01_and_batch02_take_first20,artifacts/public_benchmark_governance/candidate_b_r003_taxonomy_v31_remaining81_batch02_20cell_roster_v1/remaining61_roster.csv#remaining_rank=41,PLANNED_REMAINING_AFTER_BATCH03,21
,42,76,c4f9f49c8d060762aa98890c7ea383334cc4f4a5aed06d1f105f579dd9a9097b,e45f863ee86fd661a608ab496bcd1095e0372e264aa30f85de3285b1f9558528,MBPP+,Mbpp/792,5fe47e51f6115c6639be31174d77d1dc5e772d5a65373f8e4a30e3dc50b8a367,Qwen2.5-Coder-3B-Instruct/q35_9b_replay_r003,Candidate_B/H0,22,88248421a563904a8e0936d26749fc5c2e2d47741d0e308e6a6801850adef108,artifacts/public_benchmark_development/mbpp_candidate_b_development60/runs/mbpp_q35_9b_candidate_b_development60_replay_r003/h0_h1_accounts.jsonl#program_id=c4f9f49c8d060762aa98890c7ea383334cc4f4a5aed06d1f105f579dd9a9097b;healer_account=H0,9205d79d1366bd90e2bd487d3a9672929424d9d3f14d5e5eebf59dd117bce979,9205d79d1366bd90e2bd487d3a9672929424d9d3f14d5e5eebf59dd117bce979,remaining101_fixed_order_excluding_frozen_batch01_and_batch02_take_first20,artifacts/public_benchmark_governance/candidate_b_r003_taxonomy_v31_remaining81_batch02_20cell_roster_v1/remaining61_roster.csv#remaining_rank=42,PLANNED_REMAINING_AFTER_BATCH03,22
,43,77,cd5cfd344314f6730c9a7f680d7dd55ffb98b7b3562126fbe7929ed3b8ca636d,67d27f7d5487a3330f660c5e805260f58bc969b1e4f4b11b7458164fa9627209,MBPP+,Mbpp/759,5d17bcb1c7697ef8f8f6bd6bbb1173195495679fe5b0ef80a5fc08452c6f8093,Qwen2.5-Coder-3B-Instruct/q35_9b_replay_r003,Candidate_B/H0,11,c42cf1fb81fcc418c9d089ba2b0f3b5c3fc632377755cbf4757881e1bf0929d9,artifacts/public_benchmark_development/mbpp_candidate_b_development60/runs/mbpp_q35_9b_candidate_b_development60_replay_r003/h0_h1_accounts.jsonl#program_id=cd5cfd344314f6730c9a7f680d7dd55ffb98b7b3562126fbe7929ed3b8ca636d;healer_account=H0,8b7af8104501d5bc47dccdb750b4e89120dd129943825a9f042e126f41461a2d,8b7af8104501d5bc47dccdb750b4e89120dd129943825a9f042e126f41461a2d,remaining101_fixed_order_excluding_frozen_batch01_and_batch02_take_first20,artifacts/public_benchmark_governance/candidate_b_r003_taxonomy_v31_remaining81_batch02_20cell_roster_v1/remaining61_roster.csv#remaining_rank=43,PLANNED_REMAINING_AFTER_BATCH03,23
,44,79,d0e24140080d838b0fa411a6c6fbf72fd3607bd41044aa70a54a3dc5a2652917,f4bd543ec38cc80a1c41f729031320d6cf3d3504a27a78d66ea893256171b1eb,MBPP+,Mbpp/620,43e172f8899e9bc893b8bfd521ea0c36e81b03dba3b999a0a838dbaccd854411,Qwen2.5-Coder-3B-Instruct/q35_9b_replay_r003,Candidate_B/H0,55,b91900d186966011841f004a74c103278866a78615b7f4fb42f9c1e0644c7a8f,artifacts/public_benchmark_development/mbpp_candidate_b_development60/runs/mbpp_q35_9b_candidate_b_development60_replay_r003/h0_h1_accounts.jsonl#program_id=d0e24140080d838b0fa411a6c6fbf72fd3607bd41044aa70a54a3dc5a2652917;healer_account=H0,31bc00bc41dcd58298694791e3316d4bc07d45ff1fe767ac8dd03f0e24c2a7c3,31bc00bc41dcd58298694791e3316d4bc07d45ff1fe767ac8dd03f0e24c2a7c3,remaining101_fixed_order_excluding_frozen_batch01_and_batch02_take_first20,artifacts/public_benchmark_governance/candidate_b_r003_taxonomy_v31_remaining81_batch02_20cell_roster_v1/remaining61_roster.csv#remaining_rank=44,PLANNED_REMAINING_AFTER_BATCH03,24
,45,80,d10c4c3a33cf290555e5024a1d00fb1c827d72ea862ad8e9e70f618e6665cdc1,bebc9d4517eb814ebda7c97c58437ceeac779e888b03f9cc158b87d2621a5556,MBPP+,Mbpp/427,53306d3862cde482a73943f7923a03dc960d47e2c9e1dc7df426dce2627dca6c,Qwen2.5-Coder-3B-Instruct/q35_9b_replay_r003,Candidate_B/H0,33,a895659a05497a2dafe9c82ff186950aa3a8035f744840c738902301f5787c0c,artifacts/public_benchmark_development/mbpp_candidate_b_development60/runs/mbpp_q35_9b_candidate_b_development60_replay_r003/h0_h1_accounts.jsonl#program_id=d10c4c3a33cf290555e5024a1d00fb1c827d72ea862ad8e9e70f618e6665cdc1;healer_account=H0,e620cba770bcd2fb047bc27efae8eed206cb95f8f0a5e89631dd65d5fbda3d34,e620cba770bcd2fb047bc27efae8eed206cb95f8f0a5e89631dd65d5fbda3d34,remaining101_fixed_order_excluding_frozen_batch01_and_batch02_take_first20,artifacts/public_benchmark_governance/candidate_b_r003_taxonomy_v31_remaining81_batch02_20cell_roster_v1/remaining61_roster.csv#remaining_rank=45,PLANNED_REMAINING_AFTER_BATCH03,25
,46,82,d6e8952a09372c813254372d7efdba2f1a1f9ad01529ec71bb61af90062df885,c3fca0ce50613b11b594fe830b547bc66579a43a2c158c7b3218e4e8cec5e76b,MBPP+,Mbpp/572,0608a46d511a752be8354e4e887d98d4d07c5ce47ccda62a9570f536871ba23e,Qwen2.5-Coder-3B-Instruct/q35_9b_replay_r003,Candidate_B/H0,22,a259600cf3e1a162fd3c46b18ab3f5abe32c52305b340ae6bf1256137ef29ee9,artifacts/public_benchmark_development/mbpp_candidate_b_development60/runs/mbpp_q35_9b_candidate_b_development60_replay_r003/h0_h1_accounts.jsonl#program_id=d6e8952a09372c813254372d7efdba2f1a1f9ad01529ec71bb61af90062df885;healer_account=H0,5e4f3547d664de916546e430068ff97295cdfb83fa156ec81f847f5bbe18a76a,5e4f3547d664de916546e430068ff97295cdfb83fa156ec81f847f5bbe18a76a,remaining101_fixed_order_excluding_frozen_batch01_and_batch02_take_first20,artifacts/public_benchmark_governance/candidate_b_r003_taxonomy_v31_remaining81_batch02_20cell_roster_v1/remaining61_roster.csv#remaining_rank=46,PLANNED_REMAINING_AFTER_BATCH03,26
,47,83,da311e11ff87b49bcd2ed4eb7456c07e4b43560eb1890a9a1d1e1bfcc2d8ae54,cffc1b0819f84e4bf908fd407066e1a41553788afdb4698de54a88c730fa5a93,MBPP+,Mbpp/435,2ac22efb777935c19415042e4e71bf70f27801c483086fe3f503dd78fed51ef6,Qwen2.5-Coder-3B-Instruct/q35_9b_replay_r003,Candidate_B/H0,55,1bdc1084314123f398ac45da210aff3ddbf755e38aa73a1db39e2b37eeed7d28,artifacts/public_benchmark_development/mbpp_candidate_b_development60/runs/mbpp_q35_9b_candidate_b_development60_replay_r003/h0_h1_accounts.jsonl#program_id=da311e11ff87b49bcd2ed4eb7456c07e4b43560eb1890a9a1d1e1bfcc2d8ae54;healer_account=H0,e37ad719f704312d17bbe9173ff836e4df9e3893248cc0a4f072da1551ab7bf5,e37ad719f704312d17bbe9173ff836e4df9e3893248cc0a4f072da1551ab7bf5,remaining101_fixed_order_excluding_frozen_batch01_and_batch02_take_first20,artifacts/public_benchmark_governance/candidate_b_r003_taxonomy_v31_remaining81_batch02_20cell_roster_v1/remaining61_roster.csv#remaining_rank=47,PLANNED_REMAINING_AFTER_BATCH03,27
,48,85,dbea2d3c0b5e91a70f0542ed83acc2c8a81ea79d742dd76b0bf4327fb71dd259,18381c473abe3cc335d0f20ad720e4006d66a43e08531742a8aa0890d413d435,MBPP+,Mbpp/72,8f76874dcbdaec3f549bcf6bc2de2a29ae5dd7de9da5da3e47061c8e5e1780d8,Qwen2.5-Coder-3B-Instruct/q35_9b_replay_r003,Candidate_B/H0,55,5412fb51e0b8434240c678c0f0babbd54f53aaa2329a0b93b4ede883601b0ee6,artifacts/public_benchmark_development/mbpp_candidate_b_development60/runs/mbpp_q35_9b_candidate_b_development60_replay_r003/h0_h1_accounts.jsonl#program_id=dbea2d3c0b5e91a70f0542ed83acc2c8a81ea79d742dd76b0bf4327fb71dd259;healer_account=H0,a43911ba40ea1eba9aad332511af4f927fad28a662fd6058ceb83bfa31ae814f,a43911ba40ea1eba9aad332511af4f927fad28a662fd6058ceb83bfa31ae814f,remaining101_fixed_order_excluding_frozen_batch01_and_batch02_take_first20,artifacts/public_benchmark_governance/candidate_b_r003_taxonomy_v31_remaining81_batch02_20cell_roster_v1/remaining61_roster.csv#remaining_rank=48,PLANNED_REMAINING_AFTER_BATCH03,28
,49,86,e035127c59926787770cf7d09e6e5737a0ab5885884d7b5eec7fc0fa8dbe9dd9,32c6810fcd449d9892f7f91436be83a7308e5ae7e4b4f60fe105e0d646f10ea6,MBPP+,Mbpp/792,5fe47e51f6115c6639be31174d77d1dc5e772d5a65373f8e4a30e3dc50b8a367,Qwen2.5-Coder-3B-Instruct/q35_9b_replay_r003,Candidate_B/H0,55,8a9ac7f4fcdeae62e8e69d18aa6b785641735d062aed94a26a5c55db4434543e,artifacts/public_benchmark_development/mbpp_candidate_b_development60/runs/mbpp_q35_9b_candidate_b_development60_replay_r003/h0_h1_accounts.jsonl#program_id=e035127c59926787770cf7d09e6e5737a0ab5885884d7b5eec7fc0fa8dbe9dd9;healer_account=H0,5765b2e478dedf1d0da415ef47b6efa44f5c90d518383846a02b8fa3f1425346,5765b2e478dedf1d0da415ef47b6efa44f5c90d518383846a02b8fa3f1425346,remaining101_fixed_order_excluding_frozen_batch01_and_batch02_take_first20,artifacts/public_benchmark_governance/candidate_b_r003_taxonomy_v31_remaining81_batch02_20cell_roster_v1/remaining61_roster.csv#remaining_rank=49,PLANNED_REMAINING_AFTER_BATCH03,29
,50,87,e20c3fb73759ea13d9ef3f60125bb1cbffb65ce442d305984a4026dde7b46e8e,65e8f4ae6ec81981c42b2378df60f74f62e7d5a008273504a14c8eab49847375,MBPP+,Mbpp/237,c272e9932ce1dc358a2533892588782901a1e1b0dabac38ce47ea5c64b3f871b,Qwen2.5-Coder-3B-Instruct/q35_9b_replay_r003,Candidate_B/H0,55,6ca1b81d87c329cb6a72ffc75d2ae22016480195b64245f66f161ba29be103a2,artifacts/public_benchmark_development/mbpp_candidate_b_development60/runs/mbpp_q35_9b_candidate_b_development60_replay_r003/h0_h1_accounts.jsonl#program_id=e20c3fb73759ea13d9ef3f60125bb1cbffb65ce442d305984a4026dde7b46e8e;healer_account=H0,4232a0988257265f142d08fb6513e8204bbcc3ad620c2ada06b255b92b695d62,4232a0988257265f142d08fb6513e8204bbcc3ad620c2ada06b255b92b695d62,remaining101_fixed_order_excluding_frozen_batch01_and_batch02_take_first20,artifacts/public_benchmark_governance/candidate_b_r003_taxonomy_v31_remaining81_batch02_20cell_roster_v1/remaining61_roster.csv#remaining_rank=50,PLANNED_REMAINING_AFTER_BATCH03,30
,51,88,e34035942f49279e74cc7c14da61099ae2325ec0c816ed64d6e8c2d44e9ad594,b844aa9aaf5a3780e42a405f3cd025a47eec35d811429c5013a8234eabf9fc99,MBPP+,Mbpp/119,df37fa63e6dfe2f11a303bdf76b3cf80bb982066d92bfa497c754e452f6c54c9,Qwen2.5-Coder-3B-Instruct/q35_9b_replay_r003,Candidate_B/H0,55,2a5d751a206bc9b0dc40cb0d7d5bcd23b18e7445254523e6e2bbc6d0f633f96c,artifacts/public_benchmark_development/mbpp_candidate_b_development60/runs/mbpp_q35_9b_candidate_b_development60_replay_r003/h0_h1_accounts.jsonl#program_id=e34035942f49279e74cc7c14da61099ae2325ec0c816ed64d6e8c2d44e9ad594;healer_account=H0,a28904e41029dfb063340305696545d26df38a84db1be4c9d30f81baf63d9131,a28904e41029dfb063340305696545d26df38a84db1be4c9d30f81baf63d9131,remaining101_fixed_order_excluding_frozen_batch01_and_batch02_take_first20,artifacts/public_benchmark_governance/candidate_b_r003_taxonomy_v31_remaining81_batch02_20cell_roster_v1/remaining61_roster.csv#remaining_rank=51,PLANNED_REMAINING_AFTER_BATCH03,31
,52,89,e62f5c9713692a4bae0ae1ba5077e0b37b46e00fcaf9312de4d72a4c05f849ef,530d1ccc4c380c95b8722921ca3bc44bfdb0fee1e94524ce7240234964bff2b5,MBPP+,Mbpp/769,4350e2e93381b2af82ef1928288b20148c92ea23bfa83a14939df05cc5d3ef04,Qwen2.5-Coder-3B-Instruct/q35_9b_replay_r003,Candidate_B/H0,33,11f173ca20655473b9d68114d0c59de90cda56af47d81f66075ac2911d3a02a7,artifacts/public_benchmark_development/mbpp_candidate_b_development60/runs/mbpp_q35_9b_candidate_b_development60_replay_r003/h0_h1_accounts.jsonl#program_id=e62f5c9713692a4bae0ae1ba5077e0b37b46e00fcaf9312de4d72a4c05f849ef;healer_account=H0,3796e8bb741ca0284d2712dc154ccd6107cba83bd2e578dfd544352e45553399,3796e8bb741ca0284d2712dc154ccd6107cba83bd2e578dfd544352e45553399,remaining101_fixed_order_excluding_frozen_batch01_and_batch02_take_first20,artifacts/public_benchmark_governance/candidate_b_r003_taxonomy_v31_remaining81_batch02_20cell_roster_v1/remaining61_roster.csv#remaining_rank=52,PLANNED_REMAINING_AFTER_BATCH03,32
,53,91,e85ead3e256d45a98dff7ed90ae9a1eb27937f9afe035676cc884f01ae13669a,3cbf2b6965e1664e403696800f79f2c5a05796a2e53e684325e6f1316917610e,MBPP+,Mbpp/16,bbb0802da84d1ae60c7956ee4c7097a38f5d5320378f2f6c5e0c28c73e09db04,Qwen2.5-Coder-3B-Instruct/q35_9b_replay_r003,Candidate_B/H0,22,50c529971cc146a9ff6cb3b38d3ca973d771e91d36401777567915c4cee00132,artifacts/public_benchmark_development/mbpp_candidate_b_development60/runs/mbpp_q35_9b_candidate_b_development60_replay_r003/h0_h1_accounts.jsonl#program_id=e85ead3e256d45a98dff7ed90ae9a1eb27937f9afe035676cc884f01ae13669a;healer_account=H0,d15d4edc70c54f81e92cb072b1661a325d33768fe011b3348b1df66ae0a3107a,d15d4edc70c54f81e92cb072b1661a325d33768fe011b3348b1df66ae0a3107a,remaining101_fixed_order_excluding_frozen_batch01_and_batch02_take_first20,artifacts/public_benchmark_governance/candidate_b_r003_taxonomy_v31_remaining81_batch02_20cell_roster_v1/remaining61_roster.csv#remaining_rank=53,PLANNED_REMAINING_AFTER_BATCH03,33
,54,93,f3b152a48d3151267f448c854339f602b1fd0606d6e2fe4e20a774f029079bbb,b6b40f87a0fca96c133abf996c156d05fa45f85dd74b17a8de976afc1156b72b,MBPP+,Mbpp/771,55848b4bf9efb65240be334730d17c1b44c4c4497f73bc3c091764df8df9f471,Qwen2.5-Coder-3B-Instruct/q35_9b_replay_r003,Candidate_B/H0,33,76bd0636b14aab95f0db11b19217ca304f6fa11eb51be69d9d8ef97fa5280b4d,artifacts/public_benchmark_development/mbpp_candidate_b_development60/runs/mbpp_q35_9b_candidate_b_development60_replay_r003/h0_h1_accounts.jsonl#program_id=f3b152a48d3151267f448c854339f602b1fd0606d6e2fe4e20a774f029079bbb;healer_account=H0,37940ebd2d5fa967f199890cbfd470ea482e27a0bbd8ec818d6fe6a10d072dff,37940ebd2d5fa967f199890cbfd470ea482e27a0bbd8ec818d6fe6a10d072dff,remaining101_fixed_order_excluding_frozen_batch01_and_batch02_take_first20,artifacts/public_benchmark_governance/candidate_b_r003_taxonomy_v31_remaining81_batch02_20cell_roster_v1/remaining61_roster.csv#remaining_rank=54,PLANNED_REMAINING_AFTER_BATCH03,34
,55,94,f577c29f018779bba4ba02e683fcf7b285700559c10036f5f262d3580b694455,c07fe7f853408eaa06180ce0f35a30d663848fb8f48bab8738b5f469c5005848,MBPP+,Mbpp/771,55848b4bf9efb65240be334730d17c1b44c4c4497f73bc3c091764df8df9f471,Qwen2.5-Coder-3B-Instruct/q35_9b_replay_r003,Candidate_B/H0,22,543e6cd263c2b9ac7c7123b134517fa4c19c7048222467d8af9ddb6f54f6c06e,artifacts/public_benchmark_development/mbpp_candidate_b_development60/runs/mbpp_q35_9b_candidate_b_development60_replay_r003/h0_h1_accounts.jsonl#program_id=f577c29f018779bba4ba02e683fcf7b285700559c10036f5f262d3580b694455;healer_account=H0,c2e0f9035e3c95667299ee69a78ea21f52b32cfc77fa1c870f729e4257524dca,c2e0f9035e3c95667299ee69a78ea21f52b32cfc77fa1c870f729e4257524dca,remaining101_fixed_order_excluding_frozen_batch01_and_batch02_take_first20,artifacts/public_benchmark_governance/candidate_b_r003_taxonomy_v31_remaining81_batch02_20cell_roster_v1/remaining61_roster.csv#remaining_rank=55,PLANNED_REMAINING_AFTER_BATCH03,35
,56,95,f5a3924eae1972d3f71b287a379e069295aa377283d8429a352416ccd3ed6243,fd222255aa7bb1ea12cc1ff2803e97dfbea14dd5e0b66c1f0fc6d47525cbf496,MBPP+,Mbpp/765,383f7e0dc8fec2534e96c291ed66943eb4e8d398d4863daf99b3bbd09a36bf8c,Qwen2.5-Coder-3B-Instruct/q35_9b_replay_r003,Candidate_B/H0,22,edf957ae56d3bb4abc4765a78a3bbeb1d695a2696a0f04c555e5fdde2cf0a5b3,artifacts/public_benchmark_development/mbpp_candidate_b_development60/runs/mbpp_q35_9b_candidate_b_development60_replay_r003/h0_h1_accounts.jsonl#program_id=f5a3924eae1972d3f71b287a379e069295aa377283d8429a352416ccd3ed6243;healer_account=H0,466d15c7a356968c016465534334d69332c6957d0124ada0c759cab2cc2de7dc,466d15c7a356968c016465534334d69332c6957d0124ada0c759cab2cc2de7dc,remaining101_fixed_order_excluding_frozen_batch01_and_batch02_take_first20,artifacts/public_benchmark_governance/candidate_b_r003_taxonomy_v31_remaining81_batch02_20cell_roster_v1/remaining61_roster.csv#remaining_rank=56,PLANNED_REMAINING_AFTER_BATCH03,36
,57,96,fa5a49bae5aacc269bbba5a927d4839d1c04e0afa4d2d508cfc95d34df05c877,79f2f92bf28f4b2a000e2c6208c349e3b70a07edc232a72287fcd3f4554f928f,MBPP+,Mbpp/440,1dd9b489197fb8dc6dad6a62c34d3715eb86133468091fd186a5e8192abb54ba,Qwen2.5-Coder-3B-Instruct/q35_9b_replay_r003,Candidate_B/H0,55,857fbfe047e97bf6f23b3c4128ee06a0e0f79b0d666347533da267e51f6e90fb,artifacts/public_benchmark_development/mbpp_candidate_b_development60/runs/mbpp_q35_9b_candidate_b_development60_replay_r003/h0_h1_accounts.jsonl#program_id=fa5a49bae5aacc269bbba5a927d4839d1c04e0afa4d2d508cfc95d34df05c877;healer_account=H0,bb30959fb0a47aa934bafbeec2462fb951ca6e43cfd2c451757797fff62d60ad,bb30959fb0a47aa934bafbeec2462fb951ca6e43cfd2c451757797fff62d60ad,remaining101_fixed_order_excluding_frozen_batch01_and_batch02_take_first20,artifacts/public_benchmark_governance/candidate_b_r003_taxonomy_v31_remaining81_batch02_20cell_roster_v1/remaining61_roster.csv#remaining_rank=57,PLANNED_REMAINING_AFTER_BATCH03,37
,58,97,faa92ffdc441f230379bf7175f22c7be6f3c25340f9473e28d57a579698c3b6d,9d8163821b833c86eba9f076a8f5960898a0e211ee784ce38ffc8ee69d444ea5,MBPP+,Mbpp/620,43e172f8899e9bc893b8bfd521ea0c36e81b03dba3b999a0a838dbaccd854411,Qwen2.5-Coder-3B-Instruct/q35_9b_replay_r003,Candidate_B/H0,11,51f9d94ef0fd302a2acd0eb7b0457e8bd7a1cb288fea63165503dc3dc55ea81f,artifacts/public_benchmark_development/mbpp_candidate_b_development60/runs/mbpp_q35_9b_candidate_b_development60_replay_r003/h0_h1_accounts.jsonl#program_id=faa92ffdc441f230379bf7175f22c7be6f3c25340f9473e28d57a579698c3b6d;healer_account=H0,e242d575d211c60ca6582fd48ef5a1942d6e9654dad49fd698d9413a0c13236b,e242d575d211c60ca6582fd48ef5a1942d6e9654dad49fd698d9413a0c13236b,remaining101_fixed_order_excluding_frozen_batch01_and_batch02_take_first20,artifacts/public_benchmark_governance/candidate_b_r003_taxonomy_v31_remaining81_batch02_20cell_roster_v1/remaining61_roster.csv#remaining_rank=58,PLANNED_REMAINING_AFTER_BATCH03,38
,59,98,fab2363176ff08eb4050cfd8bed0ddd21793185ed25dbec2e8f54dde571ae77a,e913f388d031f822e2242f3a6bd58ad889319788f48a88ef57511e02ae942f5e,MBPP+,Mbpp/759,5d17bcb1c7697ef8f8f6bd6bbb1173195495679fe5b0ef80a5fc08452c6f8093,Qwen2.5-Coder-3B-Instruct/q35_9b_replay_r003,Candidate_B/H0,44,ec8ddd954bed94eddefec024661cad32ab2c0155f2a25e52748410441a3d753a,artifacts/public_benchmark_development/mbpp_candidate_b_development60/runs/mbpp_q35_9b_candidate_b_development60_replay_r003/h0_h1_accounts.jsonl#program_id=fab2363176ff08eb4050cfd8bed0ddd21793185ed25dbec2e8f54dde571ae77a;healer_account=H0,062f2601db8d83b1d5f235aa87d363a9a4a8f4bc8a8d8ad563d8a7a8f90f2af0,062f2601db8d83b1d5f235aa87d363a9a4a8f4bc8a8d8ad563d8a7a8f90f2af0,remaining101_fixed_order_excluding_frozen_batch01_and_batch02_take_first20,artifacts/public_benchmark_governance/candidate_b_r003_taxonomy_v31_remaining81_batch02_20cell_roster_v1/remaining61_roster.csv#remaining_rank=59,PLANNED_REMAINING_AFTER_BATCH03,39
,60,100,fc6fa5bd9f3b1dd6835220a2af4c7324cdff749be841c8753292bd778a3c657f,f988417709fb8231162928b761900a611f5c2fcddd376f43abe6404e592be69b,MBPP+,Mbpp/633,554d20d61ea148a15fd42e3dbfc44239258388245423c47fd76d652230ff84b4,Qwen2.5-Coder-3B-Instruct/q35_9b_replay_r003,Candidate_B/H0,11,89d1210296f90df7a2c719a90c2326d383bdb6dd798aa65afac744e72ed894bd,artifacts/public_benchmark_development/mbpp_candidate_b_development60/runs/mbpp_q35_9b_candidate_b_development60_replay_r003/h0_h1_accounts.jsonl#program_id=fc6fa5bd9f3b1dd6835220a2af4c7324cdff749be841c8753292bd778a3c657f;healer_account=H0,b589f2330fe4a86bb0f1490783914a33a61a906c7b17818328586380b5932807,b589f2330fe4a86bb0f1490783914a33a61a906c7b17818328586380b5932807,remaining101_fixed_order_excluding_frozen_batch01_and_batch02_take_first20,artifacts/public_benchmark_governance/candidate_b_r003_taxonomy_v31_remaining81_batch02_20cell_roster_v1/remaining61_roster.csv#remaining_rank=60,PLANNED_REMAINING_AFTER_BATCH03,40
,61,101,fecb44add792a30c7498be505f3bddc0c50ecf8b0f769420488d6743ed2158c8,9949052811c7aa1cc2afe6f8b3b792027930d4e100965db568d88ff52fbb3db5,MBPP+,Mbpp/427,53306d3862cde482a73943f7923a03dc960d47e2c9e1dc7df426dce2627dca6c,Qwen2.5-Coder-3B-Instruct/q35_9b_replay_r003,Candidate_B/H0,55,5ad988e97f7f09d957513cfe24153634c1ce514356e71b663b4ce68ddb4fe211,artifacts/public_benchmark_development/mbpp_candidate_b_development60/runs/mbpp_q35_9b_candidate_b_development60_replay_r003/h0_h1_accounts.jsonl#program_id=fecb44add792a30c7498be505f3bddc0c50ecf8b0f769420488d6743ed2158c8;healer_account=H0,e620cba770bcd2fb047bc27efae8eed206cb95f8f0a5e89631dd65d5fbda3d34,e620cba770bcd2fb047bc27efae8eed206cb95f8f0a5e89631dd65d5fbda3d34,remaining101_fixed_order_excluding_frozen_batch01_and_batch02_take_first20,artifacts/public_benchmark_governance/candidate_b_r003_taxonomy_v31_remaining81_batch02_20cell_roster_v1/remaining61_roster.csv#remaining_rank=61,PLANNED_REMAINING_AFTER_BATCH03,41
