batch_rank,cell_identity_sha256,program_id,source_sha256,task_id,seed,generation_id,condition,review_status,classification_status,primary_layer,secondary_layer,mechanism_tags_json,failure_chain,confidence,outcome_validity,healer_eligibility,eligibility_reason,eligibility_rule,rejection_condition,unresolved_reason_code,evidence_present,evidence_missing,competing_explanations,reason,minimal_future_diagnostic,public_evidence,evidence_citations,source_structure_locator,adjudicator_identity,adjudication_timestamp,planning_signal_note
1,24867a12c4037245abad07430c183303744cdad3fc1bcd2dbd1448b830e78dcb,8406e78362de082453800aa627d56e53b5170bf464a7358ed301f3612aeb1ff3,3e66023365706e3411fd45ed91862f4388607bdf2ad1e7e75415681f9db16b81,Mbpp/742,55,1ab0af16d424491f126c04369a356f39b681ccfd427ad1534f6dd9f2a9d57c0a,Candidate_B/H0,PROVISIONALLY_ADJUDICATED,ADJUDICATED,L5,,"[{""note"":""six-face scaling yields ~23.383 rather than public ~15.588=a^2*sqrt(3)"",""strength"":""CONFIRMED"",""tag"":""incorrect_formula""},{""note"":""repair requires choosing the intended tetrahedron area formula"",""strength"":""SUPPORTED"",""tag"":""algorithm_reconstruction_required""}]",parseable required entry point and output shape → public contract statically contradicted → primary=L5 → algorithm/semantics repair required → healer=abstain,HIGH,VALID_MODEL_OUTCOME,abstain,Repair changes task semantics or algorithm and is not a unique local oracle-independent transformation.,,semantic_or_evidence_closure_not_safe_for_deterministic_healer,,public assert area_tetrahedron(3)==15.588457268119894 uniquely matches a^2*sqrt(3); static closed form differs,no evidence gap required for provisional layer closure,additional hidden-case defects may coexist but do not displace the public static violation,required entry point and float scalar are present but the geometric formula contradicts the public numeric contract,,""""""" Write a function to caluclate the area of a tetrahedron. assert area_tetrahedron(3)==15.588457268119894 """"""","artifacts/public_benchmark_governance/candidate_b_r003_taxonomy_v31_remaining41_batch04_20cell_roster_v1/batch04_roster.csv#program_id=8406e78362de082453800aa627d56e53b5170bf464a7358ed301f3612aeb1ff3;artifacts/public_benchmark_development/mbpp_candidate_b_development60/runs/mbpp_q35_9b_candidate_b_development60_replay_r003/h0_h1_accounts.jsonl#program_id=8406e78362de082453800aa627d56e53b5170bf464a7358ed301f3612aeb1ff3;healer_account=H0;data/mbpp_plus/tasks.jsonl#task_id=Mbpp/742;artifacts/public_benchmark_governance/candidate_b_r003_h0_h1_evalplus_v1/manual_evalplus_run_001/evalplus_results.csv#program_id=8406e78362de082453800aa627d56e53b5170bf464a7358ed301f3612aeb1ff3;healer_account=H0;artifacts/public_benchmark_governance/candidate_b_r003_taxonomy_v3_formal_classification_preparation_v1/classification_preparation.csv#cell_identity_sha256=24867a12c4037245abad07430c183303744cdad3fc1bcd2dbd1448b830e78dcb;C:/Users/yehya/Downloads/AI_生成程式共同失敗分類標準_實際使用版_v3.1.md#sections=4,5,8,9,10,11,12","formula uses six equilateral faces a^2*(sqrt(3)/4)*6 for a=3, not public ~15.588",taxonomy_v31_batch04_provisional_v1_static_adjudicator,2026-07-22T00:00:00+08:00,roster order fixed before adjudication; no planning signal promoted to layer or Healer disposition
2,c16ed9ba4e15b82b9fe7dcd774a24bdf5f16a90755f12fbcfb25ce45cd8283dd,866739b5b8f57631f1a69318ccccf5b802b31f0fc38b57e6a75e358d9ef9a9c2,e90098ad2d9146729054842c76873d3e89b0d2b8f064d2079219cd621cd3e126,Mbpp/748,11,e5eb872b024620dcc3ae3e93a142be097d60df7fd510b00d1eb9535af3e55ab4,Candidate_B/H0,PROVISIONALLY_ADJUDICATED,ADJUDICATED,L5,,"[{""note"":""i==0 capital is treated as a word boundary that receives a leading space"",""strength"":""CONFIRMED"",""tag"":""wrong_boundary_condition""},{""note"":""single-word capitalized input is spaced incorrectly"",""strength"":""CONFIRMED"",""tag"":""capital_boundary_detection_error""}]",parseable required entry point and output shape → public contract statically contradicted → primary=L5 → algorithm/semantics repair required → healer=abstain,HIGH,VALID_MODEL_OUTCOME,abstain,Repair changes task semantics or algorithm and is not a unique local oracle-independent transformation.,,semantic_or_evidence_closure_not_safe_for_deterministic_healer,,"public assert capital_words_spaces(""Python"")=='Python' is directly falsified by the first-iteration space rule",no evidence gap required for provisional layer closure,additional hidden-case defects may coexist but do not displace the public static violation,capital-word boundary logic inserts a space before the initial capital word,,""""""" Write a function to put spaces between words starting with capital letters in a given string. assert capital_words_spaces(""Python"") == 'Python' """"""","artifacts/public_benchmark_governance/candidate_b_r003_taxonomy_v31_remaining41_batch04_20cell_roster_v1/batch04_roster.csv#program_id=866739b5b8f57631f1a69318ccccf5b802b31f0fc38b57e6a75e358d9ef9a9c2;artifacts/public_benchmark_development/mbpp_candidate_b_development60/runs/mbpp_q35_9b_candidate_b_development60_replay_r003/h0_h1_accounts.jsonl#program_id=866739b5b8f57631f1a69318ccccf5b802b31f0fc38b57e6a75e358d9ef9a9c2;healer_account=H0;data/mbpp_plus/tasks.jsonl#task_id=Mbpp/748;artifacts/public_benchmark_governance/candidate_b_r003_h0_h1_evalplus_v1/manual_evalplus_run_001/evalplus_results.csv#program_id=866739b5b8f57631f1a69318ccccf5b802b31f0fc38b57e6a75e358d9ef9a9c2;healer_account=H0;artifacts/public_benchmark_governance/candidate_b_r003_taxonomy_v3_formal_classification_preparation_v1/classification_preparation.csv#cell_identity_sha256=c16ed9ba4e15b82b9fe7dcd774a24bdf5f16a90755f12fbcfb25ce45cd8283dd;C:/Users/yehya/Downloads/AI_生成程式共同失敗分類標準_實際使用版_v3.1.md#sections=4,5,8,9,10,11,12","first capital at i==0 inserts a leading space, statically yielding ' Python' not 'Python'",taxonomy_v31_batch04_provisional_v1_static_adjudicator,2026-07-22T00:00:00+08:00,roster order fixed before adjudication; no planning signal promoted to layer or Healer disposition
3,9a5f7a940a8945d8179614fd858fb8f30d496f59b46463f11d61931bc4672ae3,8be467a87d48ada42b452f75670c330df1e5f4a334816d133ece971a93245e51,2d509aaab032a6457998d5aa050fbc40dd8e9fc848828590618d52dda1177c11,Mbpp/735,44,b88abc10bc005cfb412e90108d2217d8db084dd72b157ecad0659b1653bc05fa,Candidate_B/H0,PROVISIONALLY_ADJUDICATED,ADJUDICATED,UNRESOLVED,,"[{""note"":""preserved public example is satisfied by static derivation"",""strength"":""CONFIRMED"",""tag"":""public_examples_non_discriminating""},{""note"":""existing plus status is fail but its first failing input is not preserved here"",""strength"":""CONFIRMED"",""tag"":""plus_failure_not_localized""},{""note"":""a new observation would be required to distinguish remaining explanations"",""strength"":""SUPPORTED"",""tag"":""diagnostic_execution_required""}]",parseable required entry point → public example satisfied statically → existing base pass/plus fail not localized → primary=UNRESOLVED → healer=abstain,LOW,VALID_MODEL_OUTCOME,abstain,Root layer and unique safe repair are not closed.,,semantic_or_evidence_closure_not_safe_for_deterministic_healer,public_example_satisfied_plus_failure_not_localized,required entry point and scalar shape present; public example and base tests pass; plus fails,first failing plus integer and signed/zero bit-width convention,"failure may concern signed inputs, small values, or another unstated bit representation rule",review completed but current static evidence does not close one L0-L5 root layer,capture the first existing failing plus integer and return without applying a repair,""""""" Write a python function to toggle bits of the number except the first and the last bit.  assert toggle_middle_bits(9) == 15 """"""","artifacts/public_benchmark_governance/candidate_b_r003_taxonomy_v31_remaining41_batch04_20cell_roster_v1/batch04_roster.csv#program_id=8be467a87d48ada42b452f75670c330df1e5f4a334816d133ece971a93245e51;artifacts/public_benchmark_development/mbpp_candidate_b_development60/runs/mbpp_q35_9b_candidate_b_development60_replay_r003/h0_h1_accounts.jsonl#program_id=8be467a87d48ada42b452f75670c330df1e5f4a334816d133ece971a93245e51;healer_account=H0;data/mbpp_plus/tasks.jsonl#task_id=Mbpp/735;artifacts/public_benchmark_governance/candidate_b_r003_h0_h1_evalplus_v1/manual_evalplus_run_001/evalplus_results.csv#program_id=8be467a87d48ada42b452f75670c330df1e5f4a334816d133ece971a93245e51;healer_account=H0;artifacts/public_benchmark_governance/candidate_b_r003_taxonomy_v3_formal_classification_preparation_v1/classification_preparation.csv#cell_identity_sha256=9a5f7a940a8945d8179614fd858fb8f30d496f59b46463f11d61931bc4672ae3;C:/Users/yehya/Downloads/AI_生成程式共同失敗分類標準_實際使用版_v3.1.md#sections=4,5,8,9,10,11,12",XOR middle-bit mask preserves MSB/LSB and statically yields 9->15,taxonomy_v31_batch04_provisional_v1_static_adjudicator,2026-07-22T00:00:00+08:00,roster order fixed before adjudication; no planning signal promoted to layer or Healer disposition
4,84260197534c1cb9b3823ddc721720f63d94d04c34154f9b50b2b77e70364872,8c4a86b4c5c2dc7f2ec53338538b0859c10c4920752c5d3fe775a0332148cd44,f4490808899e16947fcb70c38e43256419b4ea33bf5b57630cce463b73f54ea9,Mbpp/742,11,5297b3cef90d468db31234a15094238e0e2cf4df7d5cc1623dddd6e7b15ef97d,Candidate_B/H0,PROVISIONALLY_ADJUDICATED,ADJUDICATED,L5,,"[{""note"":""includes sqrt(6) term so a=3 yields ~25.943 rather than ~15.588=a^2*sqrt(3)"",""strength"":""CONFIRMED"",""tag"":""incorrect_formula""},{""note"":""geometric formula reconstruction is required"",""strength"":""SUPPORTED"",""tag"":""algorithm_reconstruction_required""}]",parseable required entry point and output shape → public contract statically contradicted → primary=L5 → algorithm/semantics repair required → healer=abstain,HIGH,VALID_MODEL_OUTCOME,abstain,Repair changes task semantics or algorithm and is not a unique local oracle-independent transformation.,,semantic_or_evidence_closure_not_safe_for_deterministic_healer,,public float assert uniquely falsifies the static closed-form expression,no evidence gap required for provisional layer closure,additional hidden-case defects may coexist but do not displace the public static violation,extraneous sqrt(6) term changes the tetrahedron-area semantics relative to the public numeric contract,,""""""" Write a function to caluclate the area of a tetrahedron. assert area_tetrahedron(3)==15.588457268119894 """"""","artifacts/public_benchmark_governance/candidate_b_r003_taxonomy_v31_remaining41_batch04_20cell_roster_v1/batch04_roster.csv#program_id=8c4a86b4c5c2dc7f2ec53338538b0859c10c4920752c5d3fe775a0332148cd44;artifacts/public_benchmark_development/mbpp_candidate_b_development60/runs/mbpp_q35_9b_candidate_b_development60_replay_r003/h0_h1_accounts.jsonl#program_id=8c4a86b4c5c2dc7f2ec53338538b0859c10c4920752c5d3fe775a0332148cd44;healer_account=H0;data/mbpp_plus/tasks.jsonl#task_id=Mbpp/742;artifacts/public_benchmark_governance/candidate_b_r003_h0_h1_evalplus_v1/manual_evalplus_run_001/evalplus_results.csv#program_id=8c4a86b4c5c2dc7f2ec53338538b0859c10c4920752c5d3fe775a0332148cd44;healer_account=H0;artifacts/public_benchmark_governance/candidate_b_r003_taxonomy_v3_formal_classification_preparation_v1/classification_preparation.csv#cell_identity_sha256=84260197534c1cb9b3823ddc721720f63d94d04c34154f9b50b2b77e70364872;C:/Users/yehya/Downloads/AI_生成程式共同失敗分類標準_實際使用版_v3.1.md#sections=4,5,8,9,10,11,12","formula a^2*(sqrt(3)/4+sqrt(6)) for a=3 yields ~25.943, not public ~15.588",taxonomy_v31_batch04_provisional_v1_static_adjudicator,2026-07-22T00:00:00+08:00,roster order fixed before adjudication; no planning signal promoted to layer or Healer disposition
5,6bb9614447a5671030c03b27a40d4b90179658ec1d3885de21cce4f200ee996e,8ef0641f265717551638f61f1daf725c93f863842cab36e6f422970e23d7f298,33d72f31564d3871f89a913a9c97c8b1c6a859511ba048de77018a77b86ce99b,Mbpp/576,22,74b2eaefe9caf613226afef1c2d191f2ab834a3439dde5452ae8b3b7c437963c,Candidate_B/H0,PROVISIONALLY_ADJUDICATED,ADJUDICATED,UNRESOLVED,,"[{""note"":""preserved public example is satisfied by static derivation"",""strength"":""CONFIRMED"",""tag"":""public_examples_non_discriminating""},{""note"":""existing plus status is fail but its first failing input is not preserved here"",""strength"":""CONFIRMED"",""tag"":""plus_failure_not_localized""},{""note"":""a new observation would be required to distinguish remaining explanations"",""strength"":""SUPPORTED"",""tag"":""diagnostic_execution_required""},{""note"":""public contract does not discriminate contiguous from noncontiguous semantics"",""strength"":""SUSPECTED"",""tag"":""sublist_semantics_ambiguous""}]",parseable required entry point → public example satisfied statically → existing base pass/plus fail not localized → primary=UNRESOLVED → healer=abstain,LOW,VALID_MODEL_OUTCOME,abstain,Root layer and unique safe repair are not closed.,,semantic_or_evidence_closure_not_safe_for_deterministic_healer,public_example_satisfied_plus_failure_not_localized,parseable required entry point; public example and base tests pass; plus fails; source_sha256 shared with rank 12,"whether sublist means contiguous slice or ordered/noncontiguous containment, and the first failing plus case",contiguous and noncontiguous interpretations remain compatible with the public False example,review completed but current static evidence does not close one L0-L5 root layer,capture the first existing failing plus lists and return without applying a repair,""""""" Write a python function to check whether a list is sublist of another or not. assert is_Sub_Array([1,4,3,5],[1,2]) == False """"""","artifacts/public_benchmark_governance/candidate_b_r003_taxonomy_v31_remaining41_batch04_20cell_roster_v1/batch04_roster.csv#program_id=8ef0641f265717551638f61f1daf725c93f863842cab36e6f422970e23d7f298;artifacts/public_benchmark_development/mbpp_candidate_b_development60/runs/mbpp_q35_9b_candidate_b_development60_replay_r003/h0_h1_accounts.jsonl#program_id=8ef0641f265717551638f61f1daf725c93f863842cab36e6f422970e23d7f298;healer_account=H0;data/mbpp_plus/tasks.jsonl#task_id=Mbpp/576;artifacts/public_benchmark_governance/candidate_b_r003_h0_h1_evalplus_v1/manual_evalplus_run_001/evalplus_results.csv#program_id=8ef0641f265717551638f61f1daf725c93f863842cab36e6f422970e23d7f298;healer_account=H0;artifacts/public_benchmark_governance/candidate_b_r003_taxonomy_v3_formal_classification_preparation_v1/classification_preparation.csv#cell_identity_sha256=6bb9614447a5671030c03b27a40d4b90179658ec1d3885de21cce4f200ee996e;C:/Users/yehya/Downloads/AI_生成程式共同失敗分類標準_實際使用版_v3.1.md#sections=4,5,8,9,10,11,12",contiguous-window comparison returns False for the sole public example,taxonomy_v31_batch04_provisional_v1_static_adjudicator,2026-07-22T00:00:00+08:00,roster order fixed before adjudication; no planning signal promoted to layer or Healer disposition
6,ab3b1362ab61c4d85830ef0b6f01d188598ea0266bfff4af42e9033ec03baaef,8f2e043d3ef8a94ec9db97c703ff778ec9a46582d481a979e5cf806434f470fc,2cabf126d33108173ed3369c6a89006e41d9773560104bdc2d6c52f98e3581e1,Mbpp/622,22,ae43da2242c16938a41d5c0f5b141bc22c02f0dcf9f515938def40d818a7c95e,Candidate_B/H0,PROVISIONALLY_ADJUDICATED,ADJUDICATED,L5,,"[{""note"":""n%2!=0 path uses merged[n//2] rather than (merged[n-1]+merged[n])/2"",""strength"":""CONFIRMED"",""tag"":""incorrect_formula""},{""note"":""median of two same-size sorted lists is mis-indexed on the public example"",""strength"":""CONFIRMED"",""tag"":""algorithmic_error""}]",parseable required entry point and output shape → public contract statically contradicted → primary=L5 → algorithm/semantics repair required → healer=abstain,HIGH,VALID_MODEL_OUTCOME,abstain,Repair changes task semantics or algorithm and is not a unique local oracle-independent transformation.,,semantic_or_evidence_closure_not_safe_for_deterministic_healer,,"merged=[1,2,12,13,15,17,26,30,38,45]; public assert requires (15+17)/2=16.0",no evidence gap required for provisional layer closure,additional hidden-case defects may coexist but do not displace the public static violation,odd-n branch selects a single interior element although two equal-length sorted lists always have even combined length,,""""""" Write a function to find the median of two sorted lists of same size. assert get_median([1, 12, 15, 26, 38], [2, 13, 17, 30, 45], 5) == 16.0 """"""","artifacts/public_benchmark_governance/candidate_b_r003_taxonomy_v31_remaining41_batch04_20cell_roster_v1/batch04_roster.csv#program_id=8f2e043d3ef8a94ec9db97c703ff778ec9a46582d481a979e5cf806434f470fc;artifacts/public_benchmark_development/mbpp_candidate_b_development60/runs/mbpp_q35_9b_candidate_b_development60_replay_r003/h0_h1_accounts.jsonl#program_id=8f2e043d3ef8a94ec9db97c703ff778ec9a46582d481a979e5cf806434f470fc;healer_account=H0;data/mbpp_plus/tasks.jsonl#task_id=Mbpp/622;artifacts/public_benchmark_governance/candidate_b_r003_h0_h1_evalplus_v1/manual_evalplus_run_001/evalplus_results.csv#program_id=8f2e043d3ef8a94ec9db97c703ff778ec9a46582d481a979e5cf806434f470fc;healer_account=H0;artifacts/public_benchmark_governance/candidate_b_r003_taxonomy_v3_formal_classification_preparation_v1/classification_preparation.csv#cell_identity_sha256=ab3b1362ab61c4d85830ef0b6f01d188598ea0266bfff4af42e9033ec03baaef;C:/Users/yehya/Downloads/AI_生成程式共同失敗分類標準_實際使用版_v3.1.md#sections=4,5,8,9,10,11,12",for public n=5 (odd) returns merged[n//2]=12 instead of average of middle pair 16.0,taxonomy_v31_batch04_provisional_v1_static_adjudicator,2026-07-22T00:00:00+08:00,roster order fixed before adjudication; no planning signal promoted to layer or Healer disposition
7,35b12710bfad9bfa5a5ea8abdb9c91e900953b4200d7a37d1b8671062725406d,988e14a3191e7bc858a23195cd2356a37acd3408f288a68fe062cc838aa4d738,e620cba770bcd2fb047bc27efae8eed206cb95f8f0a5e89631dd65d5fbda3d34,Mbpp/427,44,980f91ef443ecc090871f4ca238f1987b1e71219d9b687ad55e57e3d902007b3,Candidate_B/H0,PROVISIONALLY_ADJUDICATED,ADJUDICATED,UNRESOLVED,,"[{""note"":""preserved public example is satisfied by static derivation"",""strength"":""CONFIRMED"",""tag"":""public_examples_non_discriminating""},{""note"":""existing plus status is fail but its first failing input is not preserved here"",""strength"":""CONFIRMED"",""tag"":""plus_failure_not_localized""},{""note"":""a new observation would be required to distinguish remaining explanations"",""strength"":""SUPPORTED"",""tag"":""diagnostic_execution_required""}]",parseable required entry point → public example satisfied statically → existing base pass/plus fail not localized → primary=UNRESOLVED → healer=abstain,LOW,VALID_MODEL_OUTCOME,abstain,Root layer and unique safe repair are not closed.,,semantic_or_evidence_closure_not_safe_for_deterministic_healer,public_example_satisfied_plus_failure_not_localized,required entry point and string reshape present; public example and base tests pass; plus fails,first failing plus date string and policy for malformed/non-yyyy-mm-dd inputs,"failure may concern malformed separators, component width, or another evaluator-domain convention",review completed but current static evidence does not close one L0-L5 root layer,capture the first existing failing plus date string and return without applying a repair,""""""" Write a function to convert a date of yyyy-mm-dd format to dd-mm-yyyy format. assert change_date_format(""2026-01-02"") == '02-01-2026' """"""","artifacts/public_benchmark_governance/candidate_b_r003_taxonomy_v31_remaining41_batch04_20cell_roster_v1/batch04_roster.csv#program_id=988e14a3191e7bc858a23195cd2356a37acd3408f288a68fe062cc838aa4d738;artifacts/public_benchmark_development/mbpp_candidate_b_development60/runs/mbpp_q35_9b_candidate_b_development60_replay_r003/h0_h1_accounts.jsonl#program_id=988e14a3191e7bc858a23195cd2356a37acd3408f288a68fe062cc838aa4d738;healer_account=H0;data/mbpp_plus/tasks.jsonl#task_id=Mbpp/427;artifacts/public_benchmark_governance/candidate_b_r003_h0_h1_evalplus_v1/manual_evalplus_run_001/evalplus_results.csv#program_id=988e14a3191e7bc858a23195cd2356a37acd3408f288a68fe062cc838aa4d738;healer_account=H0;artifacts/public_benchmark_governance/candidate_b_r003_taxonomy_v3_formal_classification_preparation_v1/classification_preparation.csv#cell_identity_sha256=35b12710bfad9bfa5a5ea8abdb9c91e900953b4200d7a37d1b8671062725406d;C:/Users/yehya/Downloads/AI_生成程式共同失敗分類標準_實際使用版_v3.1.md#sections=4,5,8,9,10,11,12",split-and-reorder statically yields '02-01-2026' for public '2026-01-02',taxonomy_v31_batch04_provisional_v1_static_adjudicator,2026-07-22T00:00:00+08:00,roster order fixed before adjudication; no planning signal promoted to layer or Healer disposition
8,9f19842ed34c05829437885dfb23561a4fda71695b5f5c8c1534ccc1928ee182,9ad0aec70e9293ceb0bd48dd62d61cd09be24b487b3158726bf9b037a4c72d20,0bf3841b521e73bf38c8d932108b3f2bbd2598b9a557d4c021ccc680fa781fea,Mbpp/633,44,11f8cd859618dd283e5e5021045c23ddbad887b18ea0e62aa21a2309b0d8e9aa,Candidate_B/H0,PROVISIONALLY_ADJUDICATED,ADJUDICATED,L5,,"[{""note"":""pair XOR results are XOR-folded instead of summed"",""strength"":""CONFIRMED"",""tag"":""algorithmic_error""},{""note"":""k is used as a sliding window bound rather than an explicit pair-domain size"",""strength"":""SUPPORTED"",""tag"":""wrong_parameter_semantics""},{""note"":""window restriction may omit required pairs on non-public inputs"",""strength"":""SUSPECTED"",""tag"":""incorrect_pair_domain""}]",parseable required entry point and output shape → public contract statically contradicted → primary=L5 → algorithm/semantics repair required → healer=abstain,HIGH,VALID_MODEL_OUTCOME,abstain,Repair changes task semantics or algorithm and is not a unique local oracle-independent transformation.,,semantic_or_evidence_closure_not_safe_for_deterministic_healer,,"public assert pair_xor_Sum([5,9,7,6],4)==47; all six pair XORs sum to 47 while source XOR-folds them to 13",no evidence gap required for provisional layer closure,additional hidden-case defects may coexist but do not displace the public static violation,pair-XOR aggregation implements XOR-fold rather than summation required by the public contract,,""""""" Write a python function to find the sum of xor of all pairs of numbers in the given list. assert pair_xor_Sum([5,9,7,6],4) == 47 """"""","artifacts/public_benchmark_governance/candidate_b_r003_taxonomy_v31_remaining41_batch04_20cell_roster_v1/batch04_roster.csv#program_id=9ad0aec70e9293ceb0bd48dd62d61cd09be24b487b3158726bf9b037a4c72d20;artifacts/public_benchmark_development/mbpp_candidate_b_development60/runs/mbpp_q35_9b_candidate_b_development60_replay_r003/h0_h1_accounts.jsonl#program_id=9ad0aec70e9293ceb0bd48dd62d61cd09be24b487b3158726bf9b037a4c72d20;healer_account=H0;data/mbpp_plus/tasks.jsonl#task_id=Mbpp/633;artifacts/public_benchmark_governance/candidate_b_r003_h0_h1_evalplus_v1/manual_evalplus_run_001/evalplus_results.csv#program_id=9ad0aec70e9293ceb0bd48dd62d61cd09be24b487b3158726bf9b037a4c72d20;healer_account=H0;artifacts/public_benchmark_governance/candidate_b_r003_taxonomy_v3_formal_classification_preparation_v1/classification_preparation.csv#cell_identity_sha256=9f19842ed34c05829437885dfb23561a4fda71695b5f5c8c1534ccc1928ee182;C:/Users/yehya/Downloads/AI_生成程式共同失敗分類標準_實際使用版_v3.1.md#sections=4,5,8,9,10,11,12","pair XOR values are aggregated with ^= yielding 13, not the required sum 47",taxonomy_v31_batch04_provisional_v1_static_adjudicator,2026-07-22T00:00:00+08:00,roster order fixed before adjudication; no planning signal promoted to layer or Healer disposition
9,843c0bc687467ac48c49abce0adca2ceafd1d7794bc16ff79052f1c9d3fc515b,9cecbec0d7bbabf0c9111cd5a25e8a8bf100bd34a82e191b68129e9bbef557a3,836fcfdf6d445da2563a21a147687e11df7eac6ae4f9fffd26710f42d632f976,Mbpp/620,44,272e426eafdbe3dbeaa178806cbad144e6f23d5a8ec4d8d3495b89f6b6d32e8a,Candidate_B/H0,PROVISIONALLY_ADJUDICATED,ADJUDICATED,UNRESOLVED,,"[{""note"":""preserved public example is satisfied by static derivation"",""strength"":""CONFIRMED"",""tag"":""public_examples_non_discriminating""},{""note"":""existing plus status is fail but its first failing input is not preserved here"",""strength"":""CONFIRMED"",""tag"":""plus_failure_not_localized""},{""note"":""a new observation would be required to distinguish remaining explanations"",""strength"":""SUPPORTED"",""tag"":""diagnostic_execution_required""}]",parseable required entry point → public example satisfied statically → existing base pass/plus fail not localized → primary=UNRESOLVED → healer=abstain,LOW,VALID_MODEL_OUTCOME,abstain,Root layer and unique safe repair are not closed.,,semantic_or_evidence_closure_not_safe_for_deterministic_healer,public_example_satisfied_plus_failure_not_localized,required entry point and int scalar present; public example and base tests pass; plus fails,first failing plus list and intended policy for zeros/negatives/duplicates,"an undisclosed edge-case, divisibility convention, or evaluator-domain rule remains possible",review completed but current static evidence does not close one L0-L5 root layer,capture the first existing failing plus list and return without applying a repair,""""""" Write a function to find the size of the largest subset of a list of numbers so that every pair is divisible. assert largest_subset([ 1, 3, 6, 13, 17, 18 ]) == 4 """"""","artifacts/public_benchmark_governance/candidate_b_r003_taxonomy_v31_remaining41_batch04_20cell_roster_v1/batch04_roster.csv#program_id=9cecbec0d7bbabf0c9111cd5a25e8a8bf100bd34a82e191b68129e9bbef557a3;artifacts/public_benchmark_development/mbpp_candidate_b_development60/runs/mbpp_q35_9b_candidate_b_development60_replay_r003/h0_h1_accounts.jsonl#program_id=9cecbec0d7bbabf0c9111cd5a25e8a8bf100bd34a82e191b68129e9bbef557a3;healer_account=H0;data/mbpp_plus/tasks.jsonl#task_id=Mbpp/620;artifacts/public_benchmark_governance/candidate_b_r003_h0_h1_evalplus_v1/manual_evalplus_run_001/evalplus_results.csv#program_id=9cecbec0d7bbabf0c9111cd5a25e8a8bf100bd34a82e191b68129e9bbef557a3;healer_account=H0;artifacts/public_benchmark_governance/candidate_b_r003_taxonomy_v3_formal_classification_preparation_v1/classification_preparation.csv#cell_identity_sha256=843c0bc687467ac48c49abce0adca2ceafd1d7794bc16ff79052f1c9d3fc515b;C:/Users/yehya/Downloads/AI_生成程式共同失敗分類標準_實際使用版_v3.1.md#sections=4,5,8,9,10,11,12",sorted unique DP divisibility chain statically attains size 4 on the public list,taxonomy_v31_batch04_provisional_v1_static_adjudicator,2026-07-22T00:00:00+08:00,roster order fixed before adjudication; no planning signal promoted to layer or Healer disposition
10,f990caa97fc4b1447cfa35646de2dcce481e8f847e51c9507abd8c0b9adf4cf5,9dbe9166f6ac22cedfafb269276c88ee25a37cf84044e736f7be00d8089464ba,cb1af19e1fa01ea4684aabac3b4308abf204e5baaffe3a2b92e515ef1a02326b,Mbpp/777,22,2bd3c65cc097133d799a95e6270abe507512c4da91c3781ae9a7b4a4e28db0d5,Candidate_B/H0,PROVISIONALLY_ADJUDICATED,ADJUDICATED,L5,,"[{""note"":""candidate includes only global-frequency-one values; public result requires each distinct value once"",""strength"":""CONFIRMED"",""tag"":""frequency_one_instead_of_distinct_value""},{""note"":""non-repeated was interpreted as frequency exactly one"",""strength"":""CONFIRMED"",""tag"":""semantic_goal_drift""}]",parseable required entry point and output shape → public contract statically contradicted → primary=L5 → algorithm/semantics repair required → healer=abstain,HIGH,VALID_MODEL_OUTCOME,abstain,Repair changes task semantics or algorithm and is not a unique local oracle-independent transformation.,,semantic_or_evidence_closure_not_safe_for_deterministic_healer,,"public assertion requires each distinct value once, including repeated value 1",no evidence gap required for provisional layer closure,additional hidden-case defects may coexist but do not displace the public static violation,candidate implements occurrence-count-one rather than deduplicated-value semantics,,""""""" Write a python function to find the sum of non-repeated elements in a given list. assert find_sum([1,2,3,1,1,4,5,6]) == 21 """"""","artifacts/public_benchmark_governance/candidate_b_r003_taxonomy_v31_remaining41_batch04_20cell_roster_v1/batch04_roster.csv#program_id=9dbe9166f6ac22cedfafb269276c88ee25a37cf84044e736f7be00d8089464ba;artifacts/public_benchmark_development/mbpp_candidate_b_development60/runs/mbpp_q35_9b_candidate_b_development60_replay_r003/h0_h1_accounts.jsonl#program_id=9dbe9166f6ac22cedfafb269276c88ee25a37cf84044e736f7be00d8089464ba;healer_account=H0;data/mbpp_plus/tasks.jsonl#task_id=Mbpp/777;artifacts/public_benchmark_governance/candidate_b_r003_h0_h1_evalplus_v1/manual_evalplus_run_001/evalplus_results.csv#program_id=9dbe9166f6ac22cedfafb269276c88ee25a37cf84044e736f7be00d8089464ba;healer_account=H0;artifacts/public_benchmark_governance/candidate_b_r003_taxonomy_v3_formal_classification_preparation_v1/classification_preparation.csv#cell_identity_sha256=f990caa97fc4b1447cfa35646de2dcce481e8f847e51c9507abd8c0b9adf4cf5;C:/Users/yehya/Downloads/AI_生成程式共同失敗分類標準_實際使用版_v3.1.md#sections=4,5,8,9,10,11,12","Counter filter excludes every repeated 1 and statically sums 2+3+4+5+6=20, not public 21",taxonomy_v31_batch04_provisional_v1_static_adjudicator,2026-07-22T00:00:00+08:00,roster order fixed before adjudication; no planning signal promoted to layer or Healer disposition
11,1df0c8bb6adddd65adb92e94fd9d23b782f6cb26d5bffb6a4df978c96084a9d9,a63f9d97cba10e46cb00cd363e9f3de9cec93661af43258ddfd7f9deda1dae91,ae6c09a25f6362175124006d4d507dc906c10e2c73d4e38ef11e338b56ead6e8,Mbpp/287,11,5652babbb5e65456dab681f6c0c704a0481e1b1b55a6b7e6ca9b13b2ca5112b2,Candidate_B/H0,PROVISIONALLY_ADJUDICATED,ADJUDICATED,UNRESOLVED,,"[{""note"":""preserved public example is satisfied by static derivation"",""strength"":""CONFIRMED"",""tag"":""public_examples_non_discriminating""},{""note"":""existing plus status is fail but its first failing input is not preserved here"",""strength"":""CONFIRMED"",""tag"":""plus_failure_not_localized""},{""note"":""a new observation would be required to distinguish remaining explanations"",""strength"":""SUPPORTED"",""tag"":""diagnostic_execution_required""}]",parseable required entry point → public example satisfied statically → existing base pass/plus fail not localized → primary=UNRESOLVED → healer=abstain,LOW,VALID_MODEL_OUTCOME,abstain,Root layer and unique safe repair are not closed.,,semantic_or_evidence_closure_not_safe_for_deterministic_healer,public_example_satisfied_plus_failure_not_localized,required entry point and scalar return are present; public n=2 example is satisfied; base=pass/plus=fail,first failing plus input and the applicable non-positive/large-n boundary,"an undisclosed boundary, resource case, or evaluator-domain convention remains possible",review completed but current static evidence does not close one L0-L5 root layer,capture the first existing failing plus input and return/exception without applying a repair,""""""" Write a python function takes in an integer n and returns the sum of squares of first n even natural numbers. assert square_Sum(2) == 20 """"""","artifacts/public_benchmark_governance/candidate_b_r003_taxonomy_v31_remaining41_batch04_20cell_roster_v1/batch04_roster.csv#program_id=a63f9d97cba10e46cb00cd363e9f3de9cec93661af43258ddfd7f9deda1dae91;artifacts/public_benchmark_development/mbpp_candidate_b_development60/runs/mbpp_q35_9b_candidate_b_development60_replay_r003/h0_h1_accounts.jsonl#program_id=a63f9d97cba10e46cb00cd363e9f3de9cec93661af43258ddfd7f9deda1dae91;healer_account=H0;data/mbpp_plus/tasks.jsonl#task_id=Mbpp/287;artifacts/public_benchmark_governance/candidate_b_r003_h0_h1_evalplus_v1/manual_evalplus_run_001/evalplus_results.csv#program_id=a63f9d97cba10e46cb00cd363e9f3de9cec93661af43258ddfd7f9deda1dae91;healer_account=H0;artifacts/public_benchmark_governance/candidate_b_r003_taxonomy_v3_formal_classification_preparation_v1/classification_preparation.csv#cell_identity_sha256=1df0c8bb6adddd65adb92e94fd9d23b782f6cb26d5bffb6a4df978c96084a9d9;C:/Users/yehya/Downloads/AI_生成程式共同失敗分類標準_實際使用版_v3.1.md#sections=4,5,8,9,10,11,12",loop sums (2i)^2 for i=1..n and statically yields 20 at n=2,taxonomy_v31_batch04_provisional_v1_static_adjudicator,2026-07-22T00:00:00+08:00,roster order fixed before adjudication; no planning signal promoted to layer or Healer disposition
12,63b84dfb1236589e70f8844624f69f6a0f0e9ae50419969ae400cd9ef8f14b21,a6a4398773853bd405ef18d191a8182c599b3467aabc2b417f070a11fc93044b,33d72f31564d3871f89a913a9c97c8b1c6a859511ba048de77018a77b86ce99b,Mbpp/576,33,35520ce62a6f6847970c2150fae11f3d3571f3a52eec488bd2715b005e508803,Candidate_B/H0,PROVISIONALLY_ADJUDICATED,ADJUDICATED,UNRESOLVED,,"[{""note"":""preserved public example is satisfied by static derivation"",""strength"":""CONFIRMED"",""tag"":""public_examples_non_discriminating""},{""note"":""existing plus status is fail but its first failing input is not preserved here"",""strength"":""CONFIRMED"",""tag"":""plus_failure_not_localized""},{""note"":""a new observation would be required to distinguish remaining explanations"",""strength"":""SUPPORTED"",""tag"":""diagnostic_execution_required""},{""note"":""public text does not discriminate sublist semantics"",""strength"":""SUSPECTED"",""tag"":""sublist_semantics_ambiguous""}]",parseable required entry point → public example satisfied statically → existing base pass/plus fail not localized → primary=UNRESOLVED → healer=abstain,LOW,VALID_MODEL_OUTCOME,abstain,Root layer and unique safe repair are not closed.,,semantic_or_evidence_closure_not_safe_for_deterministic_healer,public_example_satisfied_plus_failure_not_localized,parseable required entry point; public example and base tests pass; plus fails; identical source_sha256 to rank 5,"whether sublist means contiguous slice or ordered/noncontiguous containment, and the first failing plus case",contiguous and noncontiguous interpretations remain compatible with the public False example,review completed but current static evidence does not close one L0-L5 root layer,capture the first existing failing plus lists and return without applying a repair,""""""" Write a python function to check whether a list is sublist of another or not. assert is_Sub_Array([1,4,3,5],[1,2]) == False """"""","artifacts/public_benchmark_governance/candidate_b_r003_taxonomy_v31_remaining41_batch04_20cell_roster_v1/batch04_roster.csv#program_id=a6a4398773853bd405ef18d191a8182c599b3467aabc2b417f070a11fc93044b;artifacts/public_benchmark_development/mbpp_candidate_b_development60/runs/mbpp_q35_9b_candidate_b_development60_replay_r003/h0_h1_accounts.jsonl#program_id=a6a4398773853bd405ef18d191a8182c599b3467aabc2b417f070a11fc93044b;healer_account=H0;data/mbpp_plus/tasks.jsonl#task_id=Mbpp/576;artifacts/public_benchmark_governance/candidate_b_r003_h0_h1_evalplus_v1/manual_evalplus_run_001/evalplus_results.csv#program_id=a6a4398773853bd405ef18d191a8182c599b3467aabc2b417f070a11fc93044b;healer_account=H0;artifacts/public_benchmark_governance/candidate_b_r003_taxonomy_v3_formal_classification_preparation_v1/classification_preparation.csv#cell_identity_sha256=63b84dfb1236589e70f8844624f69f6a0f0e9ae50419969ae400cd9ef8f14b21;C:/Users/yehya/Downloads/AI_生成程式共同失敗分類標準_實際使用版_v3.1.md#sections=4,5,8,9,10,11,12",contiguous-window comparison returns False for the sole public example,taxonomy_v31_batch04_provisional_v1_static_adjudicator,2026-07-22T00:00:00+08:00,roster order fixed before adjudication; no planning signal promoted to layer or Healer disposition
13,0a0200ca0a5c129ac66741f4d1539a09c128327f1db6d24926fc7cee43d0fb24,a6b26635210ce9147ed93f1b67d5770d814ac10f06a4819332de022287d457a8,4c96bec37a7b887ab6b25f6083598a27fc0ab5b2b6a8a04b794ace9247bc93f5,Mbpp/786,55,5ddb7edb35e1e6af988f69728e2f0af79f65266dbc4dca9d21a216d78762f88c,Candidate_B/H0,PROVISIONALLY_ADJUDICATED,ADJUDICATED,L5,,"[{""note"":""equality is routed left"",""strength"":""CONFIRMED"",""tag"":""wrong_boundary_condition""},{""note"":""equal runs are not skipped to the right"",""strength"":""CONFIRMED"",""tag"":""duplicate_value_semantics""}]",parseable required entry point and output shape → public contract statically contradicted → primary=L5 → algorithm/semantics repair required → healer=abstain,HIGH,VALID_MODEL_OUTCOME,abstain,Repair changes task semantics or algorithm and is not a unique local oracle-independent transformation.,,semantic_or_evidence_closure_not_safe_for_deterministic_healer,,task explicitly requests the right insertion point; the public greater-than-all case is nondiscriminating,no evidence gap required for provisional layer closure,additional hidden-case defects may coexist but do not displace the public static violation,strict comparison implements lower-bound rather than right-bound semantics,,""""""" Write a function to locate the right insertion point for a specified value in sorted order. assert right_insertion([1,2,4,5],6)==4 """"""","artifacts/public_benchmark_governance/candidate_b_r003_taxonomy_v31_remaining41_batch04_20cell_roster_v1/batch04_roster.csv#program_id=a6b26635210ce9147ed93f1b67d5770d814ac10f06a4819332de022287d457a8;artifacts/public_benchmark_development/mbpp_candidate_b_development60/runs/mbpp_q35_9b_candidate_b_development60_replay_r003/h0_h1_accounts.jsonl#program_id=a6b26635210ce9147ed93f1b67d5770d814ac10f06a4819332de022287d457a8;healer_account=H0;data/mbpp_plus/tasks.jsonl#task_id=Mbpp/786;artifacts/public_benchmark_governance/candidate_b_r003_h0_h1_evalplus_v1/manual_evalplus_run_001/evalplus_results.csv#program_id=a6b26635210ce9147ed93f1b67d5770d814ac10f06a4819332de022287d457a8;healer_account=H0;artifacts/public_benchmark_governance/candidate_b_r003_taxonomy_v3_formal_classification_preparation_v1/classification_preparation.csv#cell_identity_sha256=0a0200ca0a5c129ac66741f4d1539a09c128327f1db6d24926fc7cee43d0fb24;C:/Users/yehya/Downloads/AI_生成程式共同失敗分類標準_實際使用版_v3.1.md#sections=4,5,8,9,10,11,12",binary search advances only on arr[mid] < value and therefore computes left insertion at equality,taxonomy_v31_batch04_provisional_v1_static_adjudicator,2026-07-22T00:00:00+08:00,roster order fixed before adjudication; no planning signal promoted to layer or Healer disposition
14,cc5968165ae1f3b1203b4b1e26a86e9747e1c27f1520d4dbc521458644ab2560,a6f3b32f10e03fb5ebe7025f863b1bff932bf5459b3d9aae070a3497d37ed62a,375577b78614df12d4d2d234df1242cdd765157a3899a860380824d84bfb7e45,Mbpp/119,22,3084416fa6c5f8ac9e8cf51d2d4805db9b4da2df88d5efb979855d277af09119,Candidate_B/H0,PROVISIONALLY_ADJUDICATED,ADJUDICATED,L4,L5,"[{""note"":""binary-search loop body is pass and never advances left/right"",""strength"":""CONFIRMED"",""tag"":""nontermination""},{""note"":""intended pair-index updates are absent"",""strength"":""CONFIRMED"",""tag"":""control_flow_failure""},{""note"":""unique-element search algorithm was not implemented"",""strength"":""SUPPORTED"",""tag"":""algorithm_reconstruction_required""}]",parseable required entry point → nonterminating control flow → primary=L4; secondary=L5 → algorithm reconstruction required → healer=abstain,HIGH,VALID_MODEL_OUTCOME,abstain,Repair requires implementing the missing search algorithm and is not a unique local oracle-independent transformation.,,semantic_or_evidence_closure_not_safe_for_deterministic_healer,,static control-flow shows nontermination for any len>1; prep records WorkerProcessExit/not_run consistent with kill-on-timeout,no evidence gap required for provisional layer closure,additional hidden-case defects may coexist but do not displace the public static violation,"parseable required entry point exists but the search loop never updates bounds, so execution cannot complete",,""""""" Write a python function to find the element that appears only once in a sorted array. assert search([1,1,2,2,3]) == 3 """"""","artifacts/public_benchmark_governance/candidate_b_r003_taxonomy_v31_remaining41_batch04_20cell_roster_v1/batch04_roster.csv#program_id=a6f3b32f10e03fb5ebe7025f863b1bff932bf5459b3d9aae070a3497d37ed62a;artifacts/public_benchmark_development/mbpp_candidate_b_development60/runs/mbpp_q35_9b_candidate_b_development60_replay_r003/h0_h1_accounts.jsonl#program_id=a6f3b32f10e03fb5ebe7025f863b1bff932bf5459b3d9aae070a3497d37ed62a;healer_account=H0;data/mbpp_plus/tasks.jsonl#task_id=Mbpp/119;artifacts/public_benchmark_governance/candidate_b_r003_h0_h1_evalplus_v1/manual_evalplus_run_001/evalplus_results.csv#program_id=a6f3b32f10e03fb5ebe7025f863b1bff932bf5459b3d9aae070a3497d37ed62a;healer_account=H0;artifacts/public_benchmark_governance/candidate_b_r003_taxonomy_v3_formal_classification_preparation_v1/classification_preparation.csv#cell_identity_sha256=cc5968165ae1f3b1203b4b1e26a86e9747e1c27f1520d4dbc521458644ab2560;C:/Users/yehya/Downloads/AI_生成程式共同失敗分類標準_實際使用版_v3.1.md#sections=4,5,8,9,10,11,12","while left < right body is only comments/pass so left/right never move on public [1,1,2,2,3]",taxonomy_v31_batch04_provisional_v1_static_adjudicator,2026-07-22T00:00:00+08:00,roster order fixed before adjudication; no planning signal promoted to layer or Healer disposition
15,39b7ff9ca018f42ade578c6f5da42b4320ed73a0588ccd00c37407313cacd616,b63e3c913c74a74a79cca769520da9b92a2d6bcb640882d2df8a189812e67ef6,7f61b30cfdadcfc365c6cf6daaa79170942e69f2f3c1dabf2d87ae549cdedefe,Mbpp/410,11,e03f2c7f48666b3f14c1d527cbae2b3ac85a19471d2fe167d6c916017ef2344d,Candidate_B/H0,PROVISIONALLY_ADJUDICATED,ADJUDICATED,UNRESOLVED,,"[{""note"":""preserved public example is satisfied by static derivation"",""strength"":""CONFIRMED"",""tag"":""public_examples_non_discriminating""},{""note"":""existing plus status is fail but its first failing input is not preserved here"",""strength"":""CONFIRMED"",""tag"":""plus_failure_not_localized""},{""note"":""a new observation would be required to distinguish remaining explanations"",""strength"":""SUPPORTED"",""tag"":""diagnostic_execution_required""}]",parseable required entry point → public example satisfied statically → existing base pass/plus fail not localized → primary=UNRESOLVED → healer=abstain,LOW,VALID_MODEL_OUTCOME,abstain,Root layer and unique safe repair are not closed.,,semantic_or_evidence_closure_not_safe_for_deterministic_healer,public_example_satisfied_plus_failure_not_localized,required entry point present; public example and base tests pass; plus fails,first failing plus list and policy for bools/empty-numeric/non-real numerics,"bool-as-int inclusion, empty numeric min, or another heterogeneous ordering rule remain possible",review completed but current static evidence does not close one L0-L5 root layer,capture the first existing failing plus list and return/exception without applying a repair,""""""" Write a function to find the minimum value in a given heterogeneous list. assert min_val(['Python', 3, 2, 4, 5, 'version'])==2 """"""","artifacts/public_benchmark_governance/candidate_b_r003_taxonomy_v31_remaining41_batch04_20cell_roster_v1/batch04_roster.csv#program_id=b63e3c913c74a74a79cca769520da9b92a2d6bcb640882d2df8a189812e67ef6;artifacts/public_benchmark_development/mbpp_candidate_b_development60/runs/mbpp_q35_9b_candidate_b_development60_replay_r003/h0_h1_accounts.jsonl#program_id=b63e3c913c74a74a79cca769520da9b92a2d6bcb640882d2df8a189812e67ef6;healer_account=H0;data/mbpp_plus/tasks.jsonl#task_id=Mbpp/410;artifacts/public_benchmark_governance/candidate_b_r003_h0_h1_evalplus_v1/manual_evalplus_run_001/evalplus_results.csv#program_id=b63e3c913c74a74a79cca769520da9b92a2d6bcb640882d2df8a189812e67ef6;healer_account=H0;artifacts/public_benchmark_governance/candidate_b_r003_taxonomy_v3_formal_classification_preparation_v1/classification_preparation.csv#cell_identity_sha256=39b7ff9ca018f42ade578c6f5da42b4320ed73a0588ccd00c37407313cacd616;C:/Users/yehya/Downloads/AI_生成程式共同失敗分類標準_實際使用版_v3.1.md#sections=4,5,8,9,10,11,12",numeric filter then min statically yields 2 on the public heterogeneous list,taxonomy_v31_batch04_provisional_v1_static_adjudicator,2026-07-22T00:00:00+08:00,roster order fixed before adjudication; no planning signal promoted to layer or Healer disposition
16,aa7fe1e9d2b221dbfdd356772ce9c454cb22c0d44d9881029fc4d1587f28a1de,b677e7ee4faca0108c29317a74d6acd3c5f699de647fe062c61ad5efc6dbb2e5,3be5279fad8d88ccd74c20a43ade6ea38016287d64772325a78e524f4ae9e798,Mbpp/748,22,4d10568b777bd459ba84b93d0968e12257622ddfc57fbefb89565dfd56bcd4d7,Candidate_B/H0,PROVISIONALLY_ADJUDICATED,ADJUDICATED,L5,,"[{""note"":""space branch does not also append the current character"",""strength"":""CONFIRMED"",""tag"":""control_flow_failure""},{""note"":""camel-case capitals are deleted rather than spaced"",""strength"":""CONFIRMED"",""tag"":""capital_boundary_detection_error""},{""note"":""spacing transformation destroys letters instead of separating words"",""strength"":""SUPPORTED"",""tag"":""semantic_goal_drift""}]",parseable required entry point and output shape → public contract statically contradicted → primary=L5 → algorithm/semantics repair required → healer=abstain,HIGH,VALID_MODEL_OUTCOME,abstain,Repair changes task semantics or algorithm and is not a unique local oracle-independent transformation.,,semantic_or_evidence_closure_not_safe_for_deterministic_healer,,task requires spaces between capital-started words; source drops the boundary character whenever a space is inserted,no evidence gap required for provisional layer closure,additional hidden-case defects may coexist but do not displace the public static violation,"string assembly omits capitals on word splits, contradicting the capital-word spacing contract",,""""""" Write a function to put spaces between words starting with capital letters in a given string. assert capital_words_spaces(""Python"") == 'Python' """"""","artifacts/public_benchmark_governance/candidate_b_r003_taxonomy_v31_remaining41_batch04_20cell_roster_v1/batch04_roster.csv#program_id=b677e7ee4faca0108c29317a74d6acd3c5f699de647fe062c61ad5efc6dbb2e5;artifacts/public_benchmark_development/mbpp_candidate_b_development60/runs/mbpp_q35_9b_candidate_b_development60_replay_r003/h0_h1_accounts.jsonl#program_id=b677e7ee4faca0108c29317a74d6acd3c5f699de647fe062c61ad5efc6dbb2e5;healer_account=H0;data/mbpp_plus/tasks.jsonl#task_id=Mbpp/748;artifacts/public_benchmark_governance/candidate_b_r003_h0_h1_evalplus_v1/manual_evalplus_run_001/evalplus_results.csv#program_id=b677e7ee4faca0108c29317a74d6acd3c5f699de647fe062c61ad5efc6dbb2e5;healer_account=H0;artifacts/public_benchmark_governance/candidate_b_r003_taxonomy_v3_formal_classification_preparation_v1/classification_preparation.csv#cell_identity_sha256=aa7fe1e9d2b221dbfdd356772ce9c454cb22c0d44d9881029fc4d1587f28a1de;C:/Users/yehya/Downloads/AI_生成程式共同失敗分類標準_實際使用版_v3.1.md#sections=4,5,8,9,10,11,12","space-insertion branch appends only ' ' and omits the current capital, e.g. HelloWorld->'Hello orld'",taxonomy_v31_batch04_provisional_v1_static_adjudicator,2026-07-22T00:00:00+08:00,roster order fixed before adjudication; no planning signal promoted to layer or Healer disposition
17,6ab47cd5276f3de2583496c8dcb360bc024c116fee3c51084e12955f82978e4e,b977ada54f0a13704e4e0f3507761d860242d6b745c9d9f44e0750c972d28e2c,5d42e07b73cd94f1566f80d4c314ba907073729b2db4e850e167eb184853b68d,Mbpp/99,44,17cea48e18c5bbe4fa439c7b4872815515f35f9f8467186d7e1757cba8a4f97f,Candidate_B/H0,PROVISIONALLY_ADJUDICATED,ADJUDICATED,UNRESOLVED,,"[{""note"":""preserved public example is satisfied by static derivation"",""strength"":""CONFIRMED"",""tag"":""public_examples_non_discriminating""},{""note"":""existing plus status is fail but its first failing input is not preserved here"",""strength"":""CONFIRMED"",""tag"":""plus_failure_not_localized""},{""note"":""a new observation would be required to distinguish remaining explanations"",""strength"":""SUPPORTED"",""tag"":""diagnostic_execution_required""}]",parseable required entry point → public example satisfied statically → existing base pass/plus fail not localized → primary=UNRESOLVED → healer=abstain,LOW,VALID_MODEL_OUTCOME,abstain,Root layer and unique safe repair are not closed.,,semantic_or_evidence_closure_not_safe_for_deterministic_healer,public_example_satisfied_plus_failure_not_localized,required entry point and string shape present; public example and base tests pass; plus fails,intended domain for negative/non-integer inputs and first failing plus behavior,"signed input policy, zero formatting already handled, or another evaluator-domain rule remains possible",review completed but current static evidence does not close one L0-L5 root layer,capture the first existing failing plus integer and return without applying a repair,""""""" Write a function to convert the given decimal number to its binary equivalent, represented as a string with no leading zeros. assert decimal_to_binary(8) == '1000' """"""","artifacts/public_benchmark_governance/candidate_b_r003_taxonomy_v31_remaining41_batch04_20cell_roster_v1/batch04_roster.csv#program_id=b977ada54f0a13704e4e0f3507761d860242d6b745c9d9f44e0750c972d28e2c;artifacts/public_benchmark_development/mbpp_candidate_b_development60/runs/mbpp_q35_9b_candidate_b_development60_replay_r003/h0_h1_accounts.jsonl#program_id=b977ada54f0a13704e4e0f3507761d860242d6b745c9d9f44e0750c972d28e2c;healer_account=H0;data/mbpp_plus/tasks.jsonl#task_id=Mbpp/99;artifacts/public_benchmark_governance/candidate_b_r003_h0_h1_evalplus_v1/manual_evalplus_run_001/evalplus_results.csv#program_id=b977ada54f0a13704e4e0f3507761d860242d6b745c9d9f44e0750c972d28e2c;healer_account=H0;artifacts/public_benchmark_governance/candidate_b_r003_taxonomy_v3_formal_classification_preparation_v1/classification_preparation.csv#cell_identity_sha256=6ab47cd5276f3de2583496c8dcb360bc024c116fee3c51084e12955f82978e4e;C:/Users/yehya/Downloads/AI_生成程式共同失敗分類標準_實際使用版_v3.1.md#sections=4,5,8,9,10,11,12",repeated division produces public 8->'1000' with no leading zeros,taxonomy_v31_batch04_provisional_v1_static_adjudicator,2026-07-22T00:00:00+08:00,roster order fixed before adjudication; no planning signal promoted to layer or Healer disposition
18,6dbfd61b687633646a0df075291426241b9c44f46153d0770573ae1d9708974e,ba78506a3e44c95de2ee2e90bcfbebfc58b91703227e9ec65aaf922d046c31cd,4232a0988257265f142d08fb6513e8204bbcc3ad620c2ada06b255b92b695d62,Mbpp/237,33,b7b3a388e3f23341206d183eda4ac82f10bd2c31f547c98ab80c421cdcb6112b,Candidate_B/H0,PROVISIONALLY_ADJUDICATED,ADJUDICATED,L5,,"[{""note"":""reversed pairs remain distinct keys contrary to public mapping"",""strength"":""CONFIRMED"",""tag"":""order_sensitive_counter""},{""note"":""raw Counter replaces order-insensitive unique-tuple counting"",""strength"":""CONFIRMED"",""tag"":""semantic_goal_drift""},{""note"":""canonicalize-then-count repair is required"",""strength"":""SUPPORTED"",""tag"":""algorithm_reconstruction_required""}]",parseable required entry point and output shape → public contract statically contradicted → primary=L5 → algorithm/semantics repair required → healer=abstain,HIGH,VALID_MODEL_OUTCOME,abstain,Repair changes task semantics or algorithm and is not a unique local oracle-independent transformation.,,semantic_or_evidence_closure_not_safe_for_deterministic_healer,,public assert merges reversed pairs into order-normalized keys; dict(Counter(lst)) keeps order-sensitive keys,no evidence gap required for provisional layer closure,additional hidden-case defects may coexist but do not displace the public static violation,occurrence mapping omits required tuple canonicalization before counting,,""""""" Write a function that takes in a list of tuples and returns a dictionary mapping each unique tuple to the number of times it occurs in the list. assert check_occurences([(3, 1), (1, 3), (2, 5), (5, 2), (6, 3)] ) == {(1, 3): 2, (2, 5): 2, (3, 6): 1} """"""","artifacts/public_benchmark_governance/candidate_b_r003_taxonomy_v31_remaining41_batch04_20cell_roster_v1/batch04_roster.csv#program_id=ba78506a3e44c95de2ee2e90bcfbebfc58b91703227e9ec65aaf922d046c31cd;artifacts/public_benchmark_development/mbpp_candidate_b_development60/runs/mbpp_q35_9b_candidate_b_development60_replay_r003/h0_h1_accounts.jsonl#program_id=ba78506a3e44c95de2ee2e90bcfbebfc58b91703227e9ec65aaf922d046c31cd;healer_account=H0;data/mbpp_plus/tasks.jsonl#task_id=Mbpp/237;artifacts/public_benchmark_governance/candidate_b_r003_h0_h1_evalplus_v1/manual_evalplus_run_001/evalplus_results.csv#program_id=ba78506a3e44c95de2ee2e90bcfbebfc58b91703227e9ec65aaf922d046c31cd;healer_account=H0;artifacts/public_benchmark_governance/candidate_b_r003_taxonomy_v3_formal_classification_preparation_v1/classification_preparation.csv#cell_identity_sha256=6dbfd61b687633646a0df075291426241b9c44f46153d0770573ae1d9708974e;C:/Users/yehya/Downloads/AI_生成程式共同失敗分類標準_實際使用版_v3.1.md#sections=4,5,8,9,10,11,12","Counter treats (3,1)!=(1,3) while public expects sorted-key {(1,3):2,(2,5):2,(3,6):1}",taxonomy_v31_batch04_provisional_v1_static_adjudicator,2026-07-22T00:00:00+08:00,roster order fixed before adjudication; no planning signal promoted to layer or Healer disposition
19,1f4e9f5e17acec093ee41fc4fe86b3ae27b521a5859f2085523cfead8a2ebd25,be02f058d52c050cf5574665a7ed4d56e20d6afde2ef686be3c6c59cc8878352,05355fdab3c38a38d24107c09555a4612c688211b4b41c683d4cabb3a5e218ed,Mbpp/72,11,27b277660192f42dbcc576e8d792e86670b5ca1c6d2d46d94fc8d9882956e611,Candidate_B/H0,PROVISIONALLY_ADJUDICATED,ADJUDICATED,L5,,"[{""note"":""search does not cover the required square pair for n=5"",""strength"":""CONFIRMED"",""tag"":""algorithmic_error""},{""note"":""outer square 3 is excluded by int((n//2)**0.5)"",""strength"":""CONFIRMED"",""tag"":""incorrect_search_bound""}]",parseable required entry point and output shape → public contract statically contradicted → primary=L5 → algorithm/semantics repair required → healer=abstain,HIGH,VALID_MODEL_OUTCOME,abstain,Repair changes task semantics or algorithm and is not a unique local oracle-independent transformation.,,semantic_or_evidence_closure_not_safe_for_deterministic_healer,,public assertion requires dif_Square(5)==True; source range stops at int((n//2)**0.5) and never reaches outer square 3,no evidence gap required for provisional layer closure,additional hidden-case defects may coexist but do not displace the public static violation,search bound and difference construction omit a valid square-difference representation,,""""""" Write a python function to check whether the given number can be represented as the difference of two squares or not. assert dif_Square(5) == True """"""","artifacts/public_benchmark_governance/candidate_b_r003_taxonomy_v31_remaining41_batch04_20cell_roster_v1/batch04_roster.csv#program_id=be02f058d52c050cf5574665a7ed4d56e20d6afde2ef686be3c6c59cc8878352;artifacts/public_benchmark_development/mbpp_candidate_b_development60/runs/mbpp_q35_9b_candidate_b_development60_replay_r003/h0_h1_accounts.jsonl#program_id=be02f058d52c050cf5574665a7ed4d56e20d6afde2ef686be3c6c59cc8878352;healer_account=H0;data/mbpp_plus/tasks.jsonl#task_id=Mbpp/72;artifacts/public_benchmark_governance/candidate_b_r003_h0_h1_evalplus_v1/manual_evalplus_run_001/evalplus_results.csv#program_id=be02f058d52c050cf5574665a7ed4d56e20d6afde2ef686be3c6c59cc8878352;healer_account=H0;artifacts/public_benchmark_governance/candidate_b_r003_taxonomy_v3_formal_classification_preparation_v1/classification_preparation.csv#cell_identity_sha256=1f4e9f5e17acec093ee41fc4fe86b3ae27b521a5859f2085523cfead8a2ebd25;C:/Users/yehya/Downloads/AI_生成程式共同失敗分類標準_實際使用版_v3.1.md#sections=4,5,8,9,10,11,12",for public n=5 the tiny loop tests only i=1 and returns False although 5=3^2-2^2,taxonomy_v31_batch04_provisional_v1_static_adjudicator,2026-07-22T00:00:00+08:00,roster order fixed before adjudication; no planning signal promoted to layer or Healer disposition
20,c3ae1f243b6163aea793b5487d48a94d8aaad6356c30b6641c8bb406f4091d01,bf89a824ca07792fc9d14d89cd30b82b2d94122c012226a5b6d6519f19d60cfe,dcbff47648a49899f678bdd5dc8b310ab600a5f4b0eefda8103982d28506dda0,Mbpp/99,22,4d94d7b98233ccc9c1d3b7b62e4ca84e7ef8f9925b4b7d995f46dc73e500338d,Candidate_B/H0,PROVISIONALLY_ADJUDICATED,ADJUDICATED,UNRESOLVED,,"[{""note"":""preserved public example is satisfied by static derivation"",""strength"":""CONFIRMED"",""tag"":""public_examples_non_discriminating""},{""note"":""existing plus status is fail but its first failing input is not preserved here"",""strength"":""CONFIRMED"",""tag"":""plus_failure_not_localized""},{""note"":""a new observation would be required to distinguish remaining explanations"",""strength"":""SUPPORTED"",""tag"":""diagnostic_execution_required""}]",parseable required entry point → public example satisfied statically → existing base pass/plus fail not localized → primary=UNRESOLVED → healer=abstain,LOW,VALID_MODEL_OUTCOME,abstain,Root layer and unique safe repair are not closed.,,semantic_or_evidence_closure_not_safe_for_deterministic_healer,public_example_satisfied_plus_failure_not_localized,required entry point and string shape present; public example and base tests pass; plus fails,intended signed/input domain and first failing plus behavior,signed input policy or another evaluator-domain rule remains possible,review completed but current static evidence does not close one L0-L5 root layer,capture the first existing failing plus integer and return without applying a repair,""""""" Write a function to convert the given decimal number to its binary equivalent, represented as a string with no leading zeros. assert decimal_to_binary(8) == '1000' """"""","artifacts/public_benchmark_governance/candidate_b_r003_taxonomy_v31_remaining41_batch04_20cell_roster_v1/batch04_roster.csv#program_id=bf89a824ca07792fc9d14d89cd30b82b2d94122c012226a5b6d6519f19d60cfe;artifacts/public_benchmark_development/mbpp_candidate_b_development60/runs/mbpp_q35_9b_candidate_b_development60_replay_r003/h0_h1_accounts.jsonl#program_id=bf89a824ca07792fc9d14d89cd30b82b2d94122c012226a5b6d6519f19d60cfe;healer_account=H0;data/mbpp_plus/tasks.jsonl#task_id=Mbpp/99;artifacts/public_benchmark_governance/candidate_b_r003_h0_h1_evalplus_v1/manual_evalplus_run_001/evalplus_results.csv#program_id=bf89a824ca07792fc9d14d89cd30b82b2d94122c012226a5b6d6519f19d60cfe;healer_account=H0;artifacts/public_benchmark_governance/candidate_b_r003_taxonomy_v3_formal_classification_preparation_v1/classification_preparation.csv#cell_identity_sha256=c3ae1f243b6163aea793b5487d48a94d8aaad6356c30b6641c8bb406f4091d01;C:/Users/yehya/Downloads/AI_生成程式共同失敗分類標準_實際使用版_v3.1.md#sections=4,5,8,9,10,11,12",prefixing remainders produces public 8->'1000' with no leading zeros,taxonomy_v31_batch04_provisional_v1_static_adjudicator,2026-07-22T00:00:00+08:00,roster order fixed before adjudication; no planning signal promoted to layer or Healer disposition
