freeze_rank,frozen_from_revision,freeze_status,freeze_basis_verdict,batch_rank,cell_id,program_id,source_sha256,task_id,dataset,model,condition,seed,generation_id,raw_generation_reference,review_status,outcome_validity,primary_layer,secondary_layer,mechanism_tags_json,failure_chain,healer_eligibility,abstain_reason,eligibility_rule,rejection_condition,unresolved_reason_code,evidence_present,evidence_missing,minimal_future_diagnostic,confidence,evidence_citations,source_structure_locator,public_contract_locator,evaluator_provenance_locator,adjudicator_identity,adjudication_timestamp,evidence_summary,planning_signal_note
1,candidate_b_r003_taxonomy_v31_remaining101_batch01_20cell_provisional_v2,FORMALLY_FROZEN_AI_ASSISTED_PROVISIONAL_ADJUDICATION,READY_TO_FREEZE_BATCH01_20CELL_V2,1,31b792cedea418c685922e45dd67a843bf2ee51d06ab109510bc469dbd5f47eb,0c9f29239bdf609a6306524184cfbb830eeb41becd9d31709931fb300234c7a3,9c73960f4d24aa953a7530bc6e3411f71d38f0ce414fc1fb21b268e1d23edd5a,Mbpp/769,MBPP+,Qwen2.5-Coder-3B-Instruct/q35_9b_replay_r003,Candidate_B/H0,55,8652f233807ed0a7e5fd6fdfe0f7304794b23de15e6241c53271b60062f1e905,artifacts/public_benchmark_development/mbpp_candidate_b_development60/runs/mbpp_q35_9b_candidate_b_development60_replay_r003/h0_h1_accounts.jsonl#program_id=0c9f29239bdf609a6306524184cfbb830eeb41becd9d31709931fb300234c7a3;healer_account=H0,ADJUDICATED,VALID_MODEL_OUTCOME,L5,,"[{""note"":""list1-order filter yields [10,15,20,30] vs public [10,20,30,15]"",""status"":""CONFIRMED"",""tag"":""incorrect_formula""},{""note"":""both sides are lists; shape not the root cause"",""status"":""REJECTED"",""tag"":""return_shape_mismatch""},{""note"":""expected Diff exists; not an error"",""status"":""REJECTED"",""tag"":""entry_point_unique_candidate""},{""note"":""public assert uniquely discriminates ordering/content semantics"",""status"":""REJECTED"",""tag"":""public_examples_non_discriminating""}]","parseable Diff entry point present → returns list comprehension preserving list1 order excluding list2 → public assert expects [10,20,30,15] not [10,15,20,30] → primary=L5 semantic/algorithmic → healer=abstain",abstain,"Ordering/difference semantics require algorithm reconstruction, not a unique local edit.",,,,"public assert Diff(...)==[10,20,30,15]; static list-comp body",,,HIGH,"[{""kind"":""public_task"",""locator"":""task_id=Mbpp/769"",""path"":""data/mbpp_plus/tasks.jsonl""},{""kind"":""raw_generation"",""locator"":""program_id=0c9f29239bdf609a6306524184cfbb830eeb41becd9d31709931fb300234c7a3;healer_account=H0"",""path"":""artifacts/public_benchmark_development/mbpp_candidate_b_development60/runs/mbpp_q35_9b_candidate_b_development60_replay_r003/h0_h1_accounts.jsonl""},{""kind"":""planning_signal"",""locator"":""program_id=0c9f29239bdf609a6306524184cfbb830eeb41becd9d31709931fb300234c7a3"",""path"":""artifacts/public_benchmark_governance/candidate_b_r003_taxonomy_v31_remaining101_zero_execution_census_v1/static_signal_inventory.csv""},{""kind"":""batch_roster"",""locator"":""program_id=0c9f29239bdf609a6306524184cfbb830eeb41becd9d31709931fb300234c7a3"",""path"":""artifacts/public_benchmark_governance/candidate_b_r003_taxonomy_v31_remaining101_zero_execution_census_v1/next_adjudication_batch_roster.csv""},{""kind"":""evaluator_outcome"",""locator"":""program_id=0c9f29239bdf609a6306524184cfbb830eeb41becd9d31709931fb300234c7a3;evalplus_base=fail;evalplus_plus=fail"",""path"":""artifacts/public_benchmark_governance/candidate_b_r003_taxonomy_v3_formal_classification_preparation_v1/classification_preparation.csv""}]",evaluation_source:def Diff; list comprehension return,data/mbpp_plus/tasks.jsonl#task_id=Mbpp/769 assert Diff([...]),artifacts/public_benchmark_governance/candidate_b_r003_taxonomy_v3_formal_classification_preparation_v1/classification_preparation.csv#program_id=0c9f29239bdf609a6306524184cfbb830eeb41becd9d31709931fb300234c7a3,taxonomy_v31_batch01_provisional_v1_static_adjudicator,2026-07-21T14:41:00+08:00,Public list assert is violated by static expansion of the list comprehension (list1 order keep). Return-shape planning signal is rejected as root cause.,census return_shape_mismatch is planning-only; adjudicated L5 not L2
2,candidate_b_r003_taxonomy_v31_remaining101_batch01_20cell_provisional_v2,FORMALLY_FROZEN_AI_ASSISTED_PROVISIONAL_ADJUDICATION,READY_TO_FREEZE_BATCH01_20CELL_V2,2,aa300eeb056475fd4aaf76bb1d25719d7469c63cfa8e22ecc569a3d274c205d5,0f51d44f44faf38d9fbe794eb4c86a316809d300c9a5e206289d459bb71cabbf,66ccd8ac06dbe7c67b87a3527df4b78ac9f4ad798adc70efbe5634596f2d4f89,Mbpp/748,MBPP+,Qwen2.5-Coder-3B-Instruct/q35_9b_replay_r003,Candidate_B/H0,55,b569e0183454533c932e9598e668d1be68ab97a426d5823cec143ad7a4bcab0f,artifacts/public_benchmark_development/mbpp_candidate_b_development60/runs/mbpp_q35_9b_candidate_b_development60_replay_r003/h0_h1_accounts.jsonl#program_id=0f51d44f44faf38d9fbe794eb4c86a316809d300c9a5e206289d459bb71cabbf;healer_account=H0,ADJUDICATED,VALID_MODEL_OUTCOME,L5,,"[{""note"":""first capital at i==0 inserts leading space → ' Python' ≠ 'Python'"",""status"":""CONFIRMED"",""tag"":""wrong_boundary_condition""},{""note"":""return type is str as expected"",""status"":""REJECTED"",""tag"":""return_shape_mismatch""},{""note"":""entry point correct"",""status"":""REJECTED"",""tag"":""entry_point_unique_candidate""}]",parseable capital_words_spaces present → loop inserts space when capital starts and prev_is_capital is false → public assert capital_words_spaces('Python')=='Python' fails under static first-char rule → primary=L5 → healer=abstain,abstain,"Boundary-condition repair for capital-word spacing is semantic, not unique contract alias.",,,,public assert; static first-iteration space insertion,,,HIGH,"[{""kind"":""public_task"",""locator"":""task_id=Mbpp/748"",""path"":""data/mbpp_plus/tasks.jsonl""},{""kind"":""raw_generation"",""locator"":""program_id=0f51d44f44faf38d9fbe794eb4c86a316809d300c9a5e206289d459bb71cabbf;healer_account=H0"",""path"":""artifacts/public_benchmark_development/mbpp_candidate_b_development60/runs/mbpp_q35_9b_candidate_b_development60_replay_r003/h0_h1_accounts.jsonl""},{""kind"":""planning_signal"",""locator"":""program_id=0f51d44f44faf38d9fbe794eb4c86a316809d300c9a5e206289d459bb71cabbf"",""path"":""artifacts/public_benchmark_governance/candidate_b_r003_taxonomy_v31_remaining101_zero_execution_census_v1/static_signal_inventory.csv""},{""kind"":""batch_roster"",""locator"":""program_id=0f51d44f44faf38d9fbe794eb4c86a316809d300c9a5e206289d459bb71cabbf"",""path"":""artifacts/public_benchmark_governance/candidate_b_r003_taxonomy_v31_remaining101_zero_execution_census_v1/next_adjudication_batch_roster.csv""},{""kind"":""evaluator_outcome"",""locator"":""program_id=0f51d44f44faf38d9fbe794eb4c86a316809d300c9a5e206289d459bb71cabbf;evalplus_base=fail;evalplus_plus=fail"",""path"":""artifacts/public_benchmark_governance/candidate_b_r003_taxonomy_v3_formal_classification_preparation_v1/classification_preparation.csv""}]",evaluation_source:for-loop; result.append(' ') before first capital,"tasks.jsonl#task_id=Mbpp/748 assert capital_words_spaces(""Python"")",artifacts/public_benchmark_governance/candidate_b_r003_taxonomy_v3_formal_classification_preparation_v1/classification_preparation.csv#program_id=0f51d44f44faf38d9fbe794eb4c86a316809d300c9a5e206289d459bb71cabbf,taxonomy_v31_batch01_provisional_v1_static_adjudicator,2026-07-21T14:41:00+08:00,Public single-word example is failed by the static leading-space boundary. Not an L2 packaging/shape case.,contract-batch membership ≠ adjudicated L2
3,candidate_b_r003_taxonomy_v31_remaining101_batch01_20cell_provisional_v2,FORMALLY_FROZEN_AI_ASSISTED_PROVISIONAL_ADJUDICATION,READY_TO_FREEZE_BATCH01_20CELL_V2,3,2ccb79dac76058aec69641c1829ce8f85e05dde153869cbe71776510180bc683,151a1b3981da65abb7a94e2b2acac6491de4d6ad470da3c006f94b9a85273346,1251372680e466490ba6c5c2f79d4313981ebe25e5709af7583b2c7ad0a1fcf5,Mbpp/125,MBPP+,Qwen2.5-Coder-3B-Instruct/q35_9b_replay_r003,Candidate_B/H0,11,2e9038b7a721c7138c3b5fa0df58be913a9ce2a59b61d65a2e6a7951153f4bc5,artifacts/public_benchmark_development/mbpp_candidate_b_development60/runs/mbpp_q35_9b_candidate_b_development60_replay_r003/h0_h1_accounts.jsonl#program_id=151a1b3981da65abb7a94e2b2acac6491de4d6ad470da3c006f94b9a85273346;healer_account=H0,ADJUDICATED,VALID_MODEL_OUTCOME,L5,,"[{""note"":""scores '1' as +1/'0' as -1 maximizing ones-zeros; problem asks max |0s-1s| favoring zeros-ones for expected 6"",""status"":""CONFIRMED"",""tag"":""incorrect_formula""},{""note"":""need correct 0/1 scoring objective"",""status"":""SUPPORTED"",""tag"":""algorithm_reconstruction_required""},{""note"":""returns int scalar as expected"",""status"":""REJECTED"",""tag"":""return_shape_mismatch""},{""note"":""entry point correct"",""status"":""REJECTED"",""tag"":""entry_point_unique_candidate""}]",parseable find_length present → Kadane uses +1 for '1' and -1 for '0' → public expected 6 corresponds to maximizing zeros-minus-ones on this binary string → primary=L5 → healer=abstain,abstain,Objective polarity/formula rewrite is algorithmic reconstruction.,,,,public assert find_length('11000010001')==6; source scoring comments/body,,,HIGH,"[{""kind"":""public_task"",""locator"":""task_id=Mbpp/125"",""path"":""data/mbpp_plus/tasks.jsonl""},{""kind"":""raw_generation"",""locator"":""program_id=151a1b3981da65abb7a94e2b2acac6491de4d6ad470da3c006f94b9a85273346;healer_account=H0"",""path"":""artifacts/public_benchmark_development/mbpp_candidate_b_development60/runs/mbpp_q35_9b_candidate_b_development60_replay_r003/h0_h1_accounts.jsonl""},{""kind"":""planning_signal"",""locator"":""program_id=151a1b3981da65abb7a94e2b2acac6491de4d6ad470da3c006f94b9a85273346"",""path"":""artifacts/public_benchmark_governance/candidate_b_r003_taxonomy_v31_remaining101_zero_execution_census_v1/static_signal_inventory.csv""},{""kind"":""batch_roster"",""locator"":""program_id=151a1b3981da65abb7a94e2b2acac6491de4d6ad470da3c006f94b9a85273346"",""path"":""artifacts/public_benchmark_governance/candidate_b_r003_taxonomy_v31_remaining101_zero_execution_census_v1/next_adjudication_batch_roster.csv""},{""kind"":""evaluator_outcome"",""locator"":""program_id=151a1b3981da65abb7a94e2b2acac6491de4d6ad470da3c006f94b9a85273346;evalplus_base=fail;evalplus_plus=fail"",""path"":""artifacts/public_benchmark_governance/candidate_b_r003_taxonomy_v3_formal_classification_preparation_v1/classification_preparation.csv""}]",evaluation_source:current_sum +=1 for '1' else -=1,tasks.jsonl#task_id=Mbpp/125,artifacts/public_benchmark_governance/candidate_b_r003_taxonomy_v3_formal_classification_preparation_v1/classification_preparation.csv#program_id=151a1b3981da65abb7a94e2b2acac6491de4d6ad470da3c006f94b9a85273346,taxonomy_v31_batch01_provisional_v1_static_adjudicator,2026-07-21T14:41:00+08:00,Static scoring polarity contradicts the public expected maximum-difference interpretation for the given binary string. Evaluator FAIL is not used alone.,return_shape signal rejected
4,candidate_b_r003_taxonomy_v31_remaining101_batch01_20cell_provisional_v2,FORMALLY_FROZEN_AI_ASSISTED_PROVISIONAL_ADJUDICATION,READY_TO_FREEZE_BATCH01_20CELL_V2,4,c4bcbb8729f6f74581ec1e93757246cebabd8f8f89135fc1cf08330419d322ed,165c873221f996a992adfe426b96e62865dddc2407ce93ba89df3ea882dfac54,f4490808899e16947fcb70c38e43256419b4ea33bf5b57630cce463b73f54ea9,Mbpp/742,MBPP+,Qwen2.5-Coder-3B-Instruct/q35_9b_replay_r003,Candidate_B/H0,44,832eda7093a9ae46c37b98e3b19fa2c495eef40cfc3a39ae6ffea4e66dda00fc,artifacts/public_benchmark_development/mbpp_candidate_b_development60/runs/mbpp_q35_9b_candidate_b_development60_replay_r003/h0_h1_accounts.jsonl#program_id=165c873221f996a992adfe426b96e62865dddc2407ce93ba89df3ea882dfac54;healer_account=H0,ADJUDICATED,VALID_MODEL_OUTCOME,L5,,"[{""note"":""uses a²*(√3/4+√6) ≈25.94; public expects ≈15.588 = a²√3"",""status"":""CONFIRMED"",""tag"":""incorrect_formula""},{""note"":""float scalar return matches contract family"",""status"":""REJECTED"",""tag"":""return_shape_mismatch""},{""note"":""entry point correct"",""status"":""REJECTED"",""tag"":""entry_point_unique_candidate""}]",parseable area_tetrahedron present → formula includes extraneous √6 term → public arithmetic area_tetrahedron(3)==15.588... unmatched → primary=L5 → healer=abstain,abstain,Geometric formula reconstruction is not a unique safe local edit.,,,,public float assert; static closed-form expression,,,HIGH,"[{""kind"":""public_task"",""locator"":""task_id=Mbpp/742"",""path"":""data/mbpp_plus/tasks.jsonl""},{""kind"":""raw_generation"",""locator"":""program_id=165c873221f996a992adfe426b96e62865dddc2407ce93ba89df3ea882dfac54;healer_account=H0"",""path"":""artifacts/public_benchmark_development/mbpp_candidate_b_development60/runs/mbpp_q35_9b_candidate_b_development60_replay_r003/h0_h1_accounts.jsonl""},{""kind"":""planning_signal"",""locator"":""program_id=165c873221f996a992adfe426b96e62865dddc2407ce93ba89df3ea882dfac54"",""path"":""artifacts/public_benchmark_governance/candidate_b_r003_taxonomy_v31_remaining101_zero_execution_census_v1/static_signal_inventory.csv""},{""kind"":""batch_roster"",""locator"":""program_id=165c873221f996a992adfe426b96e62865dddc2407ce93ba89df3ea882dfac54"",""path"":""artifacts/public_benchmark_governance/candidate_b_r003_taxonomy_v31_remaining101_zero_execution_census_v1/next_adjudication_batch_roster.csv""},{""kind"":""evaluator_outcome"",""locator"":""program_id=165c873221f996a992adfe426b96e62865dddc2407ce93ba89df3ea882dfac54;evalplus_base=fail;evalplus_plus=fail"",""path"":""artifacts/public_benchmark_governance/candidate_b_r003_taxonomy_v3_formal_classification_preparation_v1/classification_preparation.csv""}]",evaluation_source:return edge**2*(sqrt(3)/4+sqrt(6)),tasks.jsonl#task_id=Mbpp/742,artifacts/public_benchmark_governance/candidate_b_r003_taxonomy_v3_formal_classification_preparation_v1/classification_preparation.csv#program_id=165c873221f996a992adfe426b96e62865dddc2407ce93ba89df3ea882dfac54,taxonomy_v31_batch01_provisional_v1_static_adjudicator,2026-07-21T14:41:00+08:00,Public numeric assert uniquely falsifies the static formula.,not L2
5,candidate_b_r003_taxonomy_v31_remaining101_batch01_20cell_provisional_v2,FORMALLY_FROZEN_AI_ASSISTED_PROVISIONAL_ADJUDICATION,READY_TO_FREEZE_BATCH01_20CELL_V2,5,d8704af3cc16d7497ad40bd5936c3e767a5643a3b20d973dc7bd6144afdcd375,2c7db8ef79f3fb6f4877e45429a281e98b645f377f94b6d7912fb3d66f5847df,ae6c09a25f6362175124006d4d507dc906c10e2c73d4e38ef11e338b56ead6e8,Mbpp/287,MBPP+,Qwen2.5-Coder-3B-Instruct/q35_9b_replay_r003,Candidate_B/H0,55,519c706e787f21929efb217a26f372fffa36538449936e19046262cfe5c82320,artifacts/public_benchmark_development/mbpp_candidate_b_development60/runs/mbpp_q35_9b_candidate_b_development60_replay_r003/h0_h1_accounts.jsonl#program_id=2c7db8ef79f3fb6f4877e45429a281e98b645f377f94b6d7912fb3d66f5847df;healer_account=H0,ADJUDICATED,VALID_MODEL_OUTCOME,UNRESOLVED,,"[{""note"":""square_Sum(2)==20 matches loop 2²+4²"",""status"":""CONFIRMED"",""tag"":""public_examples_non_discriminating""},{""note"":""module-level assert present; not proven root cause"",""status"":""SUPPORTED"",""tag"":""extra_wrapper_or_output""},{""note"":""planning signal only; no public shape violation observed"",""status"":""SUSPECTED"",""tag"":""return_shape_mismatch""},{""note"":""need non-oracle diagnostics to close layer"",""status"":""CONFIRMED"",""tag"":""diagnostic_execution_required""},{""note"":""base pass / plus fail without closable public root"",""status"":""SUPPORTED"",""tag"":""runtime_vs_semantic_not_closed""},{""note"":""L2 packaging vs L5 hidden semantic both possible"",""status"":""SUPPORTED"",""tag"":""multiple_plausible_root_causes""},{""note"":""not an error"",""status"":""REJECTED"",""tag"":""entry_point_unique_candidate""}]",parseable square_Sum; public example satisfied statically → no public contract shape violation observed → EvalPlus plus failure exists but path not inspectable without execution → primary=UNRESOLVED → healer=abstain,abstain,Root cause not closed; cannot mark eligible/conditional.,,,public_examples_non_discriminating_plus_fail,public assert match; entry OK; packaging assert residue,failing plus-case behavior; whether packaging assert affects harness,read-only capture of first failing plus case exception/return without oracle-guided repair,LOW,"[{""kind"":""public_task"",""locator"":""task_id=Mbpp/287"",""path"":""data/mbpp_plus/tasks.jsonl""},{""kind"":""raw_generation"",""locator"":""program_id=2c7db8ef79f3fb6f4877e45429a281e98b645f377f94b6d7912fb3d66f5847df;healer_account=H0"",""path"":""artifacts/public_benchmark_development/mbpp_candidate_b_development60/runs/mbpp_q35_9b_candidate_b_development60_replay_r003/h0_h1_accounts.jsonl""},{""kind"":""planning_signal"",""locator"":""program_id=2c7db8ef79f3fb6f4877e45429a281e98b645f377f94b6d7912fb3d66f5847df"",""path"":""artifacts/public_benchmark_governance/candidate_b_r003_taxonomy_v31_remaining101_zero_execution_census_v1/static_signal_inventory.csv""},{""kind"":""batch_roster"",""locator"":""program_id=2c7db8ef79f3fb6f4877e45429a281e98b645f377f94b6d7912fb3d66f5847df"",""path"":""artifacts/public_benchmark_governance/candidate_b_r003_taxonomy_v31_remaining101_zero_execution_census_v1/next_adjudication_batch_roster.csv""},{""kind"":""evaluator_outcome"",""locator"":""program_id=2c7db8ef79f3fb6f4877e45429a281e98b645f377f94b6d7912fb3d66f5847df;evalplus_base=pass;evalplus_plus=fail"",""path"":""artifacts/public_benchmark_governance/candidate_b_r003_taxonomy_v3_formal_classification_preparation_v1/classification_preparation.csv""}]",evaluation_source:loop + trailing assert square_Sum(2)==20,tasks.jsonl#task_id=Mbpp/287,artifacts/public_benchmark_governance/candidate_b_r003_taxonomy_v3_formal_classification_preparation_v1/classification_preparation.csv#program_id=2c7db8ef79f3fb6f4877e45429a281e98b645f377f94b6d7912fb3d66f5847df,taxonomy_v31_batch01_provisional_v1_static_adjudicator,2026-07-21T14:41:00+08:00,Public example is satisfied. Planning return_shape signal is not confirmed as L2. Evidence insufficient to close L2 vs L5.,signal≠layer
6,candidate_b_r003_taxonomy_v31_remaining101_batch01_20cell_provisional_v2,FORMALLY_FROZEN_AI_ASSISTED_PROVISIONAL_ADJUDICATION,READY_TO_FREEZE_BATCH01_20CELL_V2,6,8498f8272ddda6ed8b127472e6ecad575e0a0e7650d86c653cb1483c06034cf9,3b027c95ed6970ead1bf34a58e5e5968a842375728129f12e3233a5ef00aed89,7f61b30cfdadcfc365c6cf6daaa79170942e69f2f3c1dabf2d87ae549cdedefe,Mbpp/410,MBPP+,Qwen2.5-Coder-3B-Instruct/q35_9b_replay_r003,Candidate_B/H0,55,99572cebe4817bebb0f69aa42504e0ee2d89a65b67c2175f1715050ba6da0a7b,artifacts/public_benchmark_development/mbpp_candidate_b_development60/runs/mbpp_q35_9b_candidate_b_development60_replay_r003/h0_h1_accounts.jsonl#program_id=3b027c95ed6970ead1bf34a58e5e5968a842375728129f12e3233a5ef00aed89;healer_account=H0,ADJUDICATED,VALID_MODEL_OUTCOME,UNRESOLVED,,"[{""note"":""min of numeric elements equals 2 on public list"",""status"":""CONFIRMED"",""tag"":""public_examples_non_discriminating""},{""note"":""planning only"",""status"":""SUSPECTED"",""tag"":""return_shape_mismatch""},{""note"":""plus-fail path unknown"",""status"":""CONFIRMED"",""tag"":""diagnostic_execution_required""},{""note"":""L4 empty-numeric / L5 edge cases possible"",""status"":""SUPPORTED"",""tag"":""runtime_vs_semantic_not_closed""},{""note"":""not an error"",""status"":""REJECTED"",""tag"":""entry_point_unique_candidate""}]",parseable min_val; filters numeric then min → public assert satisfied → plus-fail root cause not publicly closable → primary=UNRESOLVED → healer=abstain,abstain,Unresolved root cause.,,,public_examples_non_discriminating_plus_fail,public assert match; entry OK,first failing plus input/exception,non-oracle observation of first failing plus case return/exception,LOW,"[{""kind"":""public_task"",""locator"":""task_id=Mbpp/410"",""path"":""data/mbpp_plus/tasks.jsonl""},{""kind"":""raw_generation"",""locator"":""program_id=3b027c95ed6970ead1bf34a58e5e5968a842375728129f12e3233a5ef00aed89;healer_account=H0"",""path"":""artifacts/public_benchmark_development/mbpp_candidate_b_development60/runs/mbpp_q35_9b_candidate_b_development60_replay_r003/h0_h1_accounts.jsonl""},{""kind"":""planning_signal"",""locator"":""program_id=3b027c95ed6970ead1bf34a58e5e5968a842375728129f12e3233a5ef00aed89"",""path"":""artifacts/public_benchmark_governance/candidate_b_r003_taxonomy_v31_remaining101_zero_execution_census_v1/static_signal_inventory.csv""},{""kind"":""batch_roster"",""locator"":""program_id=3b027c95ed6970ead1bf34a58e5e5968a842375728129f12e3233a5ef00aed89"",""path"":""artifacts/public_benchmark_governance/candidate_b_r003_taxonomy_v31_remaining101_zero_execution_census_v1/next_adjudication_batch_roster.csv""},{""kind"":""evaluator_outcome"",""locator"":""program_id=3b027c95ed6970ead1bf34a58e5e5968a842375728129f12e3233a5ef00aed89;evalplus_base=pass;evalplus_plus=fail"",""path"":""artifacts/public_benchmark_governance/candidate_b_r003_taxonomy_v3_formal_classification_preparation_v1/classification_preparation.csv""}]","evaluation_source:min([x for x in lst if isinstance(x,(int,float))])",tasks.jsonl#task_id=Mbpp/410,artifacts/public_benchmark_governance/candidate_b_r003_taxonomy_v3_formal_classification_preparation_v1/classification_preparation.csv#program_id=3b027c95ed6970ead1bf34a58e5e5968a842375728129f12e3233a5ef00aed89,taxonomy_v31_batch01_provisional_v1_static_adjudicator,2026-07-21T14:41:00+08:00,Public example matches; cannot close taxonomy layer from allowed evidence.,signal≠layer
7,candidate_b_r003_taxonomy_v31_remaining101_batch01_20cell_provisional_v2,FORMALLY_FROZEN_AI_ASSISTED_PROVISIONAL_ADJUDICATION,READY_TO_FREEZE_BATCH01_20CELL_V2,7,6a474fda8107c02d822df23cbf5e06d344860896bab62d8b0886b7799787e6e9,5bf8a1f3934680a03fdc52a96fcca133f19f3a6885bcc6c4f81bd72ef2bdc6b4,5dae3e96e27121f0eac4379e191a8197de69deac81b535c454ac1bf53a444d06,Mbpp/427,MBPP+,Qwen2.5-Coder-3B-Instruct/q35_9b_replay_r003,Candidate_B/H0,22,506187502c2c81165e76219b422c785f19faddea400f0039220822a63f1f1f70,artifacts/public_benchmark_development/mbpp_candidate_b_development60/runs/mbpp_q35_9b_candidate_b_development60_replay_r003/h0_h1_accounts.jsonl#program_id=5bf8a1f3934680a03fdc52a96fcca133f19f3a6885bcc6c4f81bd72ef2bdc6b4;healer_account=H0,ADJUDICATED,VALID_MODEL_OUTCOME,UNRESOLVED,,"[{""note"":""yyyy-mm-dd split reorder matches public dd-mm-yyyy"",""status"":""CONFIRMED"",""tag"":""public_examples_non_discriminating""},{""note"":""module assert present"",""status"":""SUPPORTED"",""tag"":""extra_wrapper_or_output""},{""note"":""planning only"",""status"":""SUSPECTED"",""tag"":""return_shape_mismatch""},{""note"":""plus-fail unknown"",""status"":""CONFIRMED"",""tag"":""diagnostic_execution_required""},{""note"":""not an error"",""status"":""REJECTED"",""tag"":""entry_point_unique_candidate""}]",parseable change_date_format; public example satisfied → no confirmed public shape violation → plus-fail unresolved → primary=UNRESOLVED → healer=abstain,abstain,Unresolved root cause.,,,public_examples_non_discriminating_plus_fail,public assert match; packaging assert,failing plus case behavior,non-oracle capture of first failing plus case,LOW,"[{""kind"":""public_task"",""locator"":""task_id=Mbpp/427"",""path"":""data/mbpp_plus/tasks.jsonl""},{""kind"":""raw_generation"",""locator"":""program_id=5bf8a1f3934680a03fdc52a96fcca133f19f3a6885bcc6c4f81bd72ef2bdc6b4;healer_account=H0"",""path"":""artifacts/public_benchmark_development/mbpp_candidate_b_development60/runs/mbpp_q35_9b_candidate_b_development60_replay_r003/h0_h1_accounts.jsonl""},{""kind"":""planning_signal"",""locator"":""program_id=5bf8a1f3934680a03fdc52a96fcca133f19f3a6885bcc6c4f81bd72ef2bdc6b4"",""path"":""artifacts/public_benchmark_governance/candidate_b_r003_taxonomy_v31_remaining101_zero_execution_census_v1/static_signal_inventory.csv""},{""kind"":""batch_roster"",""locator"":""program_id=5bf8a1f3934680a03fdc52a96fcca133f19f3a6885bcc6c4f81bd72ef2bdc6b4"",""path"":""artifacts/public_benchmark_governance/candidate_b_r003_taxonomy_v31_remaining101_zero_execution_census_v1/next_adjudication_batch_roster.csv""},{""kind"":""evaluator_outcome"",""locator"":""program_id=5bf8a1f3934680a03fdc52a96fcca133f19f3a6885bcc6c4f81bd72ef2bdc6b4;evalplus_base=pass;evalplus_plus=fail"",""path"":""artifacts/public_benchmark_governance/candidate_b_r003_taxonomy_v3_formal_classification_preparation_v1/classification_preparation.csv""}]",evaluation_source:split('-') reorder + trailing assert,tasks.jsonl#task_id=Mbpp/427,artifacts/public_benchmark_governance/candidate_b_r003_taxonomy_v3_formal_classification_preparation_v1/classification_preparation.csv#program_id=5bf8a1f3934680a03fdc52a96fcca133f19f3a6885bcc6c4f81bd72ef2bdc6b4,taxonomy_v31_batch01_provisional_v1_static_adjudicator,2026-07-21T14:41:00+08:00,Public date rewrite matches; layer not closable.,signal≠layer
8,candidate_b_r003_taxonomy_v31_remaining101_batch01_20cell_provisional_v2,FORMALLY_FROZEN_AI_ASSISTED_PROVISIONAL_ADJUDICATION,READY_TO_FREEZE_BATCH01_20CELL_V2,8,3ae8c9fea0e8c5289b47ee54c40382831ba0219197b3d8bfe141f91a2e7ae1c3,643332a7c66f839f75e24546129bca2d4aacf4cdbd005fce6765c2e811855238,5e4f3547d664de916546e430068ff97295cdfb83fa156ec81f847f5bbe18a76a,Mbpp/572,MBPP+,Qwen2.5-Coder-3B-Instruct/q35_9b_replay_r003,Candidate_B/H0,44,6b35dab01c93347b6b2539d9e19ff41b5c57e075c4cd0d87ab66a9f0523799b3,artifacts/public_benchmark_development/mbpp_candidate_b_development60/runs/mbpp_q35_9b_candidate_b_development60_replay_r003/h0_h1_accounts.jsonl#program_id=643332a7c66f839f75e24546129bca2d4aacf4cdbd005fce6765c2e811855238;healer_account=H0,ADJUDICATED,VALID_MODEL_OUTCOME,L5,,"[{""note"":""keeps first occurrence of every value → [1,2,3,4,5] vs public [1,4,5]"",""status"":""CONFIRMED"",""tag"":""incorrect_formula""},{""note"":""need keep-only-count==1 filter"",""status"":""CONFIRMED"",""tag"":""algorithm_reconstruction_required""},{""note"":""list vs list; content semantics fail"",""status"":""REJECTED"",""tag"":""return_shape_mismatch""},{""note"":""entry point correct"",""status"":""REJECTED"",""tag"":""entry_point_unique_candidate""}]",parseable two_unique_nums → seen-set dedupe keeps all first occurrences → public assert requires elements with count==1 only → primary=L5 → healer=abstain,abstain,Algorithm rewrite from dedupe to unique-count filter.,,,,public assert; static seen-set logic,,,HIGH,"[{""kind"":""public_task"",""locator"":""task_id=Mbpp/572"",""path"":""data/mbpp_plus/tasks.jsonl""},{""kind"":""raw_generation"",""locator"":""program_id=643332a7c66f839f75e24546129bca2d4aacf4cdbd005fce6765c2e811855238;healer_account=H0"",""path"":""artifacts/public_benchmark_development/mbpp_candidate_b_development60/runs/mbpp_q35_9b_candidate_b_development60_replay_r003/h0_h1_accounts.jsonl""},{""kind"":""planning_signal"",""locator"":""program_id=643332a7c66f839f75e24546129bca2d4aacf4cdbd005fce6765c2e811855238"",""path"":""artifacts/public_benchmark_governance/candidate_b_r003_taxonomy_v31_remaining101_zero_execution_census_v1/static_signal_inventory.csv""},{""kind"":""batch_roster"",""locator"":""program_id=643332a7c66f839f75e24546129bca2d4aacf4cdbd005fce6765c2e811855238"",""path"":""artifacts/public_benchmark_governance/candidate_b_r003_taxonomy_v31_remaining101_zero_execution_census_v1/next_adjudication_batch_roster.csv""},{""kind"":""evaluator_outcome"",""locator"":""program_id=643332a7c66f839f75e24546129bca2d4aacf4cdbd005fce6765c2e811855238;evalplus_base=fail;evalplus_plus=fail"",""path"":""artifacts/public_benchmark_governance/candidate_b_r003_taxonomy_v3_formal_classification_preparation_v1/classification_preparation.csv""}]",evaluation_source:seen set append-if-new,tasks.jsonl#task_id=Mbpp/572,artifacts/public_benchmark_governance/candidate_b_r003_taxonomy_v3_formal_classification_preparation_v1/classification_preparation.csv#program_id=643332a7c66f839f75e24546129bca2d4aacf4cdbd005fce6765c2e811855238,taxonomy_v31_batch01_provisional_v1_static_adjudicator,2026-07-21T14:41:00+08:00,Public example uniquely proves semantic mismatch vs dedupe.,not L2
9,candidate_b_r003_taxonomy_v31_remaining101_batch01_20cell_provisional_v2,FORMALLY_FROZEN_AI_ASSISTED_PROVISIONAL_ADJUDICATION,READY_TO_FREEZE_BATCH01_20CELL_V2,9,22b562e628fd6ed91292ecef0fff928e454fb74ffcfa98e999b7a23bf8537313,81cd6f1d055d47e781e3d08c914571b1959ebc39655a00f7ecfd110508503b4e,e620cba770bcd2fb047bc27efae8eed206cb95f8f0a5e89631dd65d5fbda3d34,Mbpp/427,MBPP+,Qwen2.5-Coder-3B-Instruct/q35_9b_replay_r003,Candidate_B/H0,11,117a0045fa61455a4bdcecf7b429713313b0b40f31a62e79afe337d9011411ee,artifacts/public_benchmark_development/mbpp_candidate_b_development60/runs/mbpp_q35_9b_candidate_b_development60_replay_r003/h0_h1_accounts.jsonl#program_id=81cd6f1d055d47e781e3d08c914571b1959ebc39655a00f7ecfd110508503b4e;healer_account=H0,ADJUDICATED,VALID_MODEL_OUTCOME,UNRESOLVED,,"[{""note"":""same reorder logic matches public example"",""status"":""CONFIRMED"",""tag"":""public_examples_non_discriminating""},{""note"":""planning only"",""status"":""SUSPECTED"",""tag"":""return_shape_mismatch""},{""note"":""plus-fail unknown"",""status"":""CONFIRMED"",""tag"":""diagnostic_execution_required""},{""note"":""not an error"",""status"":""REJECTED"",""tag"":""entry_point_unique_candidate""}]",parseable change_date_format; public example satisfied → plus-fail unresolved → primary=UNRESOLVED → healer=abstain,abstain,Unresolved root cause.,,,public_examples_non_discriminating_plus_fail,public assert match,failing plus case behavior,non-oracle capture of first failing plus case,LOW,"[{""kind"":""public_task"",""locator"":""task_id=Mbpp/427"",""path"":""data/mbpp_plus/tasks.jsonl""},{""kind"":""raw_generation"",""locator"":""program_id=81cd6f1d055d47e781e3d08c914571b1959ebc39655a00f7ecfd110508503b4e;healer_account=H0"",""path"":""artifacts/public_benchmark_development/mbpp_candidate_b_development60/runs/mbpp_q35_9b_candidate_b_development60_replay_r003/h0_h1_accounts.jsonl""},{""kind"":""planning_signal"",""locator"":""program_id=81cd6f1d055d47e781e3d08c914571b1959ebc39655a00f7ecfd110508503b4e"",""path"":""artifacts/public_benchmark_governance/candidate_b_r003_taxonomy_v31_remaining101_zero_execution_census_v1/static_signal_inventory.csv""},{""kind"":""batch_roster"",""locator"":""program_id=81cd6f1d055d47e781e3d08c914571b1959ebc39655a00f7ecfd110508503b4e"",""path"":""artifacts/public_benchmark_governance/candidate_b_r003_taxonomy_v31_remaining101_zero_execution_census_v1/next_adjudication_batch_roster.csv""},{""kind"":""evaluator_outcome"",""locator"":""program_id=81cd6f1d055d47e781e3d08c914571b1959ebc39655a00f7ecfd110508503b4e;evalplus_base=pass;evalplus_plus=fail"",""path"":""artifacts/public_benchmark_governance/candidate_b_r003_taxonomy_v3_formal_classification_preparation_v1/classification_preparation.csv""}]",evaluation_source:split('-') reorder,tasks.jsonl#task_id=Mbpp/427,artifacts/public_benchmark_governance/candidate_b_r003_taxonomy_v3_formal_classification_preparation_v1/classification_preparation.csv#program_id=81cd6f1d055d47e781e3d08c914571b1959ebc39655a00f7ecfd110508503b4e,taxonomy_v31_batch01_provisional_v1_static_adjudicator,2026-07-21T14:41:00+08:00,Distinct source for Mbpp/427; still cannot close layer.,signal≠layer
10,candidate_b_r003_taxonomy_v31_remaining101_batch01_20cell_provisional_v2,FORMALLY_FROZEN_AI_ASSISTED_PROVISIONAL_ADJUDICATION,READY_TO_FREEZE_BATCH01_20CELL_V2,10,6d448f6ee482f0b06f544eae6aee82486a45720beb1b365a3ccf12ac4a961529,94ad97956f46bf1c8310acc9ba772d28e446fd47a066ac3a10c19733cdb80eb5,4232a0988257265f142d08fb6513e8204bbcc3ad620c2ada06b255b92b695d62,Mbpp/237,MBPP+,Qwen2.5-Coder-3B-Instruct/q35_9b_replay_r003,Candidate_B/H0,11,b4d3a4a3f59d9be60cdb8561b71799b9d81e24b537d4c103146d362e920cdba4,artifacts/public_benchmark_development/mbpp_candidate_b_development60/runs/mbpp_q35_9b_candidate_b_development60_replay_r003/h0_h1_accounts.jsonl#program_id=94ad97956f46bf1c8310acc9ba772d28e446fd47a066ac3a10c19733cdb80eb5;healer_account=H0,ADJUDICATED,VALID_MODEL_OUTCOME,L5,,"[{""note"":""Counter treats (3,1)≠(1,3); public expects sorted-key {(1,3):2,...}"",""status"":""CONFIRMED"",""tag"":""incorrect_formula""},{""note"":""need canonicalize tuple order before count"",""status"":""SUPPORTED"",""tag"":""algorithm_reconstruction_required""},{""note"":""dict vs dict; key semantics fail"",""status"":""REJECTED"",""tag"":""return_shape_mismatch""},{""note"":""entry point correct"",""status"":""REJECTED"",""tag"":""entry_point_unique_candidate""}]",parseable check_occurences → dict(Counter(lst)) keeps order-sensitive keys → public assert merges reversed pairs into sorted keys → primary=L5 → healer=abstain,abstain,"Canonicalize-then-count repair is not uniquely constrained (arity>2, key form); prior governance rejected conditional without closed safety.",,,,public assert with order-insensitive keys; Counter body,,,HIGH,"[{""kind"":""public_task"",""locator"":""task_id=Mbpp/237"",""path"":""data/mbpp_plus/tasks.jsonl""},{""kind"":""raw_generation"",""locator"":""program_id=94ad97956f46bf1c8310acc9ba772d28e446fd47a066ac3a10c19733cdb80eb5;healer_account=H0"",""path"":""artifacts/public_benchmark_development/mbpp_candidate_b_development60/runs/mbpp_q35_9b_candidate_b_development60_replay_r003/h0_h1_accounts.jsonl""},{""kind"":""planning_signal"",""locator"":""program_id=94ad97956f46bf1c8310acc9ba772d28e446fd47a066ac3a10c19733cdb80eb5"",""path"":""artifacts/public_benchmark_governance/candidate_b_r003_taxonomy_v31_remaining101_zero_execution_census_v1/static_signal_inventory.csv""},{""kind"":""batch_roster"",""locator"":""program_id=94ad97956f46bf1c8310acc9ba772d28e446fd47a066ac3a10c19733cdb80eb5"",""path"":""artifacts/public_benchmark_governance/candidate_b_r003_taxonomy_v31_remaining101_zero_execution_census_v1/next_adjudication_batch_roster.csv""},{""kind"":""evaluator_outcome"",""locator"":""program_id=94ad97956f46bf1c8310acc9ba772d28e446fd47a066ac3a10c19733cdb80eb5;evalplus_base=fail;evalplus_plus=fail"",""path"":""artifacts/public_benchmark_governance/candidate_b_r003_taxonomy_v3_formal_classification_preparation_v1/classification_preparation.csv""}]",evaluation_source:dict(Counter(lst)),tasks.jsonl#task_id=Mbpp/237,artifacts/public_benchmark_governance/candidate_b_r003_taxonomy_v3_formal_classification_preparation_v1/classification_preparation.csv#program_id=94ad97956f46bf1c8310acc9ba772d28e446fd47a066ac3a10c19733cdb80eb5,taxonomy_v31_batch01_provisional_v1_static_adjudicator,2026-07-21T14:41:00+08:00,Public mapping uniquely proves semantic key-normalization failure.,not L2; healer abstain (not eligible)
11,candidate_b_r003_taxonomy_v31_remaining101_batch01_20cell_provisional_v2,FORMALLY_FROZEN_AI_ASSISTED_PROVISIONAL_ADJUDICATION,READY_TO_FREEZE_BATCH01_20CELL_V2,11,e6a43d41f541ecd6759cfff0ba9f05c9c9c92fb816db866b9372a33a26f231fb,ae0ea3edc7597b91f18d21dae1503c2333353a0b9686af9742afd8e1f056e10a,6598d591b790f2b6274311114905405631f407a001853c917da18151f6211810,Mbpp/410,MBPP+,Qwen2.5-Coder-3B-Instruct/q35_9b_replay_r003,Candidate_B/H0,44,975a10b5af9d84128c3e28316b6d4a8b89038f6fc69cced613813a75a73cac39,artifacts/public_benchmark_development/mbpp_candidate_b_development60/runs/mbpp_q35_9b_candidate_b_development60_replay_r003/h0_h1_accounts.jsonl#program_id=ae0ea3edc7597b91f18d21dae1503c2333353a0b9686af9742afd8e1f056e10a;healer_account=H0,ADJUDICATED,VALID_MODEL_OUTCOME,UNRESOLVED,,"[{""note"":""public numeric min equals 2"",""status"":""CONFIRMED"",""tag"":""public_examples_non_discriminating""},{""note"":""planning only"",""status"":""SUSPECTED"",""tag"":""return_shape_mismatch""},{""note"":""plus-fail unknown"",""status"":""CONFIRMED"",""tag"":""diagnostic_execution_required""},{""note"":""not an error"",""status"":""REJECTED"",""tag"":""entry_point_unique_candidate""}]",parseable min_val with empty-list ValueError guard → public assert satisfied → plus-fail unresolved → primary=UNRESOLVED → healer=abstain,abstain,Unresolved root cause.,,,public_examples_non_discriminating_plus_fail,public assert match,failing plus case behavior,non-oracle capture of first failing plus case,LOW,"[{""kind"":""public_task"",""locator"":""task_id=Mbpp/410"",""path"":""data/mbpp_plus/tasks.jsonl""},{""kind"":""raw_generation"",""locator"":""program_id=ae0ea3edc7597b91f18d21dae1503c2333353a0b9686af9742afd8e1f056e10a;healer_account=H0"",""path"":""artifacts/public_benchmark_development/mbpp_candidate_b_development60/runs/mbpp_q35_9b_candidate_b_development60_replay_r003/h0_h1_accounts.jsonl""},{""kind"":""planning_signal"",""locator"":""program_id=ae0ea3edc7597b91f18d21dae1503c2333353a0b9686af9742afd8e1f056e10a"",""path"":""artifacts/public_benchmark_governance/candidate_b_r003_taxonomy_v31_remaining101_zero_execution_census_v1/static_signal_inventory.csv""},{""kind"":""batch_roster"",""locator"":""program_id=ae0ea3edc7597b91f18d21dae1503c2333353a0b9686af9742afd8e1f056e10a"",""path"":""artifacts/public_benchmark_governance/candidate_b_r003_taxonomy_v31_remaining101_zero_execution_census_v1/next_adjudication_batch_roster.csv""},{""kind"":""evaluator_outcome"",""locator"":""program_id=ae0ea3edc7597b91f18d21dae1503c2333353a0b9686af9742afd8e1f056e10a;evalplus_base=pass;evalplus_plus=fail"",""path"":""artifacts/public_benchmark_governance/candidate_b_r003_taxonomy_v3_formal_classification_preparation_v1/classification_preparation.csv""}]",evaluation_source:empty check + numeric min,tasks.jsonl#task_id=Mbpp/410,artifacts/public_benchmark_governance/candidate_b_r003_taxonomy_v3_formal_classification_preparation_v1/classification_preparation.csv#program_id=ae0ea3edc7597b91f18d21dae1503c2333353a0b9686af9742afd8e1f056e10a,taxonomy_v31_batch01_provisional_v1_static_adjudicator,2026-07-21T14:41:00+08:00,Public example matches; layer not closable.,signal≠layer
12,candidate_b_r003_taxonomy_v31_remaining101_batch01_20cell_provisional_v2,FORMALLY_FROZEN_AI_ASSISTED_PROVISIONAL_ADJUDICATION,READY_TO_FREEZE_BATCH01_20CELL_V2,12,ebcb92e0b808fd8b1d94f96b4d6d038da28bab2f431f191bb1e6ac586d224796,bbcfbf7cb6786406b7dde275f718e2fcc2b980043166bfc200703d5cbef2b8dc,d15d4edc70c54f81e92cb072b1661a325d33768fe011b3348b1df66ae0a3107a,Mbpp/16,MBPP+,Qwen2.5-Coder-3B-Instruct/q35_9b_replay_r003,Candidate_B/H0,44,2e3dcb1fb00ddfcb1f777ba801a15c69f1caa2723f33ea9c949d911db3369843,artifacts/public_benchmark_development/mbpp_candidate_b_development60/runs/mbpp_q35_9b_candidate_b_development60_replay_r003/h0_h1_accounts.jsonl#program_id=bbcfbf7cb6786406b7dde275f718e2fcc2b980043166bfc200703d5cbef2b8dc;healer_account=H0,ADJUDICATED,VALID_MODEL_OUTCOME,UNRESOLVED,,"[{""note"":""aab_cbbbc split/islower yields True"",""status"":""CONFIRMED"",""tag"":""public_examples_non_discriminating""},{""note"":""planning only"",""status"":""SUSPECTED"",""tag"":""return_shape_mismatch""},{""note"":""plus-fail unknown"",""status"":""CONFIRMED"",""tag"":""diagnostic_execution_required""},{""note"":""not an error"",""status"":""REJECTED"",""tag"":""entry_point_unique_candidate""}]",parseable text_lowercase_underscore → public True example satisfied → plus-fail unresolved → primary=UNRESOLVED → healer=abstain,abstain,Unresolved root cause.,,,public_examples_non_discriminating_plus_fail,public assert match,failing plus case behavior / false-negative cases,non-oracle capture of first failing plus case,LOW,"[{""kind"":""public_task"",""locator"":""task_id=Mbpp/16"",""path"":""data/mbpp_plus/tasks.jsonl""},{""kind"":""raw_generation"",""locator"":""program_id=bbcfbf7cb6786406b7dde275f718e2fcc2b980043166bfc200703d5cbef2b8dc;healer_account=H0"",""path"":""artifacts/public_benchmark_development/mbpp_candidate_b_development60/runs/mbpp_q35_9b_candidate_b_development60_replay_r003/h0_h1_accounts.jsonl""},{""kind"":""planning_signal"",""locator"":""program_id=bbcfbf7cb6786406b7dde275f718e2fcc2b980043166bfc200703d5cbef2b8dc"",""path"":""artifacts/public_benchmark_governance/candidate_b_r003_taxonomy_v31_remaining101_zero_execution_census_v1/static_signal_inventory.csv""},{""kind"":""batch_roster"",""locator"":""program_id=bbcfbf7cb6786406b7dde275f718e2fcc2b980043166bfc200703d5cbef2b8dc"",""path"":""artifacts/public_benchmark_governance/candidate_b_r003_taxonomy_v31_remaining101_zero_execution_census_v1/next_adjudication_batch_roster.csv""},{""kind"":""evaluator_outcome"",""locator"":""program_id=bbcfbf7cb6786406b7dde275f718e2fcc2b980043166bfc200703d5cbef2b8dc;evalplus_base=pass;evalplus_plus=fail"",""path"":""artifacts/public_benchmark_governance/candidate_b_r003_taxonomy_v3_formal_classification_preparation_v1/classification_preparation.csv""}]",evaluation_source:split('_') + islower,tasks.jsonl#task_id=Mbpp/16,artifacts/public_benchmark_governance/candidate_b_r003_taxonomy_v3_formal_classification_preparation_v1/classification_preparation.csv#program_id=bbcfbf7cb6786406b7dde275f718e2fcc2b980043166bfc200703d5cbef2b8dc,taxonomy_v31_batch01_provisional_v1_static_adjudicator,2026-07-21T14:41:00+08:00,Public example matches; cannot close L2/L5.,signal≠layer
13,candidate_b_r003_taxonomy_v31_remaining101_batch01_20cell_provisional_v2,FORMALLY_FROZEN_AI_ASSISTED_PROVISIONAL_ADJUDICATION,READY_TO_FREEZE_BATCH01_20CELL_V2,13,360a2c67148106e27b0843679632450b896475ac92f1ffd64379bbb3db883d0c,bce7d06fe15d627115b96c241688d603b61450245867becd7f426917dfcfa2a9,c372761f36477131b571012670731979310bc92b70e635ae5d23d829efa0cd72,Mbpp/138,MBPP+,Qwen2.5-Coder-3B-Instruct/q35_9b_replay_r003,Candidate_B/H0,44,6b1780ad7f13b00a3fd21a899fe76a9e56682776b50c523b8dbde67d2dfbe9e7,artifacts/public_benchmark_development/mbpp_candidate_b_development60/runs/mbpp_q35_9b_candidate_b_development60_replay_r003/h0_h1_accounts.jsonl#program_id=bce7d06fe15d627115b96c241688d603b61450245867becd7f426917dfcfa2a9;healer_account=H0,ADJUDICATED,VALID_MODEL_OUTCOME,UNRESOLVED,,"[{""note"":""bit-loop returns True for 10 matching public assert"",""status"":""CONFIRMED"",""tag"":""public_examples_non_discriminating""},{""note"":""bit logic looks nonstandard but not publicly falsified"",""status"":""SUSPECTED"",""tag"":""incorrect_formula""},{""note"":""module assert present"",""status"":""SUPPORTED"",""tag"":""extra_wrapper_or_output""},{""note"":""may need rewrite if other cases fail"",""status"":""SUSPECTED"",""tag"":""algorithm_reconstruction_required""},{""note"":""planning only"",""status"":""SUSPECTED"",""tag"":""return_shape_mismatch""},{""note"":""base/plus failures not publicly localized"",""status"":""CONFIRMED"",""tag"":""diagnostic_execution_required""},{""note"":""L5 vs packaging vs other"",""status"":""SUPPORTED"",""tag"":""multiple_plausible_root_causes""},{""note"":""not an error"",""status"":""REJECTED"",""tag"":""entry_point_unique_candidate""}]",parseable is_Sum_Of_Powers_Of_Two → public True example satisfied by static path for n=10 → base/plus failures not closable from one public True example → primary=UNRESOLVED → healer=abstain,abstain,Unresolved; suspicious formula not confirmed against additional public cases.,,,public_examples_non_discriminating_need_diagnostics,public assert True path; packaging assert,additional public/base failing inputs and observed returns,non-oracle observation of first failing base/plus case,LOW,"[{""kind"":""public_task"",""locator"":""task_id=Mbpp/138"",""path"":""data/mbpp_plus/tasks.jsonl""},{""kind"":""raw_generation"",""locator"":""program_id=bce7d06fe15d627115b96c241688d603b61450245867becd7f426917dfcfa2a9;healer_account=H0"",""path"":""artifacts/public_benchmark_development/mbpp_candidate_b_development60/runs/mbpp_q35_9b_candidate_b_development60_replay_r003/h0_h1_accounts.jsonl""},{""kind"":""planning_signal"",""locator"":""program_id=bce7d06fe15d627115b96c241688d603b61450245867becd7f426917dfcfa2a9"",""path"":""artifacts/public_benchmark_governance/candidate_b_r003_taxonomy_v31_remaining101_zero_execution_census_v1/static_signal_inventory.csv""},{""kind"":""batch_roster"",""locator"":""program_id=bce7d06fe15d627115b96c241688d603b61450245867becd7f426917dfcfa2a9"",""path"":""artifacts/public_benchmark_governance/candidate_b_r003_taxonomy_v31_remaining101_zero_execution_census_v1/next_adjudication_batch_roster.csv""},{""kind"":""evaluator_outcome"",""locator"":""program_id=bce7d06fe15d627115b96c241688d603b61450245867becd7f426917dfcfa2a9;evalplus_base=fail;evalplus_plus=fail"",""path"":""artifacts/public_benchmark_governance/candidate_b_r003_taxonomy_v3_formal_classification_preparation_v1/classification_preparation.csv""}]",evaluation_source:while n>1 bit tests + trailing assert,tasks.jsonl#task_id=Mbpp/138,artifacts/public_benchmark_governance/candidate_b_r003_taxonomy_v3_formal_classification_preparation_v1/classification_preparation.csv#program_id=bce7d06fe15d627115b96c241688d603b61450245867becd7f426917dfcfa2a9,taxonomy_v31_batch01_provisional_v1_static_adjudicator,2026-07-21T14:41:00+08:00,Single public True example does not close layer; do not equate FAIL→L5.,signal≠layer
14,candidate_b_r003_taxonomy_v31_remaining101_batch01_20cell_provisional_v2,FORMALLY_FROZEN_AI_ASSISTED_PROVISIONAL_ADJUDICATION,READY_TO_FREEZE_BATCH01_20CELL_V2,14,0b022ac7499d438587247188eb4d83ed24b12b30b34aa9ca0a4bbdf643cb4e85,bfa80269cd8ac74c1987bbbac1e79a24054e0e85f65cf1a4afe972f89b56e57b,ee91cbd1e4e843a20ad5e517135995220881374956c3be0191c2a442ddafbd77,Mbpp/103,MBPP+,Qwen2.5-Coder-3B-Instruct/q35_9b_replay_r003,Candidate_B/H0,44,2f8d29f4c3ca7e3ef8af0358f31ffce11b38290a57a85c4d351c29c4cf2a857b,artifacts/public_benchmark_development/mbpp_candidate_b_development60/runs/mbpp_q35_9b_candidate_b_development60_replay_r003/h0_h1_accounts.jsonl#program_id=bfa80269cd8ac74c1987bbbac1e79a24054e0e85f65cf1a4afe972f89b56e57b;healer_account=H0,ADJUDICATED,VALID_MODEL_OUTCOME,L5,,"[{""note"":""STATIC structural expansion (not a new execution): nested loops never write A[3][1]; return A[n][m] remains initializer 0, contradicting public assert ==4"",""status"":""CONFIRMED"",""tag"":""incorrect_formula""},{""note"":""DP write-set/boundary design wrong; repair requires reconstructing recurrence"",""status"":""CONFIRMED"",""tag"":""algorithm_reconstruction_required""},{""note"":""public assert eulerian_num(3,1)==4 uniquely closes L5 via static expansion"",""status"":""REJECTED"",""tag"":""public_examples_non_discriminating""},{""note"":""no longer required after static A[3][1]=0 proof"",""status"":""REJECTED"",""tag"":""diagnostic_execution_required""},{""note"":""semantic/algorithm layer closed; not an L4/L5 ambiguity"",""status"":""REJECTED"",""tag"":""runtime_vs_semantic_not_closed""},{""note"":""int scalar return family matches; planning signal is not root cause"",""status"":""REJECTED"",""tag"":""return_shape_mismatch""},{""note"":""expected entry point present; not an error"",""status"":""REJECTED"",""tag"":""entry_point_unique_candidate""}]","STATIC DP table/loop-boundary expansion (not a new candidate execution) → A[3][1] is never written by any i/j update path → return A[n][m] reads that uninitialized slot as 0 for public input (3,1) → contradicts public assert requiring 4 → root cause is DP state-transition/boundary design → repair requires reconstructing algorithmic semantics → primary=L5 → deterministic Healer abstain",abstain,L5 DP algorithm reconstruction is not a unique contract-local safe edit; deterministic Healer abstain.,,,,"public assert eulerian_num(3,1)==4; static DP write-path expansion showing A[3][1] never updated",,,HIGH,"[{""kind"":""public_task"",""locator"":""task_id=Mbpp/103"",""path"":""data/mbpp_plus/tasks.jsonl""},{""kind"":""raw_generation"",""locator"":""program_id=bfa80269cd8ac74c1987bbbac1e79a24054e0e85f65cf1a4afe972f89b56e57b;healer_account=H0"",""path"":""artifacts/public_benchmark_development/mbpp_candidate_b_development60/runs/mbpp_q35_9b_candidate_b_development60_replay_r003/h0_h1_accounts.jsonl""},{""kind"":""planning_signal"",""locator"":""program_id=bfa80269cd8ac74c1987bbbac1e79a24054e0e85f65cf1a4afe972f89b56e57b"",""path"":""artifacts/public_benchmark_governance/candidate_b_r003_taxonomy_v31_remaining101_zero_execution_census_v1/static_signal_inventory.csv""},{""kind"":""batch_roster"",""locator"":""program_id=bfa80269cd8ac74c1987bbbac1e79a24054e0e85f65cf1a4afe972f89b56e57b"",""path"":""artifacts/public_benchmark_governance/candidate_b_r003_taxonomy_v31_remaining101_zero_execution_census_v1/next_adjudication_batch_roster.csv""},{""kind"":""evaluator_outcome"",""locator"":""program_id=bfa80269cd8ac74c1987bbbac1e79a24054e0e85f65cf1a4afe972f89b56e57b;evalplus_base=fail;evalplus_plus=fail"",""path"":""artifacts/public_benchmark_governance/candidate_b_r003_taxonomy_v3_formal_classification_preparation_v1/classification_preparation.csv""},{""kind"":""post_adjudication_audit"",""locator"":""program_id=bfa80269cd8ac74c1987bbbac1e79a24054e0e85f65cf1a4afe972f89b56e57b;primary_layer_verdict=CHALLENGED"",""path"":""artifacts/public_benchmark_governance/candidate_b_r003_taxonomy_v31_remaining101_batch01_20cell_post_adjudication_audit_v1/per_cell_audit_records.csv""},{""kind"":""post_adjudication_finding"",""locator"":""program_id=bfa80269cd8ac74c1987bbbac1e79a24054e0e85f65cf1a4afe972f89b56e57b;materiality=MATERIAL"",""path"":""artifacts/public_benchmark_governance/candidate_b_r003_taxonomy_v31_remaining101_batch01_20cell_post_adjudication_audit_v1/audit_findings.csv""}]",evaluation_source:DP nested loops A[n][m],tasks.jsonl#task_id=Mbpp/103,artifacts/public_benchmark_governance/candidate_b_r003_taxonomy_v3_formal_classification_preparation_v1/classification_preparation.csv#program_id=bfa80269cd8ac74c1987bbbac1e79a24054e0e85f65cf1a4afe972f89b56e57b,taxonomy_v31_batch01_provisional_v2_static_adjudicator,2026-07-21T15:03:00+08:00,"Post-adjudication audit MATERIAL correction: static expansion of the written DP loops shows A[3][1] is never assigned, so eulerian_num(3,1) structurally returns initializer 0 ≠ public assert 4. This is structural static reasoning, not a newly executed candidate run. HIGH L5 closed; healer remains abstain.",audit_v1_material_correction; return_shape planning signal remains rejected as root cause
15,candidate_b_r003_taxonomy_v31_remaining101_batch01_20cell_provisional_v2,FORMALLY_FROZEN_AI_ASSISTED_PROVISIONAL_ADJUDICATION,READY_TO_FREEZE_BATCH01_20CELL_V2,15,7f4bce3588e433594bd3ce0e9d2789dcfe27d272d53bd461bc5327ba8ccbaec1,cefff3d8a490047c757f7779c27204cf684a5b89df2223e5b7b447475b3f30af,0c9c6d018c5f879ed65f6d09d29f100d7f5e8a7f6af06aade78a0db7203aba1a,Mbpp/16,MBPP+,Qwen2.5-Coder-3B-Instruct/q35_9b_replay_r003,Candidate_B/H0,33,dc6a03edc62dd1e34c04ca192cf81ee3b0b1c51b83b570c6ab3261e5423e0f7d,artifacts/public_benchmark_development/mbpp_candidate_b_development60/runs/mbpp_q35_9b_candidate_b_development60_replay_r003/h0_h1_accounts.jsonl#program_id=cefff3d8a490047c757f7779c27204cf684a5b89df2223e5b7b447475b3f30af;healer_account=H0,ADJUDICATED,VALID_MODEL_OUTCOME,UNRESOLVED,,"[{""note"":""public True example satisfied"",""status"":""CONFIRMED"",""tag"":""public_examples_non_discriminating""},{""note"":""planning only"",""status"":""SUSPECTED"",""tag"":""return_shape_mismatch""},{""note"":""plus-fail unknown"",""status"":""CONFIRMED"",""tag"":""diagnostic_execution_required""},{""note"":""not an error"",""status"":""REJECTED"",""tag"":""entry_point_unique_candidate""}]",parseable text_lowercase_underscore → public example satisfied → plus-fail unresolved → primary=UNRESOLVED → healer=abstain,abstain,Unresolved root cause.,,,public_examples_non_discriminating_plus_fail,public assert match,failing plus case behavior,non-oracle capture of first failing plus case,LOW,"[{""kind"":""public_task"",""locator"":""task_id=Mbpp/16"",""path"":""data/mbpp_plus/tasks.jsonl""},{""kind"":""raw_generation"",""locator"":""program_id=cefff3d8a490047c757f7779c27204cf684a5b89df2223e5b7b447475b3f30af;healer_account=H0"",""path"":""artifacts/public_benchmark_development/mbpp_candidate_b_development60/runs/mbpp_q35_9b_candidate_b_development60_replay_r003/h0_h1_accounts.jsonl""},{""kind"":""planning_signal"",""locator"":""program_id=cefff3d8a490047c757f7779c27204cf684a5b89df2223e5b7b447475b3f30af"",""path"":""artifacts/public_benchmark_governance/candidate_b_r003_taxonomy_v31_remaining101_zero_execution_census_v1/static_signal_inventory.csv""},{""kind"":""batch_roster"",""locator"":""program_id=cefff3d8a490047c757f7779c27204cf684a5b89df2223e5b7b447475b3f30af"",""path"":""artifacts/public_benchmark_governance/candidate_b_r003_taxonomy_v31_remaining101_zero_execution_census_v1/next_adjudication_batch_roster.csv""},{""kind"":""evaluator_outcome"",""locator"":""program_id=cefff3d8a490047c757f7779c27204cf684a5b89df2223e5b7b447475b3f30af;evalplus_base=pass;evalplus_plus=fail"",""path"":""artifacts/public_benchmark_governance/candidate_b_r003_taxonomy_v3_formal_classification_preparation_v1/classification_preparation.csv""}]",evaluation_source:split + islower/empty checks,tasks.jsonl#task_id=Mbpp/16,artifacts/public_benchmark_governance/candidate_b_r003_taxonomy_v3_formal_classification_preparation_v1/classification_preparation.csv#program_id=cefff3d8a490047c757f7779c27204cf684a5b89df2223e5b7b447475b3f30af,taxonomy_v31_batch01_provisional_v1_static_adjudicator,2026-07-21T14:41:00+08:00,Public example matches; layer not closable.,signal≠layer
16,candidate_b_r003_taxonomy_v31_remaining101_batch01_20cell_provisional_v2,FORMALLY_FROZEN_AI_ASSISTED_PROVISIONAL_ADJUDICATION,READY_TO_FREEZE_BATCH01_20CELL_V2,16,b77bdc9f23f0358a534ae4a83548b6715d981aaf6508eee5b7c110626faca8cd,d6cc3d6bdcc0be8b24448e7ba5b9808a9e505adf3b7dccbde8d30259c2d18cad,effee1ae7fc2e727562ee98af5a2181c3f49940bb611e219dfbd25fa4451abef,Mbpp/581,MBPP+,Qwen2.5-Coder-3B-Instruct/q35_9b_replay_r003,Candidate_B/H0,55,6097f7960b2b469fab190a3c5bd476f2bf9d3fc41f8716d74f09b37dc690a602,artifacts/public_benchmark_development/mbpp_candidate_b_development60/runs/mbpp_q35_9b_candidate_b_development60_replay_r003/h0_h1_accounts.jsonl#program_id=d6cc3d6bdcc0be8b24448e7ba5b9808a9e505adf3b7dccbde8d30259c2d18cad;healer_account=H0,ADJUDICATED,VALID_MODEL_OUTCOME,L5,,"[{""note"":""base² + base*slant ≈21.82 ≠ public 33"",""status"":""CONFIRMED"",""tag"":""incorrect_formula""},{""note"":""correct pyramid TSA formula unknown uniquely"",""status"":""SUPPORTED"",""tag"":""algorithm_reconstruction_required""},{""note"":""float scalar OK"",""status"":""REJECTED"",""tag"":""return_shape_mismatch""},{""note"":""entry point correct"",""status"":""REJECTED"",""tag"":""entry_point_unique_candidate""}]","parseable surface_Area → static slant/lateral formula expands ≠33 → public assert surface_Area(3,4)==33 → primary=L5 → healer=abstain",abstain,Geometric formula reconstruction not unique/safe.,,,,public numeric assert; closed-form source,,,HIGH,"[{""kind"":""public_task"",""locator"":""task_id=Mbpp/581"",""path"":""data/mbpp_plus/tasks.jsonl""},{""kind"":""raw_generation"",""locator"":""program_id=d6cc3d6bdcc0be8b24448e7ba5b9808a9e505adf3b7dccbde8d30259c2d18cad;healer_account=H0"",""path"":""artifacts/public_benchmark_development/mbpp_candidate_b_development60/runs/mbpp_q35_9b_candidate_b_development60_replay_r003/h0_h1_accounts.jsonl""},{""kind"":""planning_signal"",""locator"":""program_id=d6cc3d6bdcc0be8b24448e7ba5b9808a9e505adf3b7dccbde8d30259c2d18cad"",""path"":""artifacts/public_benchmark_governance/candidate_b_r003_taxonomy_v31_remaining101_zero_execution_census_v1/static_signal_inventory.csv""},{""kind"":""batch_roster"",""locator"":""program_id=d6cc3d6bdcc0be8b24448e7ba5b9808a9e505adf3b7dccbde8d30259c2d18cad"",""path"":""artifacts/public_benchmark_governance/candidate_b_r003_taxonomy_v31_remaining101_zero_execution_census_v1/next_adjudication_batch_roster.csv""},{""kind"":""evaluator_outcome"",""locator"":""program_id=d6cc3d6bdcc0be8b24448e7ba5b9808a9e505adf3b7dccbde8d30259c2d18cad;evalplus_base=fail;evalplus_plus=fail"",""path"":""artifacts/public_benchmark_governance/candidate_b_r003_taxonomy_v3_formal_classification_preparation_v1/classification_preparation.csv""}]",evaluation_source:base_area + base_edge*slant_height,tasks.jsonl#task_id=Mbpp/581,artifacts/public_benchmark_governance/candidate_b_r003_taxonomy_v3_formal_classification_preparation_v1/classification_preparation.csv#program_id=d6cc3d6bdcc0be8b24448e7ba5b9808a9e505adf3b7dccbde8d30259c2d18cad,taxonomy_v31_batch01_provisional_v1_static_adjudicator,2026-07-21T14:41:00+08:00,Public arithmetic uniquely proves semantic formula failure.,not L2
17,candidate_b_r003_taxonomy_v31_remaining101_batch01_20cell_provisional_v2,FORMALLY_FROZEN_AI_ASSISTED_PROVISIONAL_ADJUDICATION,READY_TO_FREEZE_BATCH01_20CELL_V2,17,8fae4685154b12c0ac4c7456c2de80fa40c582f2be261ab918ceb24310411c80,da3b306e10fbd0e391950f9383ce978a7f07519334207d52f0738fadb1c4b7f6,79ddde1f1c4fb93383183e049d1e502948d9f354d7c75226d644a9d40472e542,Mbpp/118,MBPP+,Qwen2.5-Coder-3B-Instruct/q35_9b_replay_r003,Candidate_B/H0,44,340fe0329cf58bc41d4ef9ced9a8c022ae6a652faa67621d3346ffd0b7b90632,artifacts/public_benchmark_development/mbpp_candidate_b_development60/runs/mbpp_q35_9b_candidate_b_development60_replay_r003/h0_h1_accounts.jsonl#program_id=da3b306e10fbd0e391950f9383ce978a7f07519334207d52f0738fadb1c4b7f6;healer_account=H0,ADJUDICATED,VALID_MODEL_OUTCOME,UNRESOLVED,,"[{""note"":""s.split() matches public list example"",""status"":""CONFIRMED"",""tag"":""public_examples_non_discriminating""},{""note"":""module assert present"",""status"":""SUPPORTED"",""tag"":""extra_wrapper_or_output""},{""note"":""planning only"",""status"":""SUSPECTED"",""tag"":""return_shape_mismatch""},{""note"":""plus-fail unknown"",""status"":""CONFIRMED"",""tag"":""diagnostic_execution_required""},{""note"":""not an error"",""status"":""REJECTED"",""tag"":""entry_point_unique_candidate""}]",parseable string_to_list; public example satisfied → plus-fail unresolved → primary=UNRESOLVED → healer=abstain,abstain,Unresolved root cause.,,,public_examples_non_discriminating_plus_fail,public assert match; packaging assert,failing plus case behavior,non-oracle capture of first failing plus case,LOW,"[{""kind"":""public_task"",""locator"":""task_id=Mbpp/118"",""path"":""data/mbpp_plus/tasks.jsonl""},{""kind"":""raw_generation"",""locator"":""program_id=da3b306e10fbd0e391950f9383ce978a7f07519334207d52f0738fadb1c4b7f6;healer_account=H0"",""path"":""artifacts/public_benchmark_development/mbpp_candidate_b_development60/runs/mbpp_q35_9b_candidate_b_development60_replay_r003/h0_h1_accounts.jsonl""},{""kind"":""planning_signal"",""locator"":""program_id=da3b306e10fbd0e391950f9383ce978a7f07519334207d52f0738fadb1c4b7f6"",""path"":""artifacts/public_benchmark_governance/candidate_b_r003_taxonomy_v31_remaining101_zero_execution_census_v1/static_signal_inventory.csv""},{""kind"":""batch_roster"",""locator"":""program_id=da3b306e10fbd0e391950f9383ce978a7f07519334207d52f0738fadb1c4b7f6"",""path"":""artifacts/public_benchmark_governance/candidate_b_r003_taxonomy_v31_remaining101_zero_execution_census_v1/next_adjudication_batch_roster.csv""},{""kind"":""evaluator_outcome"",""locator"":""program_id=da3b306e10fbd0e391950f9383ce978a7f07519334207d52f0738fadb1c4b7f6;evalplus_base=pass;evalplus_plus=fail"",""path"":""artifacts/public_benchmark_governance/candidate_b_r003_taxonomy_v3_formal_classification_preparation_v1/classification_preparation.csv""}]",evaluation_source:s.split() + trailing assert,tasks.jsonl#task_id=Mbpp/118,artifacts/public_benchmark_governance/candidate_b_r003_taxonomy_v3_formal_classification_preparation_v1/classification_preparation.csv#program_id=da3b306e10fbd0e391950f9383ce978a7f07519334207d52f0738fadb1c4b7f6,taxonomy_v31_batch01_provisional_v1_static_adjudicator,2026-07-21T14:41:00+08:00,Public example matches; cannot close layer.,signal≠layer
18,candidate_b_r003_taxonomy_v31_remaining101_batch01_20cell_provisional_v2,FORMALLY_FROZEN_AI_ASSISTED_PROVISIONAL_ADJUDICATION,READY_TO_FREEZE_BATCH01_20CELL_V2,18,5a0a5a897eec0f270a2c121d6cdf0ca7168318a219de17b58f8d2f054d760f06,e762c7d5362d7c213d760547ce6d9f8bce9b515216b1b80877c78733f20520af,2d1ee18fee7763770d6d2df1d6c19ec3f005dbcbf02210b668578b098cf123eb,Mbpp/14,MBPP+,Qwen2.5-Coder-3B-Instruct/q35_9b_replay_r003,Candidate_B/H0,55,fcb91ca6175e113cf61a0e931641ce7b9d195984894ecd6d5c755f238d5543c1,artifacts/public_benchmark_development/mbpp_candidate_b_development60/runs/mbpp_q35_9b_candidate_b_development60_replay_r003/h0_h1_accounts.jsonl#program_id=e762c7d5362d7c213d760547ce6d9f8bce9b515216b1b80877c78733f20520af;healer_account=H0,ADJUDICATED,VALID_MODEL_OUTCOME,UNRESOLVED,,"[{""note"":""a*b*c//2 == 240 matches public"",""status"":""CONFIRMED"",""tag"":""public_examples_non_discriminating""},{""note"":""module assert present"",""status"":""SUPPORTED"",""tag"":""extra_wrapper_or_output""},{""note"":""planning only"",""status"":""SUSPECTED"",""tag"":""return_shape_mismatch""},{""note"":""plus-fail unknown"",""status"":""CONFIRMED"",""tag"":""diagnostic_execution_required""},{""note"":""not an error"",""status"":""REJECTED"",""tag"":""entry_point_unique_candidate""}]",parseable find_Volume; public arithmetic satisfied → plus-fail unresolved → primary=UNRESOLVED → healer=abstain,abstain,Unresolved root cause.,,,public_examples_non_discriminating_plus_fail,public assert match,failing plus case behavior (float/int/edge),non-oracle capture of first failing plus case,LOW,"[{""kind"":""public_task"",""locator"":""task_id=Mbpp/14"",""path"":""data/mbpp_plus/tasks.jsonl""},{""kind"":""raw_generation"",""locator"":""program_id=e762c7d5362d7c213d760547ce6d9f8bce9b515216b1b80877c78733f20520af;healer_account=H0"",""path"":""artifacts/public_benchmark_development/mbpp_candidate_b_development60/runs/mbpp_q35_9b_candidate_b_development60_replay_r003/h0_h1_accounts.jsonl""},{""kind"":""planning_signal"",""locator"":""program_id=e762c7d5362d7c213d760547ce6d9f8bce9b515216b1b80877c78733f20520af"",""path"":""artifacts/public_benchmark_governance/candidate_b_r003_taxonomy_v31_remaining101_zero_execution_census_v1/static_signal_inventory.csv""},{""kind"":""batch_roster"",""locator"":""program_id=e762c7d5362d7c213d760547ce6d9f8bce9b515216b1b80877c78733f20520af"",""path"":""artifacts/public_benchmark_governance/candidate_b_r003_taxonomy_v31_remaining101_zero_execution_census_v1/next_adjudication_batch_roster.csv""},{""kind"":""evaluator_outcome"",""locator"":""program_id=e762c7d5362d7c213d760547ce6d9f8bce9b515216b1b80877c78733f20520af;evalplus_base=pass;evalplus_plus=fail"",""path"":""artifacts/public_benchmark_governance/candidate_b_r003_taxonomy_v3_formal_classification_preparation_v1/classification_preparation.csv""}]",evaluation_source:a*b*c//2 + trailing assert,tasks.jsonl#task_id=Mbpp/14,artifacts/public_benchmark_governance/candidate_b_r003_taxonomy_v3_formal_classification_preparation_v1/classification_preparation.csv#program_id=e762c7d5362d7c213d760547ce6d9f8bce9b515216b1b80877c78733f20520af,taxonomy_v31_batch01_provisional_v1_static_adjudicator,2026-07-21T14:41:00+08:00,Public example matches; layer not closable.,signal≠layer
19,candidate_b_r003_taxonomy_v31_remaining101_batch01_20cell_provisional_v2,FORMALLY_FROZEN_AI_ASSISTED_PROVISIONAL_ADJUDICATION,READY_TO_FREEZE_BATCH01_20CELL_V2,19,01382bbb873bec949cdfd837b6cdbf14e2cf62c1e746c28feeb28ed93fe7e019,ece76238dc23e4c6ac96b346c685f1846406516726a1310a5427ae189f79cad6,3e9497cc6f9371b7a37d5067ecae68010cb0ad382b6e67532809dbbb499aa69b,Mbpp/721,MBPP+,Qwen2.5-Coder-3B-Instruct/q35_9b_replay_r003,Candidate_B/H0,33,0d76639b8bf9ca6a70c873833790302a0f7131f9117b03734f44ad8626413b0a,artifacts/public_benchmark_development/mbpp_candidate_b_development60/runs/mbpp_q35_9b_candidate_b_development60_replay_r003/h0_h1_accounts.jsonl#program_id=ece76238dc23e4c6ac96b346c685f1846406516726a1310a5427ae189f79cad6;healer_account=H0,ADJUDICATED,VALID_MODEL_OUTCOME,L5,,"[{""note"":""returns max_sum/n; path length for N×N right/down paths is 2N-1 (=5 for N=3); 26/5=5.2"",""status"":""CONFIRMED"",""tag"":""incorrect_formula""},{""note"":""average denominator wrong; may also need max-average vs max-sum"",""status"":""SUPPORTED"",""tag"":""algorithm_reconstruction_required""},{""note"":""float scalar OK"",""status"":""REJECTED"",""tag"":""return_shape_mismatch""},{""note"":""entry point correct"",""status"":""REJECTED"",""tag"":""entry_point_unique_candidate""}]",parseable maxAverageOfPath DP for max sum → divides by n instead of path cell count 2n-1 → public assert 5.2 implies sum/5 → primary=L5 → healer=abstain,abstain,Average-path formula reconstruction not a unique safe local edit.,,,,public assert 5.2; source return max_sum/n; path-length identity 2n-1,,,HIGH,"[{""kind"":""public_task"",""locator"":""task_id=Mbpp/721"",""path"":""data/mbpp_plus/tasks.jsonl""},{""kind"":""raw_generation"",""locator"":""program_id=ece76238dc23e4c6ac96b346c685f1846406516726a1310a5427ae189f79cad6;healer_account=H0"",""path"":""artifacts/public_benchmark_development/mbpp_candidate_b_development60/runs/mbpp_q35_9b_candidate_b_development60_replay_r003/h0_h1_accounts.jsonl""},{""kind"":""planning_signal"",""locator"":""program_id=ece76238dc23e4c6ac96b346c685f1846406516726a1310a5427ae189f79cad6"",""path"":""artifacts/public_benchmark_governance/candidate_b_r003_taxonomy_v31_remaining101_zero_execution_census_v1/static_signal_inventory.csv""},{""kind"":""batch_roster"",""locator"":""program_id=ece76238dc23e4c6ac96b346c685f1846406516726a1310a5427ae189f79cad6"",""path"":""artifacts/public_benchmark_governance/candidate_b_r003_taxonomy_v31_remaining101_zero_execution_census_v1/next_adjudication_batch_roster.csv""},{""kind"":""evaluator_outcome"",""locator"":""program_id=ece76238dc23e4c6ac96b346c685f1846406516726a1310a5427ae189f79cad6;evalplus_base=fail;evalplus_plus=fail"",""path"":""artifacts/public_benchmark_governance/candidate_b_r003_taxonomy_v3_formal_classification_preparation_v1/classification_preparation.csv""}]",evaluation_source:return max_sum / n,tasks.jsonl#task_id=Mbpp/721,artifacts/public_benchmark_governance/candidate_b_r003_taxonomy_v3_formal_classification_preparation_v1/classification_preparation.csv#program_id=ece76238dc23e4c6ac96b346c685f1846406516726a1310a5427ae189f79cad6,taxonomy_v31_batch01_provisional_v1_static_adjudicator,2026-07-21T14:41:00+08:00,Public average uniquely falsifies denominator n vs 2n-1.,not L2
20,candidate_b_r003_taxonomy_v31_remaining101_batch01_20cell_provisional_v2,FORMALLY_FROZEN_AI_ASSISTED_PROVISIONAL_ADJUDICATION,READY_TO_FREEZE_BATCH01_20CELL_V2,20,c14c961c0f588ed2afde67691878d0c69dc285fabb7cf9946306f9f99156b37a,fb762e37725ef76332c7c76243702f91d0378326ba55e4bba0db5890ecbc0cc1,c4fef65f6be0aae7561e73b6d870b8cf4135b337f64021c18d0e75095acf4719,Mbpp/16,MBPP+,Qwen2.5-Coder-3B-Instruct/q35_9b_replay_r003,Candidate_B/H0,11,72afbc6e91a411c0673b5ec5c5e1e8c898d2c1e7d21bd68432db3ab56b4ebc5e,artifacts/public_benchmark_development/mbpp_candidate_b_development60/runs/mbpp_q35_9b_candidate_b_development60_replay_r003/h0_h1_accounts.jsonl#program_id=fb762e37725ef76332c7c76243702f91d0378326ba55e4bba0db5890ecbc0cc1;healer_account=H0,ADJUDICATED,VALID_MODEL_OUTCOME,UNRESOLVED,,"[{""note"":""public True example satisfied (digits allowed)"",""status"":""CONFIRMED"",""tag"":""public_examples_non_discriminating""},{""note"":""planning only"",""status"":""SUSPECTED"",""tag"":""return_shape_mismatch""},{""note"":""plus-fail unknown"",""status"":""CONFIRMED"",""tag"":""diagnostic_execution_required""},{""note"":""not an error"",""status"":""REJECTED"",""tag"":""entry_point_unique_candidate""}]",parseable text_lowercase_underscore → public example satisfied → plus-fail unresolved → primary=UNRESOLVED → healer=abstain,abstain,Unresolved root cause.,,,public_examples_non_discriminating_plus_fail,public assert match,failing plus case behavior,non-oracle capture of first failing plus case,LOW,"[{""kind"":""public_task"",""locator"":""task_id=Mbpp/16"",""path"":""data/mbpp_plus/tasks.jsonl""},{""kind"":""raw_generation"",""locator"":""program_id=fb762e37725ef76332c7c76243702f91d0378326ba55e4bba0db5890ecbc0cc1;healer_account=H0"",""path"":""artifacts/public_benchmark_development/mbpp_candidate_b_development60/runs/mbpp_q35_9b_candidate_b_development60_replay_r003/h0_h1_accounts.jsonl""},{""kind"":""planning_signal"",""locator"":""program_id=fb762e37725ef76332c7c76243702f91d0378326ba55e4bba0db5890ecbc0cc1"",""path"":""artifacts/public_benchmark_governance/candidate_b_r003_taxonomy_v31_remaining101_zero_execution_census_v1/static_signal_inventory.csv""},{""kind"":""batch_roster"",""locator"":""program_id=fb762e37725ef76332c7c76243702f91d0378326ba55e4bba0db5890ecbc0cc1"",""path"":""artifacts/public_benchmark_governance/candidate_b_r003_taxonomy_v31_remaining101_zero_execution_census_v1/next_adjudication_batch_roster.csv""},{""kind"":""evaluator_outcome"",""locator"":""program_id=fb762e37725ef76332c7c76243702f91d0378326ba55e4bba0db5890ecbc0cc1;evalplus_base=pass;evalplus_plus=fail"",""path"":""artifacts/public_benchmark_governance/candidate_b_r003_taxonomy_v3_formal_classification_preparation_v1/classification_preparation.csv""}]",evaluation_source:split + islower/isdigit checks,tasks.jsonl#task_id=Mbpp/16,artifacts/public_benchmark_governance/candidate_b_r003_taxonomy_v3_formal_classification_preparation_v1/classification_preparation.csv#program_id=fb762e37725ef76332c7c76243702f91d0378326ba55e4bba0db5890ecbc0cc1,taxonomy_v31_batch01_provisional_v1_static_adjudicator,2026-07-21T14:41:00+08:00,Public example matches; cannot close layer.,signal≠layer
